2025-12-24 19:09:39,265 - MMSA [INFO] - ======================================== Program Start ========================================
2025-12-24 19:09:39,324 - MMSA [INFO] - Running with args:
2025-12-24 19:09:39,324 - MMSA [INFO] - {'model_name': 'msalm', 'dataset_name': 'sims', 'featurePath': '/leonardo_work/EUHPC_A04_051/alexfil/MSA-Datasets/CH-SIMS/unaligned_39.pkl', 'seq_lens': [39, 400, 55], 'feature_dims': [768, 33, 709], 'train_samples': 1368, 'num_classes': 3, 'language': 'cn', 'KeyEval': 'Loss', 'missing_rate': [0.0, 0.0, 0.0], 'missing_seed': [1111, 1111, 1111], 'need_data_aligned': False, 'need_model_aligned': False, 'early_stop': 10, 'use_bert': False, 'use_bert_finetune': False, 'attn_mask': True, 'excludeZero': True, 'update_epochs': 8, 'use_augmentation': False, 'use_m3xup': False, 'hfPath': False, 'use_ulgm': False, 'update_labels_patience': 1, 'H': 3.0, 'del_model': True, 'max_token_len': 39, 'pad_token': '<|endoftext|>', 'lm': '/leonardo_work/EUHPC_A04_051/alexfil/gpt2-chinese-cluecorpussmall', 'use_bf16': False, 'task_out': 1, 'use_clm': True, 'gamma': 1.0, 'l_bn': 1.0, 'l_av': 1.0, 'l_t': 1.0, 'warmup_epochs': 1, 'max_epochs': 100, 'beta_1': 0.9, 'beta_2': 0.95, 'use_lnorm': True, 'rescale': False, 'rescaler': 'sqrt', 'use_seqaug': True, 'n_bn_fusion': 16, 'modded_loss': True, 'embedding_attr_name': 'transformer.wte', 'decoder_layers_attr_name': 'transformer.h', 'mmgpt': {'type': 'gpt2', 'd_out': 64, 'combine': True, 'dropout': 0.1, 'mm_layer': [5, 6, 7, 8, 9, 10, 11], 'layer_dropout': 0.0, 'dense': True, 'tie_ffn': True, 'n_embd': 768, 'bias': True, 'kv_dim': 30, 'n_head': 16, 'd_mm': 768, 'gating': 'sigmoid', 'init_gate': [0.0, 0.0, 0.0, 0.0, 0.0, 0.0, 0.0, 0.0, 0.0, 0.0], 'use_softperm': True, 'p_perm': 0.3, 'p_apply': 0.25, 'use_lora': False, 'lora': {'lora_alpha': 128, 'r': 64, 'lora_dropout': 0.05}}, 'av_enc': {'finetune': True, 'from_pretrained': True, 'path_to_pretrained': '/leonardo_work/EUHPC_A04_051/alexfil/DeepMLF-Reprod/checkpoints/bienc-sims-1990/bienc-sims-1990.pth', 'feature_dims': [768, 33, 709], 'd_enc': 30, 'n_embd': 30, 'n_head': 6, 'nlevels': 3, 'd_enc_out': 30, 'maxlen': 55, 'p_mask': 0.15, 'enc_attn_dropout': 0.1, 'enc_res_dropout': 0.1, 'enc_dropout': 0.1, 'use_softperm': True, 'p_perm': 0.2, 'mask_perm_ratio': 0.5, 'tf_fusion': False, 'use_bn': True, 'use_ln': False}, 'gpt': {'vocab_size': 50257, 'block_size': 1024, 'bias': True, 'n_embd': 1024, 'n_layer': 24, 'n_head': 16, 'dropout': 0.0}, 'batch_size': 32, 'grad_clip': 5.0, 'patience': 10, 'weight_decay_mmgpt': 0.1, 'weight_decay_av': 0.1, 'learning_rate_av': 0.0002, 'learning_rate_mmgpt': 0.0002, 'device': device(type='cuda', index=0), 'train_mode': 'regression', 'custom_feature': None, 'feature_T': '', 'feature_A': '', 'feature_V': ''}
2025-12-24 19:09:39,324 - MMSA [INFO] - Seeds: [1990, 1991, 1992, 1993, 1994]
2025-12-24 19:09:39,325 - MMSA [INFO] - ------------------------------ Running with seed 1990 [1/5] ------------------------------
2025-12-24 19:10:56,102 - MMSA [INFO] - The model has 143960347 trainable parameters
2025-12-24 19:11:03,862 - MMSA [INFO] - TRAIN-(msalm) [1/1/1] >> loss: 0.6591  Mult_acc_2: 0.5219  Mult_acc_3: 0.3896  Mult_acc_5: 0.1908  F1_score: 0.5403  MAE: 0.6590  Corr: 0.0593  clm loss: 7.6478 total loss: 11.204 bn loss: 1.1475 av loss: 0.7471 text loss: 1.0025
2025-12-24 19:11:05,393 - MMSA [INFO] - VAL-(msalm) >>  Mult_acc_2: 0.4759  Mult_acc_3: 0.3553  Mult_acc_5: 0.1623  F1_score: 0.4874  MAE: 0.6668  Corr: 0.0751  Loss: 0.6619 
2025-12-24 19:11:12,220 - MMSA [INFO] - TRAIN-(msalm) [1/2/1] >> loss: 0.6237  Mult_acc_2: 0.5585  Mult_acc_3: 0.4152  Mult_acc_5: 0.1813  F1_score: 0.5756  MAE: 0.6242  Corr: 0.1804  clm loss: 6.5726 total loss: 9.6403 bn loss: 0.876 av loss: 0.6754 text loss: 0.8925
2025-12-24 19:11:13,804 - MMSA [INFO] - VAL-(msalm) >>  Mult_acc_2: 0.5746  Mult_acc_3: 0.4474  Mult_acc_5: 0.2105  F1_score: 0.5914  MAE: 0.6152  Corr: 0.2334  Loss: 0.6235 
2025-12-24 19:11:20,595 - MMSA [INFO] - TRAIN-(msalm) [1/3/1] >> loss: 0.5776  Mult_acc_2: 0.6155  Mult_acc_3: 0.4854  Mult_acc_5: 0.2310  F1_score: 0.6300  MAE: 0.5749  Corr: 0.3264  clm loss: 5.4615 total loss: 8.1532 bn loss: 0.7161 av loss: 0.6264 text loss: 0.7716
2025-12-24 19:11:22,151 - MMSA [INFO] - VAL-(msalm) >>  Mult_acc_2: 0.5614  Mult_acc_3: 0.4452  Mult_acc_5: 0.1974  F1_score: 0.5782  MAE: 0.6056  Corr: 0.2867  Loss: 0.5992 
2025-12-24 19:11:28,910 - MMSA [INFO] - TRAIN-(msalm) [1/4/1] >> loss: 0.5876  Mult_acc_2: 0.6199  Mult_acc_3: 0.4751  Mult_acc_5: 0.2098  F1_score: 0.6335  MAE: 0.5852  Corr: 0.3118  clm loss: 4.7298 total loss: 7.2723 bn loss: 0.6421 av loss: 0.6038 text loss: 0.709
2025-12-24 19:11:30,712 - MMSA [INFO] - VAL-(msalm) >>  Mult_acc_2: 0.4539  Mult_acc_3: 0.3706  Mult_acc_5: 0.1886  F1_score: 0.4356  MAE: 0.6532  Corr: 0.3962  Loss: 0.6665 
2025-12-24 19:11:36,587 - MMSA [INFO] - TRAIN-(msalm) [2/5/1] >> loss: 0.5397  Mult_acc_2: 0.6645  Mult_acc_3: 0.5285  Mult_acc_5: 0.2449  F1_score: 0.6756  MAE: 0.5352  Corr: 0.4314  clm loss: 4.2031 total loss: 6.559 bn loss: 0.5986 av loss: 0.5859 text loss: 0.6316
2025-12-24 19:11:38,145 - MMSA [INFO] - VAL-(msalm) >>  Mult_acc_2: 0.4868  Mult_acc_3: 0.3925  Mult_acc_5: 0.2083  F1_score: 0.4726  MAE: 0.6453  Corr: 0.4556  Loss: 0.6526 
2025-12-24 19:11:44,036 - MMSA [INFO] - TRAIN-(msalm) [3/6/1] >> loss: 0.5148  Mult_acc_2: 0.7047  Mult_acc_3: 0.5811  Mult_acc_5: 0.3019  F1_score: 0.7135  MAE: 0.5055  Corr: 0.4910  clm loss: 3.9242 total loss: 6.1572 bn loss: 0.5736 av loss: 0.5673 text loss: 0.5774
2025-12-24 19:11:45,566 - MMSA [INFO] - VAL-(msalm) >>  Mult_acc_2: 0.6404  Mult_acc_3: 0.5219  Mult_acc_5: 0.2610  F1_score: 0.6546  MAE: 0.5193  Corr: 0.5107  Loss: 0.5239 
2025-12-24 19:11:52,322 - MMSA [INFO] - TRAIN-(msalm) [1/7/1] >> loss: 0.4837  Mult_acc_2: 0.7368  Mult_acc_3: 0.6155  Mult_acc_5: 0.3319  F1_score: 0.7442  MAE: 0.4657  Corr: 0.5608  clm loss: 3.8344 total loss: 5.9772 bn loss: 0.5419 av loss: 0.549 text loss: 0.5682
2025-12-24 19:11:53,881 - MMSA [INFO] - VAL-(msalm) >>  Mult_acc_2: 0.6096  Mult_acc_3: 0.5439  Mult_acc_5: 0.3136  F1_score: 0.6227  MAE: 0.5467  Corr: 0.5254  Loss: 0.5988 
2025-12-24 19:11:59,841 - MMSA [INFO] - TRAIN-(msalm) [2/8/1] >> loss: 0.4707  Mult_acc_2: 0.7420  Mult_acc_3: 0.6250  Mult_acc_5: 0.3531  F1_score: 0.7495  MAE: 0.4417  Corr: 0.6046  clm loss: 3.6805 total loss: 5.7795 bn loss: 0.5244 av loss: 0.522 text loss: 0.5819
2025-12-24 19:12:01,406 - MMSA [INFO] - VAL-(msalm) >>  Mult_acc_2: 0.6338  Mult_acc_3: 0.5614  Mult_acc_5: 0.3070  F1_score: 0.6478  MAE: 0.5094  Corr: 0.5509  Loss: 0.5345 
2025-12-24 19:12:07,380 - MMSA [INFO] - TRAIN-(msalm) [3/9/1] >> loss: 0.4611  Mult_acc_2: 0.7434  Mult_acc_3: 0.6301  Mult_acc_5: 0.3560  F1_score: 0.7486  MAE: 0.4427  Corr: 0.5937  clm loss: 3.4768 total loss: 5.5568 bn loss: 0.5389 av loss: 0.5099 text loss: 0.5701
2025-12-24 19:12:08,967 - MMSA [INFO] - VAL-(msalm) >>  Mult_acc_2: 0.7741  Mult_acc_3: 0.6272  Mult_acc_5: 0.3553  F1_score: 0.7659  MAE: 0.4537  Corr: 0.5756  Loss: 0.4793 
2025-12-24 19:12:15,822 - MMSA [INFO] - TRAIN-(msalm) [1/10/1] >> loss: 0.4625  Mult_acc_2: 0.7398  Mult_acc_3: 0.6213  Mult_acc_5: 0.3443  F1_score: 0.7452  MAE: 0.4479  Corr: 0.5887  clm loss: 3.3865 total loss: 5.4201 bn loss: 0.5307 av loss: 0.4938 text loss: 0.5466
2025-12-24 19:12:17,410 - MMSA [INFO] - VAL-(msalm) >>  Mult_acc_2: 0.7807  Mult_acc_3: 0.6316  Mult_acc_5: 0.3794  F1_score: 0.7680  MAE: 0.4546  Corr: 0.5886  Loss: 0.4851 
2025-12-24 19:12:23,431 - MMSA [INFO] - TRAIN-(msalm) [2/11/1] >> loss: 0.4494  Mult_acc_2: 0.7654  Mult_acc_3: 0.6586  Mult_acc_5: 0.3538  F1_score: 0.7703  MAE: 0.4297  Corr: 0.6292  clm loss: 3.3117 total loss: 5.3137 bn loss: 0.5219 av loss: 0.4803 text loss: 0.5505
2025-12-24 19:12:25,361 - MMSA [INFO] - VAL-(msalm) >>  Mult_acc_2: 0.6996  Mult_acc_3: 0.6053  Mult_acc_5: 0.3553  F1_score: 0.7109  MAE: 0.4505  Corr: 0.5958  Loss: 0.4767 
2025-12-24 19:12:32,237 - MMSA [INFO] - TRAIN-(msalm) [1/12/1] >> loss: 0.4325  Mult_acc_2: 0.7661  Mult_acc_3: 0.6608  Mult_acc_5: 0.3750  F1_score: 0.7696  MAE: 0.4133  Corr: 0.6443  clm loss: 3.2979 total loss: 5.2342 bn loss: 0.5062 av loss: 0.4758 text loss: 0.5218
2025-12-24 19:12:33,875 - MMSA [INFO] - VAL-(msalm) >>  Mult_acc_2: 0.6623  Mult_acc_3: 0.5680  Mult_acc_5: 0.3246  F1_score: 0.6755  MAE: 0.4740  Corr: 0.5929  Loss: 0.4983 
2025-12-24 19:12:39,870 - MMSA [INFO] - TRAIN-(msalm) [2/13/1] >> loss: 0.4133  Mult_acc_2: 0.7734  Mult_acc_3: 0.6732  Mult_acc_5: 0.3991  F1_score: 0.7770  MAE: 0.3949  Corr: 0.6750  clm loss: 3.215 total loss: 5.1074 bn loss: 0.493 av loss: 0.474 text loss: 0.5122
2025-12-24 19:12:41,472 - MMSA [INFO] - VAL-(msalm) >>  Mult_acc_2: 0.7105  Mult_acc_3: 0.6140  Mult_acc_5: 0.3596  F1_score: 0.7200  MAE: 0.4353  Corr: 0.6011  Loss: 0.4451 
2025-12-24 19:12:48,282 - MMSA [INFO] - TRAIN-(msalm) [1/14/1] >> loss: 0.4106  Mult_acc_2: 0.7865  Mult_acc_3: 0.6703  Mult_acc_5: 0.3947  F1_score: 0.7890  MAE: 0.3968  Corr: 0.6764  clm loss: 3.2086 total loss: 5.0642 bn loss: 0.4666 av loss: 0.4702 text loss: 0.5082
2025-12-24 19:12:49,984 - MMSA [INFO] - VAL-(msalm) >>  Mult_acc_2: 0.7259  Mult_acc_3: 0.6316  Mult_acc_5: 0.3925  F1_score: 0.7347  MAE: 0.4235  Corr: 0.6172  Loss: 0.4368 
2025-12-24 19:12:56,811 - MMSA [INFO] - TRAIN-(msalm) [1/15/1] >> loss: 0.3991  Mult_acc_2: 0.7902  Mult_acc_3: 0.6630  Mult_acc_5: 0.4108  F1_score: 0.7926  MAE: 0.3791  Corr: 0.7006  clm loss: 3.1959 total loss: 4.9888 bn loss: 0.4367 av loss: 0.466 text loss: 0.491
2025-12-24 19:12:58,382 - MMSA [INFO] - VAL-(msalm) >>  Mult_acc_2: 0.7346  Mult_acc_3: 0.6469  Mult_acc_5: 0.4057  F1_score: 0.7423  MAE: 0.4109  Corr: 0.6288  Loss: 0.4404 
2025-12-24 19:13:04,405 - MMSA [INFO] - TRAIN-(msalm) [2/16/1] >> loss: 0.3968  Mult_acc_2: 0.8034  Mult_acc_3: 0.6996  Mult_acc_5: 0.4159  F1_score: 0.8057  MAE: 0.3758  Corr: 0.7031  clm loss: 3.1779 total loss: 4.9478 bn loss: 0.428 av loss: 0.4616 text loss: 0.4835
2025-12-24 19:13:06,039 - MMSA [INFO] - VAL-(msalm) >>  Mult_acc_2: 0.7171  Mult_acc_3: 0.6447  Mult_acc_5: 0.4057  F1_score: 0.7275  MAE: 0.4158  Corr: 0.6421  Loss: 0.4297 
2025-12-24 19:13:12,795 - MMSA [INFO] - TRAIN-(msalm) [1/17/1] >> loss: 0.3858  Mult_acc_2: 0.8151  Mult_acc_3: 0.6966  Mult_acc_5: 0.4262  F1_score: 0.8171  MAE: 0.3682  Corr: 0.7200  clm loss: 3.1455 total loss: 4.8745 bn loss: 0.4183 av loss: 0.4621 text loss: 0.4628
2025-12-24 19:13:14,460 - MMSA [INFO] - VAL-(msalm) >>  Mult_acc_2: 0.7171  Mult_acc_3: 0.6404  Mult_acc_5: 0.3882  F1_score: 0.7274  MAE: 0.4199  Corr: 0.6421  Loss: 0.4233 
2025-12-24 19:13:21,319 - MMSA [INFO] - TRAIN-(msalm) [1/18/1] >> loss: 0.3741  Mult_acc_2: 0.8056  Mult_acc_3: 0.6959  Mult_acc_5: 0.4298  F1_score: 0.8086  MAE: 0.3596  Corr: 0.7307  clm loss: 3.1587 total loss: 4.8775 bn loss: 0.4087 av loss: 0.461 text loss: 0.475
2025-12-24 19:13:22,847 - MMSA [INFO] - VAL-(msalm) >>  Mult_acc_2: 0.7632  Mult_acc_3: 0.6711  Mult_acc_5: 0.4276  F1_score: 0.7685  MAE: 0.3991  Corr: 0.6489  Loss: 0.4245 
2025-12-24 19:13:28,766 - MMSA [INFO] - TRAIN-(msalm) [2/19/1] >> loss: 0.373  Mult_acc_2: 0.8136  Mult_acc_3: 0.7120  Mult_acc_5: 0.4393  F1_score: 0.8167  MAE: 0.3531  Corr: 0.7313  clm loss: 3.1766 total loss: 4.8643 bn loss: 0.4005 av loss: 0.4589 text loss: 0.4553
2025-12-24 19:13:30,314 - MMSA [INFO] - VAL-(msalm) >>  Mult_acc_2: 0.7456  Mult_acc_3: 0.6667  Mult_acc_5: 0.4232  F1_score: 0.7537  MAE: 0.3982  Corr: 0.6496  Loss: 0.4275 
2025-12-24 19:13:36,231 - MMSA [INFO] - TRAIN-(msalm) [3/20/1] >> loss: 0.3663  Mult_acc_2: 0.8114  Mult_acc_3: 0.7142  Mult_acc_5: 0.4320  F1_score: 0.8141  MAE: 0.3485  Corr: 0.7467  clm loss: 3.1146 total loss: 4.7897 bn loss: 0.3981 av loss: 0.4536 text loss: 0.457
2025-12-24 19:13:37,764 - MMSA [INFO] - VAL-(msalm) >>  Mult_acc_2: 0.7588  Mult_acc_3: 0.6623  Mult_acc_5: 0.4101  F1_score: 0.7668  MAE: 0.3976  Corr: 0.6631  Loss: 0.4091 
2025-12-24 19:13:44,525 - MMSA [INFO] - TRAIN-(msalm) [1/21/1] >> loss: 0.3641  Mult_acc_2: 0.8165  Mult_acc_3: 0.7171  Mult_acc_5: 0.4547  F1_score: 0.8191  MAE: 0.3509  Corr: 0.7449  clm loss: 3.0609 total loss: 4.727 bn loss: 0.3894 av loss: 0.4648 text loss: 0.4479
2025-12-24 19:13:46,079 - MMSA [INFO] - VAL-(msalm) >>  Mult_acc_2: 0.7763  Mult_acc_3: 0.6645  Mult_acc_5: 0.4276  F1_score: 0.7822  MAE: 0.3881  Corr: 0.6722  Loss: 0.4107 
2025-12-24 19:13:51,973 - MMSA [INFO] - TRAIN-(msalm) [2/22/1] >> loss: 0.3454  Mult_acc_2: 0.8180  Mult_acc_3: 0.7281  Mult_acc_5: 0.4722  F1_score: 0.8220  MAE: 0.3261  Corr: 0.7693  clm loss: 3.0157 total loss: 4.6293 bn loss: 0.3798 av loss: 0.4557 text loss: 0.4328
2025-12-24 19:13:53,603 - MMSA [INFO] - VAL-(msalm) >>  Mult_acc_2: 0.7193  Mult_acc_3: 0.6491  Mult_acc_5: 0.4167  F1_score: 0.7304  MAE: 0.4058  Corr: 0.6687  Loss: 0.4254 
2025-12-24 19:13:59,485 - MMSA [INFO] - TRAIN-(msalm) [3/23/1] >> loss: 0.3423  Mult_acc_2: 0.8319  Mult_acc_3: 0.7317  Mult_acc_5: 0.4795  F1_score: 0.8352  MAE: 0.3243  Corr: 0.7815  clm loss: 3.0084 total loss: 4.6006 bn loss: 0.3709 av loss: 0.4541 text loss: 0.4249
2025-12-24 19:14:01,029 - MMSA [INFO] - VAL-(msalm) >>  Mult_acc_2: 0.7412  Mult_acc_3: 0.6645  Mult_acc_5: 0.4189  F1_score: 0.7509  MAE: 0.3974  Corr: 0.6681  Loss: 0.4145 
2025-12-24 19:14:06,918 - MMSA [INFO] - TRAIN-(msalm) [4/24/1] >> loss: 0.3335  Mult_acc_2: 0.8224  Mult_acc_3: 0.7295  Mult_acc_5: 0.4737  F1_score: 0.8252  MAE: 0.3242  Corr: 0.7860  clm loss: 3.034 total loss: 4.6533 bn loss: 0.3715 av loss: 0.4611 text loss: 0.4532
2025-12-24 19:14:08,461 - MMSA [INFO] - VAL-(msalm) >>  Mult_acc_2: 0.7697  Mult_acc_3: 0.6601  Mult_acc_5: 0.4101  F1_score: 0.7764  MAE: 0.3893  Corr: 0.6709  Loss: 0.3938 
2025-12-24 19:14:15,296 - MMSA [INFO] - TRAIN-(msalm) [1/25/1] >> loss: 0.3214  Mult_acc_2: 0.8238  Mult_acc_3: 0.7456  Mult_acc_5: 0.4854  F1_score: 0.8283  MAE: 0.3089  Corr: 0.7991  clm loss: 2.9691 total loss: 4.5338 bn loss: 0.3594 av loss: 0.4576 text loss: 0.4263
2025-12-24 19:14:16,828 - MMSA [INFO] - VAL-(msalm) >>  Mult_acc_2: 0.7325  Mult_acc_3: 0.6601  Mult_acc_5: 0.4211  F1_score: 0.7427  MAE: 0.3965  Corr: 0.6659  Loss: 0.4040 
2025-12-24 19:14:22,709 - MMSA [INFO] - TRAIN-(msalm) [2/26/1] >> loss: 0.3137  Mult_acc_2: 0.8260  Mult_acc_3: 0.7493  Mult_acc_5: 0.5132  F1_score: 0.8302  MAE: 0.3017  Corr: 0.8050  clm loss: 2.9292 total loss: 4.4432 bn loss: 0.3477 av loss: 0.4519 text loss: 0.4008
2025-12-24 19:14:24,329 - MMSA [INFO] - VAL-(msalm) >>  Mult_acc_2: 0.7390  Mult_acc_3: 0.6601  Mult_acc_5: 0.4232  F1_score: 0.7490  MAE: 0.3962  Corr: 0.6644  Loss: 0.4230 
2025-12-24 19:14:30,227 - MMSA [INFO] - TRAIN-(msalm) [3/27/1] >> loss: 0.3177  Mult_acc_2: 0.8319  Mult_acc_3: 0.7390  Mult_acc_5: 0.4810  F1_score: 0.8354  MAE: 0.3050  Corr: 0.8078  clm loss: 2.9408 total loss: 4.4458 bn loss: 0.3407 av loss: 0.4506 text loss: 0.396
2025-12-24 19:14:31,753 - MMSA [INFO] - VAL-(msalm) >>  Mult_acc_2: 0.7325  Mult_acc_3: 0.6579  Mult_acc_5: 0.4320  F1_score: 0.7429  MAE: 0.3950  Corr: 0.6701  Loss: 0.4048 
2025-12-24 19:14:37,651 - MMSA [INFO] - TRAIN-(msalm) [4/28/1] >> loss: 0.3135  Mult_acc_2: 0.8406  Mult_acc_3: 0.7442  Mult_acc_5: 0.4963  F1_score: 0.8435  MAE: 0.3049  Corr: 0.8113  clm loss: 2.8937 total loss: 4.3712 bn loss: 0.3342 av loss: 0.4533 text loss: 0.3766
2025-12-24 19:14:39,202 - MMSA [INFO] - VAL-(msalm) >>  Mult_acc_2: 0.7522  Mult_acc_3: 0.6579  Mult_acc_5: 0.4079  F1_score: 0.7612  MAE: 0.3883  Corr: 0.6725  Loss: 0.4006 
2025-12-24 19:14:45,114 - MMSA [INFO] - TRAIN-(msalm) [5/29/1] >> loss: 0.2983  Mult_acc_2: 0.8355  Mult_acc_3: 0.7544  Mult_acc_5: 0.5190  F1_score: 0.8397  MAE: 0.2854  Corr: 0.8267  clm loss: 2.8787 total loss: 4.3441 bn loss: 0.3283 av loss: 0.4514 text loss: 0.3873
2025-12-24 19:14:46,710 - MMSA [INFO] - VAL-(msalm) >>  Mult_acc_2: 0.7654  Mult_acc_3: 0.6667  Mult_acc_5: 0.4320  F1_score: 0.7736  MAE: 0.3851  Corr: 0.6758  Loss: 0.3975 
2025-12-24 19:14:52,597 - MMSA [INFO] - TRAIN-(msalm) [6/30/1] >> loss: 0.295  Mult_acc_2: 0.8319  Mult_acc_3: 0.7610  Mult_acc_5: 0.5256  F1_score: 0.8360  MAE: 0.2770  Corr: 0.8350  clm loss: 2.8848 total loss: 4.3346 bn loss: 0.3261 av loss: 0.4506 text loss: 0.378
2025-12-24 19:14:54,132 - MMSA [INFO] - VAL-(msalm) >>  Mult_acc_2: 0.7697  Mult_acc_3: 0.6711  Mult_acc_5: 0.4145  F1_score: 0.7773  MAE: 0.3870  Corr: 0.6719  Loss: 0.3998 
2025-12-24 19:15:00,030 - MMSA [INFO] - TRAIN-(msalm) [7/31/1] >> loss: 0.2851  Mult_acc_2: 0.8582  Mult_acc_3: 0.7749  Mult_acc_5: 0.5468  F1_score: 0.8607  MAE: 0.2745  Corr: 0.8406  clm loss: 2.8499 total loss: 4.2881 bn loss: 0.3288 av loss: 0.4557 text loss: 0.3685
2025-12-24 19:15:01,562 - MMSA [INFO] - VAL-(msalm) >>  Mult_acc_2: 0.7917  Mult_acc_3: 0.6886  Mult_acc_5: 0.4101  F1_score: 0.7960  MAE: 0.3895  Corr: 0.6687  Loss: 0.4036 
2025-12-24 19:15:07,592 - MMSA [INFO] - TRAIN-(msalm) [8/32/1] >> loss: 0.2798  Mult_acc_2: 0.8545  Mult_acc_3: 0.7690  Mult_acc_5: 0.5461  F1_score: 0.8568  MAE: 0.2697  Corr: 0.8483  clm loss: 2.8039 total loss: 4.2095 bn loss: 0.3164 av loss: 0.4485 text loss: 0.3609
2025-12-24 19:15:09,150 - MMSA [INFO] - VAL-(msalm) >>  Mult_acc_2: 0.8048  Mult_acc_3: 0.6864  Mult_acc_5: 0.4298  F1_score: 0.8081  MAE: 0.3874  Corr: 0.6682  Loss: 0.4238 
2025-12-24 19:15:15,034 - MMSA [INFO] - TRAIN-(msalm) [9/33/1] >> loss: 0.2766  Mult_acc_2: 0.8501  Mult_acc_3: 0.7646  Mult_acc_5: 0.5607  F1_score: 0.8537  MAE: 0.2572  Corr: 0.8595  clm loss: 2.8033 total loss: 4.1927 bn loss: 0.3003 av loss: 0.4506 text loss: 0.362
2025-12-24 19:15:16,567 - MMSA [INFO] - VAL-(msalm) >>  Mult_acc_2: 0.7610  Mult_acc_3: 0.6623  Mult_acc_5: 0.4189  F1_score: 0.7695  MAE: 0.3919  Corr: 0.6692  Loss: 0.4078 
2025-12-24 19:15:22,445 - MMSA [INFO] - TRAIN-(msalm) [10/34/1] >> loss: 0.2557  Mult_acc_2: 0.8626  Mult_acc_3: 0.7865  Mult_acc_5: 0.6016  F1_score: 0.8658  MAE: 0.2378  Corr: 0.8755  clm loss: 2.7304 total loss: 4.0895 bn loss: 0.2912 av loss: 0.4569 text loss: 0.3552
2025-12-24 19:15:23,984 - MMSA [INFO] - VAL-(msalm) >>  Mult_acc_2: 0.7456  Mult_acc_3: 0.6601  Mult_acc_5: 0.4123  F1_score: 0.7549  MAE: 0.3945  Corr: 0.6645  Loss: 0.3956 
2025-12-24 19:15:25,899 - MMSA [INFO] - TEST-(msalm) >>  Mult_acc_2: 0.8293  Mult_acc_3: 0.7046  Mult_acc_5: 0.4551  F1_score: 0.8322  MAE: 0.3681  Corr: 0.7058  Loss: 0.3856 
2025-12-24 19:15:27,173 - MMSA [INFO] - Result for seed 1990: {'Mult_acc_2': 0.8293, 'Mult_acc_3': 0.7046, 'Mult_acc_5': 0.4551, 'F1_score': 0.8322, 'MAE': 0.3681, 'Corr': 0.7058, 'Loss': 0.3856, 'seed': 1990}
2025-12-24 19:15:27,174 - MMSA [INFO] - ------------------------------ Running with seed 1991 [2/5] ------------------------------
2025-12-24 19:16:42,572 - MMSA [INFO] - The model has 143960347 trainable parameters
2025-12-24 19:16:48,462 - MMSA [INFO] - TRAIN-(msalm) [1/1/2] >> loss: 0.6385  Mult_acc_2: 0.5694  Mult_acc_3: 0.4211  Mult_acc_5: 0.1908  F1_score: 0.5783  MAE: 0.6372  Corr: 0.0456  clm loss: 7.5984 total loss: 10.5954 bn loss: 0.8741 av loss: 0.5788 text loss: 0.9056
2025-12-24 19:16:50,057 - MMSA [INFO] - VAL-(msalm) >>  Mult_acc_2: 0.5680  Mult_acc_3: 0.4430  Mult_acc_5: 0.2018  F1_score: 0.5790  MAE: 0.6133  Corr: 0.1151  Loss: 0.6076 
2025-12-24 19:16:56,932 - MMSA [INFO] - TRAIN-(msalm) [1/2/2] >> loss: 0.6042  Mult_acc_2: 0.6089  Mult_acc_3: 0.4488  Mult_acc_5: 0.2091  F1_score: 0.6153  MAE: 0.6030  Corr: 0.1675  clm loss: 6.325 total loss: 8.9193 bn loss: 0.6992 av loss: 0.5556 text loss: 0.7354
2025-12-24 19:16:58,470 - MMSA [INFO] - VAL-(msalm) >>  Mult_acc_2: 0.6535  Mult_acc_3: 0.4803  Mult_acc_5: 0.1952  F1_score: 0.6585  MAE: 0.5660  Corr: 0.3069  Loss: 0.5737 
2025-12-24 19:17:05,290 - MMSA [INFO] - TRAIN-(msalm) [1/3/2] >> loss: 0.5493  Mult_acc_2: 0.6630  Mult_acc_3: 0.5234  Mult_acc_5: 0.2646  F1_score: 0.6695  MAE: 0.5456  Corr: 0.3615  clm loss: 5.1025 total loss: 7.4333 bn loss: 0.6038 av loss: 0.5255 text loss: 0.6522
2025-12-24 19:17:06,835 - MMSA [INFO] - VAL-(msalm) >>  Mult_acc_2: 0.7171  Mult_acc_3: 0.5570  Mult_acc_5: 0.2149  F1_score: 0.7190  MAE: 0.5154  Corr: 0.4824  Loss: 0.5078 
2025-12-24 19:17:13,654 - MMSA [INFO] - TRAIN-(msalm) [1/4/2] >> loss: 0.5029  Mult_acc_2: 0.7237  Mult_acc_3: 0.5877  Mult_acc_5: 0.3026  F1_score: 0.7283  MAE: 0.4935  Corr: 0.4989  clm loss: 4.3486 total loss: 6.5259 bn loss: 0.5581 av loss: 0.5162 text loss: 0.6002
2025-12-24 19:17:15,269 - MMSA [INFO] - VAL-(msalm) >>  Mult_acc_2: 0.7390  Mult_acc_3: 0.6096  Mult_acc_5: 0.3553  F1_score: 0.7398  MAE: 0.4803  Corr: 0.5342  Loss: 0.5131 
2025-12-24 19:17:21,175 - MMSA [INFO] - TRAIN-(msalm) [2/5/2] >> loss: 0.4964  Mult_acc_2: 0.7310  Mult_acc_3: 0.6213  Mult_acc_5: 0.3472  F1_score: 0.7362  MAE: 0.4765  Corr: 0.5403  clm loss: 3.9683 total loss: 6.0998 bn loss: 0.5457 av loss: 0.5002 text loss: 0.5891
2025-12-24 19:17:22,715 - MMSA [INFO] - VAL-(msalm) >>  Mult_acc_2: 0.7588  Mult_acc_3: 0.6162  Mult_acc_5: 0.3794  F1_score: 0.7550  MAE: 0.4670  Corr: 0.5550  Loss: 0.5003 
2025-12-24 19:17:29,483 - MMSA [INFO] - TRAIN-(msalm) [1/6/2] >> loss: 0.4899  Mult_acc_2: 0.7376  Mult_acc_3: 0.6199  Mult_acc_5: 0.3392  F1_score: 0.7419  MAE: 0.4691  Corr: 0.5400  clm loss: 3.7162 total loss: 5.8134 bn loss: 0.5236 av loss: 0.4919 text loss: 0.5918
2025-12-24 19:17:31,034 - MMSA [INFO] - VAL-(msalm) >>  Mult_acc_2: 0.7697  Mult_acc_3: 0.6228  Mult_acc_5: 0.3618  F1_score: 0.7576  MAE: 0.4641  Corr: 0.5739  Loss: 0.4881 
2025-12-24 19:17:37,806 - MMSA [INFO] - TRAIN-(msalm) [1/7/2] >> loss: 0.4639  Mult_acc_2: 0.7558  Mult_acc_3: 0.6396  Mult_acc_5: 0.3472  F1_score: 0.7572  MAE: 0.4471  Corr: 0.5856  clm loss: 3.55 total loss: 5.6056 bn loss: 0.5128 av loss: 0.4848 text loss: 0.594
2025-12-24 19:17:39,422 - MMSA [INFO] - VAL-(msalm) >>  Mult_acc_2: 0.7346  Mult_acc_3: 0.6206  Mult_acc_5: 0.3399  F1_score: 0.7349  MAE: 0.4489  Corr: 0.5802  Loss: 0.4617 
2025-12-24 19:17:46,326 - MMSA [INFO] - TRAIN-(msalm) [1/8/2] >> loss: 0.4585  Mult_acc_2: 0.7515  Mult_acc_3: 0.6301  Mult_acc_5: 0.3553  F1_score: 0.7557  MAE: 0.4405  Corr: 0.6000  clm loss: 3.409 total loss: 5.4133 bn loss: 0.4984 av loss: 0.4789 text loss: 0.5685
2025-12-24 19:17:47,864 - MMSA [INFO] - VAL-(msalm) >>  Mult_acc_2: 0.7588  Mult_acc_3: 0.6316  Mult_acc_5: 0.3772  F1_score: 0.7593  MAE: 0.4453  Corr: 0.5744  Loss: 0.4563 
2025-12-24 19:17:54,626 - MMSA [INFO] - TRAIN-(msalm) [1/9/2] >> loss: 0.4586  Mult_acc_2: 0.7639  Mult_acc_3: 0.6411  Mult_acc_5: 0.3618  F1_score: 0.7665  MAE: 0.4417  Corr: 0.5906  clm loss: 3.3566 total loss: 5.3475 bn loss: 0.4926 av loss: 0.4777 text loss: 0.5621
2025-12-24 19:17:56,174 - MMSA [INFO] - VAL-(msalm) >>  Mult_acc_2: 0.6754  Mult_acc_3: 0.5877  Mult_acc_5: 0.3333  F1_score: 0.6877  MAE: 0.4662  Corr: 0.5846  Loss: 0.4830 
2025-12-24 19:18:02,065 - MMSA [INFO] - TRAIN-(msalm) [2/10/2] >> loss: 0.4395  Mult_acc_2: 0.7675  Mult_acc_3: 0.6447  Mult_acc_5: 0.3692  F1_score: 0.7693  MAE: 0.4202  Corr: 0.6298  clm loss: 3.2792 total loss: 5.2074 bn loss: 0.4811 av loss: 0.4682 text loss: 0.5395
2025-12-24 19:18:03,620 - MMSA [INFO] - VAL-(msalm) >>  Mult_acc_2: 0.7237  Mult_acc_3: 0.6294  Mult_acc_5: 0.3750  F1_score: 0.7309  MAE: 0.4317  Corr: 0.6110  Loss: 0.4476 
2025-12-24 19:18:10,405 - MMSA [INFO] - TRAIN-(msalm) [1/11/2] >> loss: 0.4202  Mult_acc_2: 0.7705  Mult_acc_3: 0.6608  Mult_acc_5: 0.3904  F1_score: 0.7732  MAE: 0.4042  Corr: 0.6590  clm loss: 3.2638 total loss: 5.1603 bn loss: 0.4834 av loss: 0.47 text loss: 0.5228
2025-12-24 19:18:12,049 - MMSA [INFO] - VAL-(msalm) >>  Mult_acc_2: 0.7083  Mult_acc_3: 0.6075  Mult_acc_5: 0.3487  F1_score: 0.7189  MAE: 0.4354  Corr: 0.6301  Loss: 0.4569 
2025-12-24 19:18:17,960 - MMSA [INFO] - TRAIN-(msalm) [2/12/2] >> loss: 0.4318  Mult_acc_2: 0.7697  Mult_acc_3: 0.6469  Mult_acc_5: 0.3648  F1_score: 0.7727  MAE: 0.4122  Corr: 0.6394  clm loss: 3.2419 total loss: 5.1399 bn loss: 0.4756 av loss: 0.4738 text loss: 0.5168
2025-12-24 19:18:19,539 - MMSA [INFO] - VAL-(msalm) >>  Mult_acc_2: 0.6513  Mult_acc_3: 0.5614  Mult_acc_5: 0.2939  F1_score: 0.6637  MAE: 0.4855  Corr: 0.6267  Loss: 0.5098 
2025-12-24 19:18:25,435 - MMSA [INFO] - TRAIN-(msalm) [3/13/2] >> loss: 0.4062  Mult_acc_2: 0.7792  Mult_acc_3: 0.6564  Mult_acc_5: 0.3991  F1_score: 0.7822  MAE: 0.3861  Corr: 0.6875  clm loss: 3.1835 total loss: 5.0239 bn loss: 0.4688 av loss: 0.4651 text loss: 0.5003
2025-12-24 19:18:26,992 - MMSA [INFO] - VAL-(msalm) >>  Mult_acc_2: 0.6667  Mult_acc_3: 0.5855  Mult_acc_5: 0.3333  F1_score: 0.6793  MAE: 0.4711  Corr: 0.6289  Loss: 0.4985 
2025-12-24 19:18:32,882 - MMSA [INFO] - TRAIN-(msalm) [4/14/2] >> loss: 0.4056  Mult_acc_2: 0.7895  Mult_acc_3: 0.6762  Mult_acc_5: 0.4013  F1_score: 0.7917  MAE: 0.3879  Corr: 0.6756  clm loss: 3.1911 total loss: 5.0084 bn loss: 0.4569 av loss: 0.4616 text loss: 0.4933
2025-12-24 19:18:34,446 - MMSA [INFO] - VAL-(msalm) >>  Mult_acc_2: 0.7171  Mult_acc_3: 0.6272  Mult_acc_5: 0.3553  F1_score: 0.7278  MAE: 0.4300  Corr: 0.6425  Loss: 0.4609 
2025-12-24 19:18:40,540 - MMSA [INFO] - TRAIN-(msalm) [5/15/2] >> loss: 0.399  Mult_acc_2: 0.7873  Mult_acc_3: 0.6842  Mult_acc_5: 0.4013  F1_score: 0.7903  MAE: 0.3809  Corr: 0.7026  clm loss: 3.1745 total loss: 4.9667 bn loss: 0.4515 av loss: 0.4631 text loss: 0.4785
2025-12-24 19:18:42,100 - MMSA [INFO] - VAL-(msalm) >>  Mult_acc_2: 0.6886  Mult_acc_3: 0.5921  Mult_acc_5: 0.3289  F1_score: 0.7009  MAE: 0.4611  Corr: 0.6342  Loss: 0.4872 
2025-12-24 19:18:48,002 - MMSA [INFO] - TRAIN-(msalm) [6/16/2] >> loss: 0.3886  Mult_acc_2: 0.7997  Mult_acc_3: 0.6864  Mult_acc_5: 0.4262  F1_score: 0.8024  MAE: 0.3723  Corr: 0.7098  clm loss: 3.1291 total loss: 4.8907 bn loss: 0.4386 av loss: 0.4622 text loss: 0.4722
2025-12-24 19:18:49,618 - MMSA [INFO] - VAL-(msalm) >>  Mult_acc_2: 0.7193  Mult_acc_3: 0.6228  Mult_acc_5: 0.3662  F1_score: 0.7299  MAE: 0.4260  Corr: 0.6427  Loss: 0.4567 
2025-12-24 19:18:55,514 - MMSA [INFO] - TRAIN-(msalm) [7/17/2] >> loss: 0.3806  Mult_acc_2: 0.7968  Mult_acc_3: 0.6952  Mult_acc_5: 0.4247  F1_score: 0.7982  MAE: 0.3636  Corr: 0.7251  clm loss: 3.1025 total loss: 4.8447 bn loss: 0.4256 av loss: 0.4574 text loss: 0.4785
2025-12-24 19:18:57,070 - MMSA [INFO] - VAL-(msalm) >>  Mult_acc_2: 0.7325  Mult_acc_3: 0.6425  Mult_acc_5: 0.3882  F1_score: 0.7412  MAE: 0.4071  Corr: 0.6546  Loss: 0.4318 
2025-12-24 19:19:03,833 - MMSA [INFO] - TRAIN-(msalm) [1/18/2] >> loss: 0.3757  Mult_acc_2: 0.7997  Mult_acc_3: 0.6944  Mult_acc_5: 0.4276  F1_score: 0.8028  MAE: 0.3592  Corr: 0.7304  clm loss: 3.0781 total loss: 4.7752 bn loss: 0.4147 av loss: 0.4533 text loss: 0.4534
2025-12-24 19:19:05,400 - MMSA [INFO] - VAL-(msalm) >>  Mult_acc_2: 0.7478  Mult_acc_3: 0.6645  Mult_acc_5: 0.4079  F1_score: 0.7545  MAE: 0.3951  Corr: 0.6646  Loss: 0.4288 
2025-12-24 19:19:12,172 - MMSA [INFO] - TRAIN-(msalm) [1/19/2] >> loss: 0.3723  Mult_acc_2: 0.8004  Mult_acc_3: 0.6923  Mult_acc_5: 0.4408  F1_score: 0.8029  MAE: 0.3532  Corr: 0.7315  clm loss: 3.0671 total loss: 4.7762 bn loss: 0.413 av loss: 0.4592 text loss: 0.4645
2025-12-24 19:19:13,718 - MMSA [INFO] - VAL-(msalm) >>  Mult_acc_2: 0.7829  Mult_acc_3: 0.6754  Mult_acc_5: 0.4167  F1_score: 0.7855  MAE: 0.3899  Corr: 0.6628  Loss: 0.4178 
2025-12-24 19:19:20,494 - MMSA [INFO] - TRAIN-(msalm) [1/20/2] >> loss: 0.3644  Mult_acc_2: 0.8070  Mult_acc_3: 0.7105  Mult_acc_5: 0.4561  F1_score: 0.8100  MAE: 0.3482  Corr: 0.7477  clm loss: 3.0631 total loss: 4.773 bn loss: 0.4274 av loss: 0.4605 text loss: 0.4576
2025-12-24 19:19:22,037 - MMSA [INFO] - VAL-(msalm) >>  Mult_acc_2: 0.7741  Mult_acc_3: 0.6623  Mult_acc_5: 0.4057  F1_score: 0.7785  MAE: 0.3875  Corr: 0.6655  Loss: 0.4157 
2025-12-24 19:19:29,069 - MMSA [INFO] - TRAIN-(msalm) [1/21/2] >> loss: 0.3595  Mult_acc_2: 0.8187  Mult_acc_3: 0.7208  Mult_acc_5: 0.4788  F1_score: 0.8205  MAE: 0.3373  Corr: 0.7566  clm loss: 3.0074 total loss: 4.7066 bn loss: 0.4118 av loss: 0.4548 text loss: 0.473
2025-12-24 19:19:30,613 - MMSA [INFO] - VAL-(msalm) >>  Mult_acc_2: 0.7632  Mult_acc_3: 0.6535  Mult_acc_5: 0.3925  F1_score: 0.7685  MAE: 0.3893  Corr: 0.6663  Loss: 0.4084 
2025-12-24 19:19:37,380 - MMSA [INFO] - TRAIN-(msalm) [1/22/2] >> loss: 0.3483  Mult_acc_2: 0.8363  Mult_acc_3: 0.7346  Mult_acc_5: 0.4700  F1_score: 0.8389  MAE: 0.3282  Corr: 0.7711  clm loss: 2.9912 total loss: 4.6505 bn loss: 0.383 av loss: 0.454 text loss: 0.4741
2025-12-24 19:19:39,020 - MMSA [INFO] - VAL-(msalm) >>  Mult_acc_2: 0.7193  Mult_acc_3: 0.6447  Mult_acc_5: 0.3882  F1_score: 0.7299  MAE: 0.4146  Corr: 0.6533  Loss: 0.4362 
2025-12-24 19:19:44,933 - MMSA [INFO] - TRAIN-(msalm) [2/23/2] >> loss: 0.3312  Mult_acc_2: 0.8370  Mult_acc_3: 0.7442  Mult_acc_5: 0.4854  F1_score: 0.8388  MAE: 0.3140  Corr: 0.7929  clm loss: 2.975 total loss: 4.5646 bn loss: 0.3719 av loss: 0.4543 text loss: 0.4323
2025-12-24 19:19:46,488 - MMSA [INFO] - VAL-(msalm) >>  Mult_acc_2: 0.7390  Mult_acc_3: 0.6535  Mult_acc_5: 0.4101  F1_score: 0.7475  MAE: 0.4016  Corr: 0.6553  Loss: 0.4191 
2025-12-24 19:19:52,372 - MMSA [INFO] - TRAIN-(msalm) [3/24/2] >> loss: 0.3409  Mult_acc_2: 0.8180  Mult_acc_3: 0.7244  Mult_acc_5: 0.4876  F1_score: 0.8209  MAE: 0.3207  Corr: 0.7811  clm loss: 2.9641 total loss: 4.5461 bn loss: 0.3659 av loss: 0.4448 text loss: 0.4304
2025-12-24 19:19:54,018 - MMSA [INFO] - VAL-(msalm) >>  Mult_acc_2: 0.7390  Mult_acc_3: 0.6469  Mult_acc_5: 0.4167  F1_score: 0.7483  MAE: 0.4063  Corr: 0.6530  Loss: 0.4222 
2025-12-24 19:19:59,931 - MMSA [INFO] - TRAIN-(msalm) [4/25/2] >> loss: 0.332  Mult_acc_2: 0.8363  Mult_acc_3: 0.7354  Mult_acc_5: 0.4854  F1_score: 0.8387  MAE: 0.3142  Corr: 0.7934  clm loss: 2.9439 total loss: 4.518 bn loss: 0.3688 av loss: 0.4493 text loss: 0.4241
2025-12-24 19:20:01,475 - MMSA [INFO] - VAL-(msalm) >>  Mult_acc_2: 0.7478  Mult_acc_3: 0.6579  Mult_acc_5: 0.4123  F1_score: 0.7565  MAE: 0.4077  Corr: 0.6479  Loss: 0.4398 
2025-12-24 19:20:07,351 - MMSA [INFO] - TRAIN-(msalm) [5/26/2] >> loss: 0.317  Mult_acc_2: 0.8414  Mult_acc_3: 0.7442  Mult_acc_5: 0.5088  F1_score: 0.8437  MAE: 0.2955  Corr: 0.8132  clm loss: 2.8807 total loss: 4.4062 bn loss: 0.3601 av loss: 0.4468 text loss: 0.4018
2025-12-24 19:20:08,907 - MMSA [INFO] - VAL-(msalm) >>  Mult_acc_2: 0.7478  Mult_acc_3: 0.6601  Mult_acc_5: 0.4254  F1_score: 0.7567  MAE: 0.4023  Corr: 0.6557  Loss: 0.4437 
2025-12-24 19:20:14,825 - MMSA [INFO] - TRAIN-(msalm) [6/27/2] >> loss: 0.3017  Mult_acc_2: 0.8370  Mult_acc_3: 0.7471  Mult_acc_5: 0.5175  F1_score: 0.8400  MAE: 0.2856  Corr: 0.8292  clm loss: 2.8818 total loss: 4.3609 bn loss: 0.3477 av loss: 0.4443 text loss: 0.3854
2025-12-24 19:20:16,387 - MMSA [INFO] - VAL-(msalm) >>  Mult_acc_2: 0.7632  Mult_acc_3: 0.6689  Mult_acc_5: 0.4211  F1_score: 0.7703  MAE: 0.3950  Corr: 0.6613  Loss: 0.4092 
2025-12-24 19:20:22,303 - MMSA [INFO] - TRAIN-(msalm) [7/28/2] >> loss: 0.3049  Mult_acc_2: 0.8458  Mult_acc_3: 0.7573  Mult_acc_5: 0.5175  F1_score: 0.8489  MAE: 0.2858  Corr: 0.8293  clm loss: 2.8707 total loss: 4.3383 bn loss: 0.3395 av loss: 0.4441 text loss: 0.3792
2025-12-24 19:20:24,179 - MMSA [INFO] - VAL-(msalm) >>  Mult_acc_2: 0.7632  Mult_acc_3: 0.6667  Mult_acc_5: 0.4211  F1_score: 0.7665  MAE: 0.3879  Corr: 0.6659  Loss: 0.4046 
2025-12-24 19:20:30,946 - MMSA [INFO] - TRAIN-(msalm) [1/29/2] >> loss: 0.2961  Mult_acc_2: 0.8450  Mult_acc_3: 0.7617  Mult_acc_5: 0.5322  F1_score: 0.8478  MAE: 0.2737  Corr: 0.8429  clm loss: 2.8251 total loss: 4.2902 bn loss: 0.3385 av loss: 0.4433 text loss: 0.3873
2025-12-24 19:20:32,524 - MMSA [INFO] - VAL-(msalm) >>  Mult_acc_2: 0.7763  Mult_acc_3: 0.6732  Mult_acc_5: 0.4364  F1_score: 0.7798  MAE: 0.3908  Corr: 0.6641  Loss: 0.4007 
2025-12-24 19:20:39,304 - MMSA [INFO] - TRAIN-(msalm) [1/30/2] >> loss: 0.2924  Mult_acc_2: 0.8494  Mult_acc_3: 0.7617  Mult_acc_5: 0.5263  F1_score: 0.8515  MAE: 0.2758  Corr: 0.8399  clm loss: 2.8169 total loss: 4.3024 bn loss: 0.3418 av loss: 0.4443 text loss: 0.4069
2025-12-24 19:20:40,862 - MMSA [INFO] - VAL-(msalm) >>  Mult_acc_2: 0.7719  Mult_acc_3: 0.6689  Mult_acc_5: 0.4167  F1_score: 0.7755  MAE: 0.3941  Corr: 0.6575  Loss: 0.4190 
2025-12-24 19:20:46,781 - MMSA [INFO] - TRAIN-(msalm) [2/31/2] >> loss: 0.2853  Mult_acc_2: 0.8684  Mult_acc_3: 0.7814  Mult_acc_5: 0.5512  F1_score: 0.8711  MAE: 0.2661  Corr: 0.8526  clm loss: 2.7807 total loss: 4.2046 bn loss: 0.3196 av loss: 0.4448 text loss: 0.3741
2025-12-24 19:20:48,347 - MMSA [INFO] - VAL-(msalm) >>  Mult_acc_2: 0.7697  Mult_acc_3: 0.6667  Mult_acc_5: 0.4123  F1_score: 0.7742  MAE: 0.3980  Corr: 0.6514  Loss: 0.4186 
2025-12-24 19:20:54,275 - MMSA [INFO] - TRAIN-(msalm) [3/32/2] >> loss: 0.2736  Mult_acc_2: 0.8596  Mult_acc_3: 0.7712  Mult_acc_5: 0.5636  F1_score: 0.8625  MAE: 0.2529  Corr: 0.8619  clm loss: 2.7422 total loss: 4.1313 bn loss: 0.3145 av loss: 0.4453 text loss: 0.3556
2025-12-24 19:20:55,833 - MMSA [INFO] - VAL-(msalm) >>  Mult_acc_2: 0.7741  Mult_acc_3: 0.6513  Mult_acc_5: 0.4013  F1_score: 0.7791  MAE: 0.3978  Corr: 0.6544  Loss: 0.4042 
2025-12-24 19:21:01,760 - MMSA [INFO] - TRAIN-(msalm) [4/33/2] >> loss: 0.2676  Mult_acc_2: 0.8662  Mult_acc_3: 0.7873  Mult_acc_5: 0.5855  F1_score: 0.8684  MAE: 0.2517  Corr: 0.8656  clm loss: 2.7571 total loss: 4.1249 bn loss: 0.3045 av loss: 0.441 text loss: 0.3548
2025-12-24 19:21:03,329 - MMSA [INFO] - VAL-(msalm) >>  Mult_acc_2: 0.7741  Mult_acc_3: 0.6667  Mult_acc_5: 0.4057  F1_score: 0.7796  MAE: 0.4001  Corr: 0.6524  Loss: 0.4127 
2025-12-24 19:21:09,314 - MMSA [INFO] - TRAIN-(msalm) [5/34/2] >> loss: 0.2636  Mult_acc_2: 0.8648  Mult_acc_3: 0.7800  Mult_acc_5: 0.5709  F1_score: 0.8672  MAE: 0.2479  Corr: 0.8714  clm loss: 2.7019 total loss: 4.044 bn loss: 0.2985 av loss: 0.4499 text loss: 0.3299
2025-12-24 19:21:10,889 - MMSA [INFO] - VAL-(msalm) >>  Mult_acc_2: 0.7719  Mult_acc_3: 0.6645  Mult_acc_5: 0.4518  F1_score: 0.7779  MAE: 0.3971  Corr: 0.6524  Loss: 0.4288 
2025-12-24 19:21:16,881 - MMSA [INFO] - TRAIN-(msalm) [6/35/2] >> loss: 0.2602  Mult_acc_2: 0.8640  Mult_acc_3: 0.7829  Mult_acc_5: 0.5855  F1_score: 0.8667  MAE: 0.2403  Corr: 0.8757  clm loss: 2.6915 total loss: 4.0287 bn loss: 0.2953 av loss: 0.4483 text loss: 0.3334
2025-12-24 19:21:18,742 - MMSA [INFO] - VAL-(msalm) >>  Mult_acc_2: 0.7741  Mult_acc_3: 0.6535  Mult_acc_5: 0.4057  F1_score: 0.7775  MAE: 0.4022  Corr: 0.6422  Loss: 0.4074 
2025-12-24 19:21:24,783 - MMSA [INFO] - TRAIN-(msalm) [7/36/2] >> loss: 0.2473  Mult_acc_2: 0.8699  Mult_acc_3: 0.7887  Mult_acc_5: 0.5906  F1_score: 0.8732  MAE: 0.2293  Corr: 0.8855  clm loss: 2.6556 total loss: 3.9705 bn loss: 0.2962 av loss: 0.441 text loss: 0.3305
2025-12-24 19:21:26,370 - MMSA [INFO] - VAL-(msalm) >>  Mult_acc_2: 0.7675  Mult_acc_3: 0.6623  Mult_acc_5: 0.4123  F1_score: 0.7734  MAE: 0.4031  Corr: 0.6461  Loss: 0.4141 
2025-12-24 19:21:32,335 - MMSA [INFO] - TRAIN-(msalm) [8/37/2] >> loss: 0.2409  Mult_acc_2: 0.8640  Mult_acc_3: 0.7887  Mult_acc_5: 0.5965  F1_score: 0.8673  MAE: 0.2232  Corr: 0.8916  clm loss: 2.6152 total loss: 3.91 bn loss: 0.2787 av loss: 0.447 text loss: 0.3283
2025-12-24 19:21:33,950 - MMSA [INFO] - VAL-(msalm) >>  Mult_acc_2: 0.7654  Mult_acc_3: 0.6557  Mult_acc_5: 0.3904  F1_score: 0.7719  MAE: 0.4102  Corr: 0.6416  Loss: 0.4139 
2025-12-24 19:21:39,951 - MMSA [INFO] - TRAIN-(msalm) [9/38/2] >> loss: 0.2391  Mult_acc_2: 0.8750  Mult_acc_3: 0.8114  Mult_acc_5: 0.6031  F1_score: 0.8777  MAE: 0.2204  Corr: 0.8946  clm loss: 2.6038 total loss: 3.8767 bn loss: 0.2792 av loss: 0.4473 text loss: 0.3073
2025-12-24 19:21:41,515 - MMSA [INFO] - VAL-(msalm) >>  Mult_acc_2: 0.7610  Mult_acc_3: 0.6623  Mult_acc_5: 0.4079  F1_score: 0.7683  MAE: 0.4101  Corr: 0.6428  Loss: 0.4149 
2025-12-24 19:21:47,562 - MMSA [INFO] - TRAIN-(msalm) [10/39/2] >> loss: 0.2332  Mult_acc_2: 0.8618  Mult_acc_3: 0.7895  Mult_acc_5: 0.6009  F1_score: 0.8649  MAE: 0.2171  Corr: 0.8987  clm loss: 2.6092 total loss: 3.8659 bn loss: 0.2723 av loss: 0.4413 text loss: 0.3099
2025-12-24 19:21:49,162 - MMSA [INFO] - VAL-(msalm) >>  Mult_acc_2: 0.7478  Mult_acc_3: 0.6557  Mult_acc_5: 0.3969  F1_score: 0.7548  MAE: 0.4176  Corr: 0.6369  Loss: 0.4234 
2025-12-24 19:21:53,738 - MMSA [INFO] - TEST-(msalm) >>  Mult_acc_2: 0.8228  Mult_acc_3: 0.7024  Mult_acc_5: 0.4289  F1_score: 0.8242  MAE: 0.3800  Corr: 0.6985  Loss: 0.3987 
2025-12-24 19:21:55,012 - MMSA [INFO] - Result for seed 1991: {'Mult_acc_2': 0.8228, 'Mult_acc_3': 0.7024, 'Mult_acc_5': 0.4289, 'F1_score': 0.8242, 'MAE': 0.38, 'Corr': 0.6985, 'Loss': 0.3987, 'seed': 1991}
2025-12-24 19:21:55,014 - MMSA [INFO] - ------------------------------ Running with seed 1992 [3/5] ------------------------------
2025-12-24 19:23:18,456 - MMSA [INFO] - The model has 143960347 trainable parameters
2025-12-24 19:23:24,421 - MMSA [INFO] - TRAIN-(msalm) [1/1/3] >> loss: 0.6571  Mult_acc_2: 0.5482  Mult_acc_3: 0.3955  Mult_acc_5: 0.1857  F1_score: 0.5508  MAE: 0.6570  Corr: -0.0453  clm loss: 7.5295 total loss: 10.5469 bn loss: 0.8785 av loss: 0.594 text loss: 0.8877
2025-12-24 19:23:25,973 - MMSA [INFO] - VAL-(msalm) >>  Mult_acc_2: 0.6404  Mult_acc_3: 0.4518  Mult_acc_5: 0.2105  F1_score: 0.6169  MAE: 0.6119  Corr: 0.0810  Loss: 0.6188 
2025-12-24 19:23:32,946 - MMSA [INFO] - TRAIN-(msalm) [1/2/3] >> loss: 0.6247  Mult_acc_2: 0.5921  Mult_acc_3: 0.4349  Mult_acc_5: 0.2010  F1_score: 0.5970  MAE: 0.6228  Corr: 0.0987  clm loss: 6.2649 total loss: 8.9325 bn loss: 0.7328 av loss: 0.5538 text loss: 0.7563
2025-12-24 19:23:34,488 - MMSA [INFO] - VAL-(msalm) >>  Mult_acc_2: 0.6601  Mult_acc_3: 0.4803  Mult_acc_5: 0.2171  F1_score: 0.6410  MAE: 0.5652  Corr: 0.2533  Loss: 0.5652 
2025-12-24 19:23:41,286 - MMSA [INFO] - TRAIN-(msalm) [1/3/3] >> loss: 0.5696  Mult_acc_2: 0.6404  Mult_acc_3: 0.5044  Mult_acc_5: 0.2427  F1_score: 0.6443  MAE: 0.5664  Corr: 0.2800  clm loss: 5.0553 total loss: 7.4571 bn loss: 0.6254 av loss: 0.5307 text loss: 0.6762
2025-12-24 19:23:42,899 - MMSA [INFO] - VAL-(msalm) >>  Mult_acc_2: 0.5614  Mult_acc_3: 0.4649  Mult_acc_5: 0.2105  F1_score: 0.5757  MAE: 0.5812  Corr: 0.3956  Loss: 0.5867 
2025-12-24 19:23:48,810 - MMSA [INFO] - TRAIN-(msalm) [2/4/3] >> loss: 0.5198  Mult_acc_2: 0.7135  Mult_acc_3: 0.5892  Mult_acc_5: 0.2982  F1_score: 0.7166  MAE: 0.5108  Corr: 0.4495  clm loss: 4.3863 total loss: 6.6308 bn loss: 0.5738 av loss: 0.5109 text loss: 0.64
2025-12-24 19:23:50,435 - MMSA [INFO] - VAL-(msalm) >>  Mult_acc_2: 0.5855  Mult_acc_3: 0.4890  Mult_acc_5: 0.2610  F1_score: 0.5986  MAE: 0.5800  Corr: 0.4864  Loss: 0.6083 
2025-12-24 19:23:56,368 - MMSA [INFO] - TRAIN-(msalm) [3/5/3] >> loss: 0.5027  Mult_acc_2: 0.7251  Mult_acc_3: 0.5958  Mult_acc_5: 0.3173  F1_score: 0.7287  MAE: 0.4861  Corr: 0.5176  clm loss: 4.0049 total loss: 6.1584 bn loss: 0.5445 av loss: 0.4998 text loss: 0.6065
2025-12-24 19:23:57,939 - MMSA [INFO] - VAL-(msalm) >>  Mult_acc_2: 0.6667  Mult_acc_3: 0.5702  Mult_acc_5: 0.3048  F1_score: 0.6795  MAE: 0.5110  Corr: 0.5216  Loss: 0.5491 
2025-12-24 19:24:04,709 - MMSA [INFO] - TRAIN-(msalm) [1/6/3] >> loss: 0.4953  Mult_acc_2: 0.7449  Mult_acc_3: 0.6243  Mult_acc_5: 0.3472  F1_score: 0.7480  MAE: 0.4736  Corr: 0.5358  clm loss: 3.7502 total loss: 5.8292 bn loss: 0.5231 av loss: 0.4871 text loss: 0.5735
2025-12-24 19:24:06,286 - MMSA [INFO] - VAL-(msalm) >>  Mult_acc_2: 0.7039  Mult_acc_3: 0.6009  Mult_acc_5: 0.3421  F1_score: 0.7105  MAE: 0.4777  Corr: 0.5415  Loss: 0.5007 
2025-12-24 19:24:13,077 - MMSA [INFO] - TRAIN-(msalm) [1/7/3] >> loss: 0.4703  Mult_acc_2: 0.7566  Mult_acc_3: 0.6338  Mult_acc_5: 0.3640  F1_score: 0.7589  MAE: 0.4467  Corr: 0.5790  clm loss: 3.5461 total loss: 5.5778 bn loss: 0.5124 av loss: 0.485 text loss: 0.564
2025-12-24 19:24:14,691 - MMSA [INFO] - VAL-(msalm) >>  Mult_acc_2: 0.7412  Mult_acc_3: 0.6206  Mult_acc_5: 0.3575  F1_score: 0.7432  MAE: 0.4744  Corr: 0.5436  Loss: 0.5049 
2025-12-24 19:24:20,590 - MMSA [INFO] - TRAIN-(msalm) [2/8/3] >> loss: 0.4602  Mult_acc_2: 0.7442  Mult_acc_3: 0.6360  Mult_acc_5: 0.3582  F1_score: 0.7469  MAE: 0.4443  Corr: 0.5859  clm loss: 3.44 total loss: 5.4549 bn loss: 0.5085 av loss: 0.4782 text loss: 0.568
2025-12-24 19:24:22,415 - MMSA [INFO] - VAL-(msalm) >>  Mult_acc_2: 0.7588  Mult_acc_3: 0.6184  Mult_acc_5: 0.3399  F1_score: 0.7531  MAE: 0.4562  Corr: 0.5595  Loss: 0.4701 
2025-12-24 19:24:29,208 - MMSA [INFO] - TRAIN-(msalm) [1/9/3] >> loss: 0.4545  Mult_acc_2: 0.7602  Mult_acc_3: 0.6316  Mult_acc_5: 0.3465  F1_score: 0.7631  MAE: 0.4432  Corr: 0.5898  clm loss: 3.3548 total loss: 5.3094 bn loss: 0.4905 av loss: 0.4714 text loss: 0.5383
2025-12-24 19:24:30,773 - MMSA [INFO] - VAL-(msalm) >>  Mult_acc_2: 0.7325  Mult_acc_3: 0.6360  Mult_acc_5: 0.3509  F1_score: 0.7371  MAE: 0.4492  Corr: 0.5756  Loss: 0.4711 
2025-12-24 19:24:36,708 - MMSA [INFO] - TRAIN-(msalm) [2/10/3] >> loss: 0.4588  Mult_acc_2: 0.7558  Mult_acc_3: 0.6265  Mult_acc_5: 0.3450  F1_score: 0.7588  MAE: 0.4449  Corr: 0.5977  clm loss: 3.314 total loss: 5.3022 bn loss: 0.5006 av loss: 0.4766 text loss: 0.5522
2025-12-24 19:24:38,274 - MMSA [INFO] - VAL-(msalm) >>  Mult_acc_2: 0.7456  Mult_acc_3: 0.6382  Mult_acc_5: 0.3618  F1_score: 0.7507  MAE: 0.4397  Corr: 0.5973  Loss: 0.4610 
2025-12-24 19:24:45,058 - MMSA [INFO] - TRAIN-(msalm) [1/11/3] >> loss: 0.4366  Mult_acc_2: 0.7588  Mult_acc_3: 0.6499  Mult_acc_5: 0.3962  F1_score: 0.7617  MAE: 0.4170  Corr: 0.6327  clm loss: 3.229 total loss: 5.1579 bn loss: 0.4872 av loss: 0.4733 text loss: 0.5317
2025-12-24 19:24:46,623 - MMSA [INFO] - VAL-(msalm) >>  Mult_acc_2: 0.7851  Mult_acc_3: 0.6601  Mult_acc_5: 0.3904  F1_score: 0.7817  MAE: 0.4389  Corr: 0.5966  Loss: 0.4688 
2025-12-24 19:24:52,525 - MMSA [INFO] - TRAIN-(msalm) [2/12/3] >> loss: 0.422  Mult_acc_2: 0.7705  Mult_acc_3: 0.6659  Mult_acc_5: 0.4035  F1_score: 0.7727  MAE: 0.4005  Corr: 0.6632  clm loss: 3.2448 total loss: 5.127 bn loss: 0.4785 av loss: 0.4676 text loss: 0.5141
2025-12-24 19:24:54,105 - MMSA [INFO] - VAL-(msalm) >>  Mult_acc_2: 0.7895  Mult_acc_3: 0.6579  Mult_acc_5: 0.3772  F1_score: 0.7862  MAE: 0.4286  Corr: 0.6085  Loss: 0.4620 
2025-12-24 19:25:00,031 - MMSA [INFO] - TRAIN-(msalm) [3/13/3] >> loss: 0.4166  Mult_acc_2: 0.7917  Mult_acc_3: 0.6732  Mult_acc_5: 0.4013  F1_score: 0.7943  MAE: 0.3983  Corr: 0.6692  clm loss: 3.2111 total loss: 5.0768 bn loss: 0.4716 av loss: 0.4625 text loss: 0.515
2025-12-24 19:25:01,602 - MMSA [INFO] - VAL-(msalm) >>  Mult_acc_2: 0.7873  Mult_acc_3: 0.6557  Mult_acc_5: 0.3838  F1_score: 0.7852  MAE: 0.4234  Corr: 0.6189  Loss: 0.4592 
2025-12-24 19:25:08,413 - MMSA [INFO] - TRAIN-(msalm) [1/14/3] >> loss: 0.4065  Mult_acc_2: 0.7829  Mult_acc_3: 0.6806  Mult_acc_5: 0.3977  F1_score: 0.7861  MAE: 0.3886  Corr: 0.6916  clm loss: 3.1564 total loss: 4.9928 bn loss: 0.4714 av loss: 0.4617 text loss: 0.4968
2025-12-24 19:25:09,963 - MMSA [INFO] - VAL-(msalm) >>  Mult_acc_2: 0.7873  Mult_acc_3: 0.6535  Mult_acc_5: 0.4035  F1_score: 0.7901  MAE: 0.4150  Corr: 0.6315  Loss: 0.4469 
2025-12-24 19:25:16,896 - MMSA [INFO] - TRAIN-(msalm) [1/15/3] >> loss: 0.4105  Mult_acc_2: 0.7851  Mult_acc_3: 0.6645  Mult_acc_5: 0.3911  F1_score: 0.7872  MAE: 0.3942  Corr: 0.6840  clm loss: 3.1535 total loss: 4.9785 bn loss: 0.465 av loss: 0.4629 text loss: 0.4865
2025-12-24 19:25:18,477 - MMSA [INFO] - VAL-(msalm) >>  Mult_acc_2: 0.7741  Mult_acc_3: 0.6579  Mult_acc_5: 0.3925  F1_score: 0.7743  MAE: 0.4145  Corr: 0.6318  Loss: 0.4491 
2025-12-24 19:25:24,385 - MMSA [INFO] - TRAIN-(msalm) [2/16/3] >> loss: 0.3882  Mult_acc_2: 0.8063  Mult_acc_3: 0.7003  Mult_acc_5: 0.4211  F1_score: 0.8081  MAE: 0.3708  Corr: 0.7173  clm loss: 3.1118 total loss: 4.8933 bn loss: 0.4466 av loss: 0.4535 text loss: 0.4932
2025-12-24 19:25:25,943 - MMSA [INFO] - VAL-(msalm) >>  Mult_acc_2: 0.7741  Mult_acc_3: 0.6360  Mult_acc_5: 0.3816  F1_score: 0.7764  MAE: 0.4156  Corr: 0.6303  Loss: 0.4441 
2025-12-24 19:25:32,740 - MMSA [INFO] - TRAIN-(msalm) [1/17/3] >> loss: 0.3859  Mult_acc_2: 0.7997  Mult_acc_3: 0.6879  Mult_acc_5: 0.4240  F1_score: 0.8018  MAE: 0.3679  Corr: 0.7190  clm loss: 3.0813 total loss: 4.8444 bn loss: 0.4514 av loss: 0.4575 text loss: 0.4683
2025-12-24 19:25:34,358 - MMSA [INFO] - VAL-(msalm) >>  Mult_acc_2: 0.7917  Mult_acc_3: 0.6579  Mult_acc_5: 0.3728  F1_score: 0.7915  MAE: 0.4167  Corr: 0.6323  Loss: 0.4570 
2025-12-24 19:25:40,273 - MMSA [INFO] - TRAIN-(msalm) [2/18/3] >> loss: 0.3864  Mult_acc_2: 0.8004  Mult_acc_3: 0.6915  Mult_acc_5: 0.4349  F1_score: 0.8031  MAE: 0.3659  Corr: 0.7153  clm loss: 3.1133 total loss: 4.8638 bn loss: 0.4377 av loss: 0.4605 text loss: 0.4659
2025-12-24 19:25:41,836 - MMSA [INFO] - VAL-(msalm) >>  Mult_acc_2: 0.7632  Mult_acc_3: 0.6382  Mult_acc_5: 0.3794  F1_score: 0.7679  MAE: 0.4175  Corr: 0.6374  Loss: 0.4640 
2025-12-24 19:25:47,761 - MMSA [INFO] - TRAIN-(msalm) [3/19/3] >> loss: 0.3834  Mult_acc_2: 0.8151  Mult_acc_3: 0.6988  Mult_acc_5: 0.4262  F1_score: 0.8172  MAE: 0.3643  Corr: 0.7263  clm loss: 3.069 total loss: 4.8024 bn loss: 0.4337 av loss: 0.4638 text loss: 0.4525
2025-12-24 19:25:49,329 - MMSA [INFO] - VAL-(msalm) >>  Mult_acc_2: 0.7390  Mult_acc_3: 0.6404  Mult_acc_5: 0.3772  F1_score: 0.7480  MAE: 0.4296  Corr: 0.6301  Loss: 0.4617 
2025-12-24 19:25:55,240 - MMSA [INFO] - TRAIN-(msalm) [4/20/3] >> loss: 0.3591  Mult_acc_2: 0.8129  Mult_acc_3: 0.7083  Mult_acc_5: 0.4488  F1_score: 0.8156  MAE: 0.3423  Corr: 0.7623  clm loss: 3.0167 total loss: 4.6766 bn loss: 0.4196 av loss: 0.4536 text loss: 0.4276
2025-12-24 19:25:56,802 - MMSA [INFO] - VAL-(msalm) >>  Mult_acc_2: 0.7500  Mult_acc_3: 0.6557  Mult_acc_5: 0.3794  F1_score: 0.7539  MAE: 0.4142  Corr: 0.6294  Loss: 0.4543 
2025-12-24 19:26:02,715 - MMSA [INFO] - TRAIN-(msalm) [5/21/3] >> loss: 0.3511  Mult_acc_2: 0.8231  Mult_acc_3: 0.7244  Mult_acc_5: 0.4664  F1_score: 0.8255  MAE: 0.3296  Corr: 0.7717  clm loss: 3.0049 total loss: 4.6659 bn loss: 0.4142 av loss: 0.454 text loss: 0.4417
2025-12-24 19:26:04,296 - MMSA [INFO] - VAL-(msalm) >>  Mult_acc_2: 0.7500  Mult_acc_3: 0.6535  Mult_acc_5: 0.3816  F1_score: 0.7565  MAE: 0.4078  Corr: 0.6450  Loss: 0.4538 
2025-12-24 19:26:10,359 - MMSA [INFO] - TRAIN-(msalm) [6/22/3] >> loss: 0.3647  Mult_acc_2: 0.8143  Mult_acc_3: 0.7010  Mult_acc_5: 0.4481  F1_score: 0.8160  MAE: 0.3433  Corr: 0.7516  clm loss: 2.9836 total loss: 4.6393 bn loss: 0.4064 av loss: 0.4566 text loss: 0.428
2025-12-24 19:26:11,909 - MMSA [INFO] - VAL-(msalm) >>  Mult_acc_2: 0.7829  Mult_acc_3: 0.6491  Mult_acc_5: 0.3882  F1_score: 0.7847  MAE: 0.4034  Corr: 0.6468  Loss: 0.4450 
2025-12-24 19:26:17,836 - MMSA [INFO] - TRAIN-(msalm) [7/23/3] >> loss: 0.3462  Mult_acc_2: 0.8136  Mult_acc_3: 0.7281  Mult_acc_5: 0.4642  F1_score: 0.8160  MAE: 0.3292  Corr: 0.7784  clm loss: 2.9651 total loss: 4.5852 bn loss: 0.3986 av loss: 0.4612 text loss: 0.4141
2025-12-24 19:26:19,413 - MMSA [INFO] - VAL-(msalm) >>  Mult_acc_2: 0.7807  Mult_acc_3: 0.6601  Mult_acc_5: 0.3947  F1_score: 0.7793  MAE: 0.4076  Corr: 0.6386  Loss: 0.4606 
2025-12-24 19:26:25,330 - MMSA [INFO] - TRAIN-(msalm) [8/24/3] >> loss: 0.3474  Mult_acc_2: 0.8151  Mult_acc_3: 0.7295  Mult_acc_5: 0.4839  F1_score: 0.8183  MAE: 0.3236  Corr: 0.7743  clm loss: 2.9391 total loss: 4.5321 bn loss: 0.3849 av loss: 0.4546 text loss: 0.4061
2025-12-24 19:26:26,908 - MMSA [INFO] - VAL-(msalm) >>  Mult_acc_2: 0.7434  Mult_acc_3: 0.6360  Mult_acc_5: 0.4035  F1_score: 0.7523  MAE: 0.4048  Corr: 0.6527  Loss: 0.4545 
2025-12-24 19:26:32,825 - MMSA [INFO] - TRAIN-(msalm) [9/25/3] >> loss: 0.3296  Mult_acc_2: 0.8348  Mult_acc_3: 0.7471  Mult_acc_5: 0.5000  F1_score: 0.8382  MAE: 0.3051  Corr: 0.7997  clm loss: 2.9006 total loss: 4.4637 bn loss: 0.3814 av loss: 0.4533 text loss: 0.3987
2025-12-24 19:26:34,385 - MMSA [INFO] - VAL-(msalm) >>  Mult_acc_2: 0.7544  Mult_acc_3: 0.6579  Mult_acc_5: 0.4013  F1_score: 0.7611  MAE: 0.4023  Corr: 0.6548  Loss: 0.4337 
2025-12-24 19:26:41,191 - MMSA [INFO] - TRAIN-(msalm) [1/26/3] >> loss: 0.326  Mult_acc_2: 0.8304  Mult_acc_3: 0.7390  Mult_acc_5: 0.4927  F1_score: 0.8331  MAE: 0.3089  Corr: 0.7969  clm loss: 2.8907 total loss: 4.455 bn loss: 0.3749 av loss: 0.4573 text loss: 0.4061
2025-12-24 19:26:42,761 - MMSA [INFO] - VAL-(msalm) >>  Mult_acc_2: 0.7588  Mult_acc_3: 0.6491  Mult_acc_5: 0.3925  F1_score: 0.7658  MAE: 0.4060  Corr: 0.6534  Loss: 0.4459 
2025-12-24 19:26:48,654 - MMSA [INFO] - TRAIN-(msalm) [2/27/3] >> loss: 0.3152  Mult_acc_2: 0.8363  Mult_acc_3: 0.7420  Mult_acc_5: 0.5007  F1_score: 0.8396  MAE: 0.2983  Corr: 0.8123  clm loss: 2.8622 total loss: 4.3893 bn loss: 0.3685 av loss: 0.4533 text loss: 0.3901
2025-12-24 19:26:50,226 - MMSA [INFO] - VAL-(msalm) >>  Mult_acc_2: 0.7610  Mult_acc_3: 0.6557  Mult_acc_5: 0.3991  F1_score: 0.7671  MAE: 0.3969  Corr: 0.6613  Loss: 0.4527 
2025-12-24 19:26:56,122 - MMSA [INFO] - TRAIN-(msalm) [3/28/3] >> loss: 0.3092  Mult_acc_2: 0.8523  Mult_acc_3: 0.7485  Mult_acc_5: 0.4934  F1_score: 0.8551  MAE: 0.2874  Corr: 0.8328  clm loss: 2.8725 total loss: 4.378 bn loss: 0.3621 av loss: 0.4476 text loss: 0.3867
2025-12-24 19:26:57,682 - MMSA [INFO] - VAL-(msalm) >>  Mult_acc_2: 0.7632  Mult_acc_3: 0.6623  Mult_acc_5: 0.4013  F1_score: 0.7691  MAE: 0.4018  Corr: 0.6552  Loss: 0.4232 
2025-12-24 19:27:04,719 - MMSA [INFO] - TRAIN-(msalm) [1/29/3] >> loss: 0.296  Mult_acc_2: 0.8450  Mult_acc_3: 0.7580  Mult_acc_5: 0.5300  F1_score: 0.8480  MAE: 0.2806  Corr: 0.8410  clm loss: 2.8271 total loss: 4.3244 bn loss: 0.3616 av loss: 0.4462 text loss: 0.3935
2025-12-24 19:27:06,290 - MMSA [INFO] - VAL-(msalm) >>  Mult_acc_2: 0.7785  Mult_acc_3: 0.6535  Mult_acc_5: 0.4057  F1_score: 0.7804  MAE: 0.3964  Corr: 0.6575  Loss: 0.4391 
2025-12-24 19:27:12,194 - MMSA [INFO] - TRAIN-(msalm) [2/30/3] >> loss: 0.308  Mult_acc_2: 0.8487  Mult_acc_3: 0.7544  Mult_acc_5: 0.5029  F1_score: 0.8512  MAE: 0.2896  Corr: 0.8211  clm loss: 2.8173 total loss: 4.3428 bn loss: 0.354 av loss: 0.4518 text loss: 0.4117
2025-12-24 19:27:13,761 - MMSA [INFO] - VAL-(msalm) >>  Mult_acc_2: 0.7741  Mult_acc_3: 0.6513  Mult_acc_5: 0.4123  F1_score: 0.7775  MAE: 0.3983  Corr: 0.6525  Loss: 0.4371 
2025-12-24 19:27:19,661 - MMSA [INFO] - TRAIN-(msalm) [3/31/3] >> loss: 0.2904  Mult_acc_2: 0.8567  Mult_acc_3: 0.7683  Mult_acc_5: 0.5285  F1_score: 0.8594  MAE: 0.2719  Corr: 0.8471  clm loss: 2.7907 total loss: 4.2464 bn loss: 0.3355 av loss: 0.4432 text loss: 0.3867
2025-12-24 19:27:21,211 - MMSA [INFO] - VAL-(msalm) >>  Mult_acc_2: 0.7478  Mult_acc_3: 0.6557  Mult_acc_5: 0.4167  F1_score: 0.7551  MAE: 0.4074  Corr: 0.6444  Loss: 0.4404 
2025-12-24 19:27:27,096 - MMSA [INFO] - TRAIN-(msalm) [4/32/3] >> loss: 0.2805  Mult_acc_2: 0.8545  Mult_acc_3: 0.7851  Mult_acc_5: 0.5534  F1_score: 0.8576  MAE: 0.2585  Corr: 0.8585  clm loss: 2.7917 total loss: 4.2037 bn loss: 0.3274 av loss: 0.4349 text loss: 0.3692
2025-12-24 19:27:28,721 - MMSA [INFO] - VAL-(msalm) >>  Mult_acc_2: 0.7412  Mult_acc_3: 0.6425  Mult_acc_5: 0.3662  F1_score: 0.7497  MAE: 0.4153  Corr: 0.6411  Loss: 0.4348 
2025-12-24 19:27:34,651 - MMSA [INFO] - TRAIN-(msalm) [5/33/3] >> loss: 0.285  Mult_acc_2: 0.8582  Mult_acc_3: 0.7727  Mult_acc_5: 0.5249  F1_score: 0.8607  MAE: 0.2683  Corr: 0.8549  clm loss: 2.7465 total loss: 4.1657 bn loss: 0.3323 av loss: 0.446 text loss: 0.3559
2025-12-24 19:27:36,229 - MMSA [INFO] - VAL-(msalm) >>  Mult_acc_2: 0.7566  Mult_acc_3: 0.6338  Mult_acc_5: 0.3640  F1_score: 0.7642  MAE: 0.4182  Corr: 0.6427  Loss: 0.4382 
2025-12-24 19:27:42,129 - MMSA [INFO] - TRAIN-(msalm) [6/34/3] >> loss: 0.2775  Mult_acc_2: 0.8618  Mult_acc_3: 0.7836  Mult_acc_5: 0.5519  F1_score: 0.8642  MAE: 0.2574  Corr: 0.8618  clm loss: 2.7241 total loss: 4.1196 bn loss: 0.3253 av loss: 0.4427 text loss: 0.35
2025-12-24 19:27:43,683 - MMSA [INFO] - VAL-(msalm) >>  Mult_acc_2: 0.7544  Mult_acc_3: 0.6513  Mult_acc_5: 0.4057  F1_score: 0.7575  MAE: 0.4027  Corr: 0.6455  Loss: 0.4445 
2025-12-24 19:27:49,583 - MMSA [INFO] - TRAIN-(msalm) [7/35/3] >> loss: 0.2596  Mult_acc_2: 0.8648  Mult_acc_3: 0.7807  Mult_acc_5: 0.5892  F1_score: 0.8678  MAE: 0.2337  Corr: 0.8799  clm loss: 2.6836 total loss: 4.0459 bn loss: 0.3161 av loss: 0.4408 text loss: 0.3457
2025-12-24 19:27:51,181 - MMSA [INFO] - VAL-(msalm) >>  Mult_acc_2: 0.7610  Mult_acc_3: 0.6404  Mult_acc_5: 0.4057  F1_score: 0.7649  MAE: 0.4065  Corr: 0.6386  Loss: 0.4307 
2025-12-24 19:27:57,401 - MMSA [INFO] - TRAIN-(msalm) [8/36/3] >> loss: 0.2596  Mult_acc_2: 0.8713  Mult_acc_3: 0.7836  Mult_acc_5: 0.5629  F1_score: 0.8742  MAE: 0.2384  Corr: 0.8812  clm loss: 2.6565 total loss: 4.0025 bn loss: 0.304 av loss: 0.4482 text loss: 0.334
2025-12-24 19:27:58,969 - MMSA [INFO] - VAL-(msalm) >>  Mult_acc_2: 0.7566  Mult_acc_3: 0.6382  Mult_acc_5: 0.3662  F1_score: 0.7625  MAE: 0.4131  Corr: 0.6352  Loss: 0.4315 
2025-12-24 19:28:04,863 - MMSA [INFO] - TRAIN-(msalm) [9/37/3] >> loss: 0.2467  Mult_acc_2: 0.8750  Mult_acc_3: 0.8012  Mult_acc_5: 0.5980  F1_score: 0.8769  MAE: 0.2287  Corr: 0.8916  clm loss: 2.6417 total loss: 3.9629 bn loss: 0.2986 av loss: 0.4436 text loss: 0.3324
2025-12-24 19:28:06,438 - MMSA [INFO] - VAL-(msalm) >>  Mult_acc_2: 0.7368  Mult_acc_3: 0.6316  Mult_acc_5: 0.3662  F1_score: 0.7440  MAE: 0.4182  Corr: 0.6279  Loss: 0.4370 
2025-12-24 19:28:12,365 - MMSA [INFO] - TRAIN-(msalm) [10/38/3] >> loss: 0.2498  Mult_acc_2: 0.8582  Mult_acc_3: 0.7822  Mult_acc_5: 0.5928  F1_score: 0.8613  MAE: 0.2280  Corr: 0.8871  clm loss: 2.6233 total loss: 3.9726 bn loss: 0.3137 av loss: 0.4563 text loss: 0.3296
2025-12-24 19:28:13,926 - MMSA [INFO] - VAL-(msalm) >>  Mult_acc_2: 0.7346  Mult_acc_3: 0.6338  Mult_acc_5: 0.3728  F1_score: 0.7417  MAE: 0.4181  Corr: 0.6280  Loss: 0.4466 
2025-12-24 19:28:15,884 - MMSA [INFO] - TEST-(msalm) >>  Mult_acc_2: 0.7965  Mult_acc_3: 0.6783  Mult_acc_5: 0.4201  F1_score: 0.8007  MAE: 0.3816  Corr: 0.6896  Loss: 0.4142 
2025-12-24 19:28:17,157 - MMSA [INFO] - Result for seed 1992: {'Mult_acc_2': 0.7965, 'Mult_acc_3': 0.6783, 'Mult_acc_5': 0.4201, 'F1_score': 0.8007, 'MAE': 0.3816, 'Corr': 0.6896, 'Loss': 0.4142, 'seed': 1992}
2025-12-24 19:28:17,160 - MMSA [INFO] - ------------------------------ Running with seed 1993 [4/5] ------------------------------
2025-12-24 19:29:31,003 - MMSA [INFO] - The model has 143960347 trainable parameters
2025-12-24 19:29:36,900 - MMSA [INFO] - TRAIN-(msalm) [1/1/4] >> loss: 0.6246  Mult_acc_2: 0.6104  Mult_acc_3: 0.4254  Mult_acc_5: 0.2025  F1_score: 0.5994  MAE: 0.6248  Corr: 0.0221  clm loss: 7.6266 total loss: 10.7925 bn loss: 0.8924 av loss: 0.6463 text loss: 1.0027
2025-12-24 19:29:38,508 - MMSA [INFO] - VAL-(msalm) >>  Mult_acc_2: 0.6579  Mult_acc_3: 0.4956  Mult_acc_5: 0.2193  F1_score: 0.6156  MAE: 0.5685  Corr: 0.2241  Loss: 0.5770 
2025-12-24 19:29:45,481 - MMSA [INFO] - TRAIN-(msalm) [1/2/4] >> loss: 0.5993  Mult_acc_2: 0.6228  Mult_acc_3: 0.4525  Mult_acc_5: 0.2039  F1_score: 0.6134  MAE: 0.5982  Corr: 0.1440  clm loss: 6.3744 total loss: 9.1768 bn loss: 0.7703 av loss: 0.5897 text loss: 0.8431
2025-12-24 19:29:47,037 - MMSA [INFO] - VAL-(msalm) >>  Mult_acc_2: 0.6952  Mult_acc_3: 0.5351  Mult_acc_5: 0.2325  F1_score: 0.6192  MAE: 0.5583  Corr: 0.3093  Loss: 0.5501 
2025-12-24 19:29:53,856 - MMSA [INFO] - TRAIN-(msalm) [1/3/4] >> loss: 0.565  Mult_acc_2: 0.6499  Mult_acc_3: 0.5102  Mult_acc_5: 0.2449  F1_score: 0.6393  MAE: 0.5633  Corr: 0.2679  clm loss: 5.2765 total loss: 7.7663 bn loss: 0.646 av loss: 0.5516 text loss: 0.7272
2025-12-24 19:29:55,421 - MMSA [INFO] - VAL-(msalm) >>  Mult_acc_2: 0.7127  Mult_acc_3: 0.5439  Mult_acc_5: 0.2544  F1_score: 0.6483  MAE: 0.5285  Corr: 0.4352  Loss: 0.5316 
2025-12-24 19:30:02,260 - MMSA [INFO] - TRAIN-(msalm) [1/4/4] >> loss: 0.5102  Mult_acc_2: 0.7098  Mult_acc_3: 0.5599  Mult_acc_5: 0.2829  F1_score: 0.7087  MAE: 0.5024  Corr: 0.4561  clm loss: 4.5147 total loss: 6.7836 bn loss: 0.594 av loss: 0.5119 text loss: 0.6528
2025-12-24 19:30:03,817 - MMSA [INFO] - VAL-(msalm) >>  Mult_acc_2: 0.7303  Mult_acc_3: 0.6162  Mult_acc_5: 0.3180  F1_score: 0.7250  MAE: 0.4801  Corr: 0.5299  Loss: 0.4876 
2025-12-24 19:30:10,664 - MMSA [INFO] - TRAIN-(msalm) [1/5/4] >> loss: 0.488  Mult_acc_2: 0.7303  Mult_acc_3: 0.6118  Mult_acc_5: 0.3268  F1_score: 0.7330  MAE: 0.4723  Corr: 0.5295  clm loss: 4.0469 total loss: 6.2207 bn loss: 0.566 av loss: 0.5056 text loss: 0.6143
2025-12-24 19:30:12,263 - MMSA [INFO] - VAL-(msalm) >>  Mult_acc_2: 0.7259  Mult_acc_3: 0.6096  Mult_acc_5: 0.3662  F1_score: 0.7316  MAE: 0.4866  Corr: 0.5356  Loss: 0.5192 
2025-12-24 19:30:18,308 - MMSA [INFO] - TRAIN-(msalm) [2/6/4] >> loss: 0.4716  Mult_acc_2: 0.7654  Mult_acc_3: 0.6535  Mult_acc_5: 0.3706  F1_score: 0.7675  MAE: 0.4484  Corr: 0.5819  clm loss: 3.8279 total loss: 5.9265 bn loss: 0.5334 av loss: 0.4965 text loss: 0.5971
2025-12-24 19:30:19,888 - MMSA [INFO] - VAL-(msalm) >>  Mult_acc_2: 0.7522  Mult_acc_3: 0.6162  Mult_acc_5: 0.3640  F1_score: 0.7519  MAE: 0.4721  Corr: 0.5487  Loss: 0.5082 
2025-12-24 19:30:25,911 - MMSA [INFO] - TRAIN-(msalm) [3/7/4] >> loss: 0.4655  Mult_acc_2: 0.7697  Mult_acc_3: 0.6418  Mult_acc_5: 0.3706  F1_score: 0.7704  MAE: 0.4451  Corr: 0.5894  clm loss: 3.6377 total loss: 5.7042 bn loss: 0.5151 av loss: 0.4918 text loss: 0.5941
2025-12-24 19:30:27,572 - MMSA [INFO] - VAL-(msalm) >>  Mult_acc_2: 0.7412  Mult_acc_3: 0.6228  Mult_acc_5: 0.3575  F1_score: 0.7407  MAE: 0.4558  Corr: 0.5710  Loss: 0.4684 
2025-12-24 19:30:34,552 - MMSA [INFO] - TRAIN-(msalm) [1/8/4] >> loss: 0.4499  Mult_acc_2: 0.7712  Mult_acc_3: 0.6367  Mult_acc_5: 0.3501  F1_score: 0.7726  MAE: 0.4347  Corr: 0.6122  clm loss: 3.4776 total loss: 5.5004 bn loss: 0.5119 av loss: 0.4824 text loss: 0.5787
2025-12-24 19:30:36,351 - MMSA [INFO] - VAL-(msalm) >>  Mult_acc_2: 0.7500  Mult_acc_3: 0.6184  Mult_acc_5: 0.3531  F1_score: 0.7532  MAE: 0.4455  Corr: 0.5857  Loss: 0.4613 
2025-12-24 19:30:43,459 - MMSA [INFO] - TRAIN-(msalm) [1/9/4] >> loss: 0.4446  Mult_acc_2: 0.7566  Mult_acc_3: 0.6367  Mult_acc_5: 0.3633  F1_score: 0.7593  MAE: 0.4332  Corr: 0.6121  clm loss: 3.3739 total loss: 5.3801 bn loss: 0.4996 av loss: 0.4787 text loss: 0.5833
2025-12-24 19:30:45,068 - MMSA [INFO] - VAL-(msalm) >>  Mult_acc_2: 0.7610  Mult_acc_3: 0.6250  Mult_acc_5: 0.3684  F1_score: 0.7621  MAE: 0.4360  Corr: 0.5945  Loss: 0.4512 
2025-12-24 19:30:52,045 - MMSA [INFO] - TRAIN-(msalm) [1/10/4] >> loss: 0.4351  Mult_acc_2: 0.7734  Mult_acc_3: 0.6506  Mult_acc_5: 0.3582  F1_score: 0.7735  MAE: 0.4229  Corr: 0.6325  clm loss: 3.3514 total loss: 5.3452 bn loss: 0.4956 av loss: 0.4765 text loss: 0.5865
2025-12-24 19:30:53,665 - MMSA [INFO] - VAL-(msalm) >>  Mult_acc_2: 0.7478  Mult_acc_3: 0.6272  Mult_acc_5: 0.3662  F1_score: 0.7520  MAE: 0.4359  Corr: 0.5861  Loss: 0.4363 
2025-12-24 19:31:00,648 - MMSA [INFO] - TRAIN-(msalm) [1/11/4] >> loss: 0.4385  Mult_acc_2: 0.7785  Mult_acc_3: 0.6579  Mult_acc_5: 0.3713  F1_score: 0.7804  MAE: 0.4288  Corr: 0.6278  clm loss: 3.2581 total loss: 5.1872 bn loss: 0.4857 av loss: 0.4709 text loss: 0.5341
2025-12-24 19:31:02,270 - MMSA [INFO] - VAL-(msalm) >>  Mult_acc_2: 0.7368  Mult_acc_3: 0.6206  Mult_acc_5: 0.3399  F1_score: 0.7437  MAE: 0.4365  Corr: 0.6003  Loss: 0.4455 
2025-12-24 19:31:08,317 - MMSA [INFO] - TRAIN-(msalm) [2/12/4] >> loss: 0.4278  Mult_acc_2: 0.7624  Mult_acc_3: 0.6513  Mult_acc_5: 0.3801  F1_score: 0.7636  MAE: 0.4092  Corr: 0.6510  clm loss: 3.2639 total loss: 5.1623 bn loss: 0.4795 av loss: 0.4644 text loss: 0.5267
2025-12-24 19:31:09,915 - MMSA [INFO] - VAL-(msalm) >>  Mult_acc_2: 0.7500  Mult_acc_3: 0.6360  Mult_acc_5: 0.3794  F1_score: 0.7547  MAE: 0.4264  Corr: 0.6169  Loss: 0.4460 
2025-12-24 19:31:15,929 - MMSA [INFO] - TRAIN-(msalm) [3/13/4] >> loss: 0.4195  Mult_acc_2: 0.7858  Mult_acc_3: 0.6703  Mult_acc_5: 0.3999  F1_score: 0.7877  MAE: 0.4005  Corr: 0.6692  clm loss: 3.24 total loss: 5.1354 bn loss: 0.4694 av loss: 0.467 text loss: 0.5394
2025-12-24 19:31:17,625 - MMSA [INFO] - VAL-(msalm) >>  Mult_acc_2: 0.7785  Mult_acc_3: 0.6294  Mult_acc_5: 0.3860  F1_score: 0.7724  MAE: 0.4270  Corr: 0.6189  Loss: 0.4662 
2025-12-24 19:31:23,638 - MMSA [INFO] - TRAIN-(msalm) [4/14/4] >> loss: 0.4011  Mult_acc_2: 0.7880  Mult_acc_3: 0.6923  Mult_acc_5: 0.4225  F1_score: 0.7904  MAE: 0.3798  Corr: 0.6899  clm loss: 3.1619 total loss: 4.9889 bn loss: 0.4529 av loss: 0.4651 text loss: 0.5079
2025-12-24 19:31:25,215 - MMSA [INFO] - VAL-(msalm) >>  Mult_acc_2: 0.7851  Mult_acc_3: 0.6645  Mult_acc_5: 0.4167  F1_score: 0.7806  MAE: 0.4216  Corr: 0.6234  Loss: 0.4729 
2025-12-24 19:31:31,327 - MMSA [INFO] - TRAIN-(msalm) [5/15/4] >> loss: 0.3936  Mult_acc_2: 0.7844  Mult_acc_3: 0.6820  Mult_acc_5: 0.4167  F1_score: 0.7871  MAE: 0.3760  Corr: 0.7016  clm loss: 3.1593 total loss: 4.9846 bn loss: 0.4581 av loss: 0.4633 text loss: 0.5103
2025-12-24 19:31:32,914 - MMSA [INFO] - VAL-(msalm) >>  Mult_acc_2: 0.7281  Mult_acc_3: 0.6469  Mult_acc_5: 0.3728  F1_score: 0.7372  MAE: 0.4127  Corr: 0.6402  Loss: 0.4374 
2025-12-24 19:31:38,880 - MMSA [INFO] - TRAIN-(msalm) [6/16/4] >> loss: 0.385  Mult_acc_2: 0.8129  Mult_acc_3: 0.6974  Mult_acc_5: 0.4159  F1_score: 0.8148  MAE: 0.3693  Corr: 0.7193  clm loss: 3.1471 total loss: 4.9576 bn loss: 0.4422 av loss: 0.4577 text loss: 0.5256
2025-12-24 19:31:40,445 - MMSA [INFO] - VAL-(msalm) >>  Mult_acc_2: 0.7654  Mult_acc_3: 0.6491  Mult_acc_5: 0.4013  F1_score: 0.7721  MAE: 0.4060  Corr: 0.6459  Loss: 0.4394 
2025-12-24 19:31:46,380 - MMSA [INFO] - TRAIN-(msalm) [7/17/4] >> loss: 0.3884  Mult_acc_2: 0.8012  Mult_acc_3: 0.6996  Mult_acc_5: 0.4247  F1_score: 0.8039  MAE: 0.3684  Corr: 0.7136  clm loss: 3.1315 total loss: 4.9493 bn loss: 0.4425 av loss: 0.4605 text loss: 0.5263
2025-12-24 19:31:47,934 - MMSA [INFO] - VAL-(msalm) >>  Mult_acc_2: 0.7917  Mult_acc_3: 0.6491  Mult_acc_5: 0.4079  F1_score: 0.7910  MAE: 0.4027  Corr: 0.6501  Loss: 0.4356 
2025-12-24 19:31:54,689 - MMSA [INFO] - TRAIN-(msalm) [1/18/4] >> loss: 0.3755  Mult_acc_2: 0.8026  Mult_acc_3: 0.7018  Mult_acc_5: 0.4320  F1_score: 0.8050  MAE: 0.3583  Corr: 0.7330  clm loss: 3.0854 total loss: 4.8404 bn loss: 0.4325 av loss: 0.4578 text loss: 0.4893
2025-12-24 19:31:56,274 - MMSA [INFO] - VAL-(msalm) >>  Mult_acc_2: 0.7675  Mult_acc_3: 0.6601  Mult_acc_5: 0.4079  F1_score: 0.7739  MAE: 0.3989  Corr: 0.6567  Loss: 0.4399 
2025-12-24 19:32:02,240 - MMSA [INFO] - TRAIN-(msalm) [2/19/4] >> loss: 0.3755  Mult_acc_2: 0.8194  Mult_acc_3: 0.7025  Mult_acc_5: 0.4196  F1_score: 0.8209  MAE: 0.3604  Corr: 0.7345  clm loss: 3.0862 total loss: 4.8135 bn loss: 0.4213 av loss: 0.4554 text loss: 0.4752
2025-12-24 19:32:03,901 - MMSA [INFO] - VAL-(msalm) >>  Mult_acc_2: 0.7982  Mult_acc_3: 0.6601  Mult_acc_5: 0.4167  F1_score: 0.8001  MAE: 0.3947  Corr: 0.6589  Loss: 0.4347 
2025-12-24 19:32:10,788 - MMSA [INFO] - TRAIN-(msalm) [1/20/4] >> loss: 0.3587  Mult_acc_2: 0.8143  Mult_acc_3: 0.7120  Mult_acc_5: 0.4554  F1_score: 0.8173  MAE: 0.3406  Corr: 0.7578  clm loss: 3.0655 total loss: 4.7528 bn loss: 0.4167 av loss: 0.45 text loss: 0.4618
2025-12-24 19:32:12,369 - MMSA [INFO] - VAL-(msalm) >>  Mult_acc_2: 0.7610  Mult_acc_3: 0.6579  Mult_acc_5: 0.4079  F1_score: 0.7668  MAE: 0.3953  Corr: 0.6535  Loss: 0.4275 
2025-12-24 19:32:19,262 - MMSA [INFO] - TRAIN-(msalm) [1/21/4] >> loss: 0.3555  Mult_acc_2: 0.8085  Mult_acc_3: 0.7113  Mult_acc_5: 0.4539  F1_score: 0.8118  MAE: 0.3374  Corr: 0.7604  clm loss: 3.0081 total loss: 4.6613 bn loss: 0.406 av loss: 0.4581 text loss: 0.4335
2025-12-24 19:32:21,089 - MMSA [INFO] - VAL-(msalm) >>  Mult_acc_2: 0.7741  Mult_acc_3: 0.6557  Mult_acc_5: 0.4101  F1_score: 0.7756  MAE: 0.3982  Corr: 0.6480  Loss: 0.4190 
2025-12-24 19:32:28,149 - MMSA [INFO] - TRAIN-(msalm) [1/22/4] >> loss: 0.3523  Mult_acc_2: 0.8246  Mult_acc_3: 0.7230  Mult_acc_5: 0.4503  F1_score: 0.8263  MAE: 0.3371  Corr: 0.7685  clm loss: 3.0302 total loss: 4.6603 bn loss: 0.3934 av loss: 0.4484 text loss: 0.436
2025-12-24 19:32:29,720 - MMSA [INFO] - VAL-(msalm) >>  Mult_acc_2: 0.7807  Mult_acc_3: 0.6623  Mult_acc_5: 0.4320  F1_score: 0.7816  MAE: 0.3923  Corr: 0.6596  Loss: 0.4129 
2025-12-24 19:32:36,580 - MMSA [INFO] - TRAIN-(msalm) [1/23/4] >> loss: 0.3532  Mult_acc_2: 0.8341  Mult_acc_3: 0.7193  Mult_acc_5: 0.4423  F1_score: 0.8365  MAE: 0.3370  Corr: 0.7671  clm loss: 2.995 total loss: 4.6279 bn loss: 0.3936 av loss: 0.4522 text loss: 0.4338
2025-12-24 19:32:38,164 - MMSA [INFO] - VAL-(msalm) >>  Mult_acc_2: 0.7675  Mult_acc_3: 0.6579  Mult_acc_5: 0.4101  F1_score: 0.7739  MAE: 0.3893  Corr: 0.6684  Loss: 0.4191 
2025-12-24 19:32:44,097 - MMSA [INFO] - TRAIN-(msalm) [2/24/4] >> loss: 0.346  Mult_acc_2: 0.8209  Mult_acc_3: 0.7237  Mult_acc_5: 0.4678  F1_score: 0.8237  MAE: 0.3263  Corr: 0.7680  clm loss: 2.9577 total loss: 4.5706 bn loss: 0.3928 av loss: 0.4519 text loss: 0.4221
2025-12-24 19:32:45,683 - MMSA [INFO] - VAL-(msalm) >>  Mult_acc_2: 0.7763  Mult_acc_3: 0.6579  Mult_acc_5: 0.4167  F1_score: 0.7805  MAE: 0.3884  Corr: 0.6704  Loss: 0.4207 
2025-12-24 19:32:51,620 - MMSA [INFO] - TRAIN-(msalm) [3/25/4] >> loss: 0.3387  Mult_acc_2: 0.8231  Mult_acc_3: 0.7368  Mult_acc_5: 0.4678  F1_score: 0.8261  MAE: 0.3225  Corr: 0.7861  clm loss: 2.9336 total loss: 4.5295 bn loss: 0.3876 av loss: 0.4541 text loss: 0.4154
2025-12-24 19:32:53,192 - MMSA [INFO] - VAL-(msalm) >>  Mult_acc_2: 0.7939  Mult_acc_3: 0.6623  Mult_acc_5: 0.4320  F1_score: 0.7954  MAE: 0.3923  Corr: 0.6653  Loss: 0.4255 
2025-12-24 19:32:59,131 - MMSA [INFO] - TRAIN-(msalm) [4/26/4] >> loss: 0.333  Mult_acc_2: 0.8180  Mult_acc_3: 0.7288  Mult_acc_5: 0.4664  F1_score: 0.8202  MAE: 0.3210  Corr: 0.7856  clm loss: 2.9323 total loss: 4.5465 bn loss: 0.3903 av loss: 0.4592 text loss: 0.4317
2025-12-24 19:33:00,697 - MMSA [INFO] - VAL-(msalm) >>  Mult_acc_2: 0.7873  Mult_acc_3: 0.6535  Mult_acc_5: 0.4189  F1_score: 0.7908  MAE: 0.3895  Corr: 0.6654  Loss: 0.4125 
2025-12-24 19:33:07,536 - MMSA [INFO] - TRAIN-(msalm) [1/27/4] >> loss: 0.3224  Mult_acc_2: 0.8363  Mult_acc_3: 0.7427  Mult_acc_5: 0.4744  F1_score: 0.8396  MAE: 0.3058  Corr: 0.8060  clm loss: 2.8901 total loss: 4.4678 bn loss: 0.3762 av loss: 0.45 text loss: 0.4291
2025-12-24 19:33:09,097 - MMSA [INFO] - VAL-(msalm) >>  Mult_acc_2: 0.7544  Mult_acc_3: 0.6425  Mult_acc_5: 0.4035  F1_score: 0.7613  MAE: 0.3943  Corr: 0.6632  Loss: 0.4211 
2025-12-24 19:33:15,065 - MMSA [INFO] - TRAIN-(msalm) [2/28/4] >> loss: 0.3183  Mult_acc_2: 0.8311  Mult_acc_3: 0.7485  Mult_acc_5: 0.4956  F1_score: 0.8342  MAE: 0.3005  Corr: 0.8050  clm loss: 2.8568 total loss: 4.3874 bn loss: 0.3686 av loss: 0.4516 text loss: 0.3921
2025-12-24 19:33:16,681 - MMSA [INFO] - VAL-(msalm) >>  Mult_acc_2: 0.7719  Mult_acc_3: 0.6601  Mult_acc_5: 0.4057  F1_score: 0.7774  MAE: 0.3963  Corr: 0.6622  Loss: 0.4130 
2025-12-24 19:33:22,781 - MMSA [INFO] - TRAIN-(msalm) [3/29/4] >> loss: 0.3064  Mult_acc_2: 0.8399  Mult_acc_3: 0.7558  Mult_acc_5: 0.5058  F1_score: 0.8428  MAE: 0.2924  Corr: 0.8240  clm loss: 2.8674 total loss: 4.3699 bn loss: 0.355 av loss: 0.4479 text loss: 0.3932
2025-12-24 19:33:24,336 - MMSA [INFO] - VAL-(msalm) >>  Mult_acc_2: 0.7785  Mult_acc_3: 0.6579  Mult_acc_5: 0.4211  F1_score: 0.7837  MAE: 0.3921  Corr: 0.6672  Loss: 0.4142 
2025-12-24 19:33:30,278 - MMSA [INFO] - TRAIN-(msalm) [4/30/4] >> loss: 0.3035  Mult_acc_2: 0.8421  Mult_acc_3: 0.7515  Mult_acc_5: 0.5256  F1_score: 0.8452  MAE: 0.2886  Corr: 0.8234  clm loss: 2.8421 total loss: 4.3226 bn loss: 0.3445 av loss: 0.4436 text loss: 0.3889
2025-12-24 19:33:31,945 - MMSA [INFO] - VAL-(msalm) >>  Mult_acc_2: 0.7675  Mult_acc_3: 0.6579  Mult_acc_5: 0.4145  F1_score: 0.7748  MAE: 0.3920  Corr: 0.6689  Loss: 0.4120 
2025-12-24 19:33:38,831 - MMSA [INFO] - TRAIN-(msalm) [1/31/4] >> loss: 0.2997  Mult_acc_2: 0.8428  Mult_acc_3: 0.7602  Mult_acc_5: 0.5344  F1_score: 0.8461  MAE: 0.2825  Corr: 0.8286  clm loss: 2.8155 total loss: 4.2873 bn loss: 0.3379 av loss: 0.452 text loss: 0.3821
2025-12-24 19:33:40,411 - MMSA [INFO] - VAL-(msalm) >>  Mult_acc_2: 0.7785  Mult_acc_3: 0.6601  Mult_acc_5: 0.4276  F1_score: 0.7842  MAE: 0.3887  Corr: 0.6675  Loss: 0.4094 
2025-12-24 19:33:47,290 - MMSA [INFO] - TRAIN-(msalm) [1/32/4] >> loss: 0.2889  Mult_acc_2: 0.8472  Mult_acc_3: 0.7690  Mult_acc_5: 0.5431  F1_score: 0.8498  MAE: 0.2705  Corr: 0.8437  clm loss: 2.7715 total loss: 4.2191 bn loss: 0.3284 av loss: 0.4506 text loss: 0.3797
2025-12-24 19:33:48,874 - MMSA [INFO] - VAL-(msalm) >>  Mult_acc_2: 0.7544  Mult_acc_3: 0.6623  Mult_acc_5: 0.4232  F1_score: 0.7624  MAE: 0.3938  Corr: 0.6663  Loss: 0.4064 
2025-12-24 19:33:55,768 - MMSA [INFO] - TRAIN-(msalm) [1/33/4] >> loss: 0.2907  Mult_acc_2: 0.8428  Mult_acc_3: 0.7639  Mult_acc_5: 0.5322  F1_score: 0.8459  MAE: 0.2758  Corr: 0.8383  clm loss: 2.7443 total loss: 4.1938 bn loss: 0.3263 av loss: 0.4564 text loss: 0.3762
2025-12-24 19:33:57,349 - MMSA [INFO] - VAL-(msalm) >>  Mult_acc_2: 0.7588  Mult_acc_3: 0.6645  Mult_acc_5: 0.4101  F1_score: 0.7674  MAE: 0.3981  Corr: 0.6662  Loss: 0.4162 
2025-12-24 19:34:03,302 - MMSA [INFO] - TRAIN-(msalm) [2/34/4] >> loss: 0.2779  Mult_acc_2: 0.8655  Mult_acc_3: 0.7880  Mult_acc_5: 0.5665  F1_score: 0.8677  MAE: 0.2582  Corr: 0.8533  clm loss: 2.7431 total loss: 4.1619 bn loss: 0.3246 av loss: 0.4479 text loss: 0.3685
2025-12-24 19:34:04,873 - MMSA [INFO] - VAL-(msalm) >>  Mult_acc_2: 0.7982  Mult_acc_3: 0.6820  Mult_acc_5: 0.4254  F1_score: 0.8023  MAE: 0.3884  Corr: 0.6655  Loss: 0.4092 
2025-12-24 19:34:10,820 - MMSA [INFO] - TRAIN-(msalm) [3/35/4] >> loss: 0.2619  Mult_acc_2: 0.8538  Mult_acc_3: 0.7873  Mult_acc_5: 0.5760  F1_score: 0.8562  MAE: 0.2428  Corr: 0.8700  clm loss: 2.6745 total loss: 4.0299 bn loss: 0.3048 av loss: 0.4468 text loss: 0.3419
2025-12-24 19:34:12,682 - MMSA [INFO] - VAL-(msalm) >>  Mult_acc_2: 0.8004  Mult_acc_3: 0.6842  Mult_acc_5: 0.4232  F1_score: 0.8046  MAE: 0.3956  Corr: 0.6596  Loss: 0.4077 
2025-12-24 19:34:18,632 - MMSA [INFO] - TRAIN-(msalm) [4/36/4] >> loss: 0.2618  Mult_acc_2: 0.8575  Mult_acc_3: 0.7770  Mult_acc_5: 0.5614  F1_score: 0.8601  MAE: 0.2482  Corr: 0.8693  clm loss: 2.6715 total loss: 4.0185 bn loss: 0.2981 av loss: 0.44 text loss: 0.347
2025-12-24 19:34:20,202 - MMSA [INFO] - VAL-(msalm) >>  Mult_acc_2: 0.7895  Mult_acc_3: 0.6820  Mult_acc_5: 0.4298  F1_score: 0.7945  MAE: 0.3924  Corr: 0.6646  Loss: 0.4043 
2025-12-24 19:34:27,068 - MMSA [INFO] - TRAIN-(msalm) [1/37/4] >> loss: 0.2617  Mult_acc_2: 0.8596  Mult_acc_3: 0.7734  Mult_acc_5: 0.5636  F1_score: 0.8622  MAE: 0.2446  Corr: 0.8698  clm loss: 2.6809 total loss: 4.035 bn loss: 0.3049 av loss: 0.4458 text loss: 0.3418
2025-12-24 19:34:28,648 - MMSA [INFO] - VAL-(msalm) >>  Mult_acc_2: 0.7785  Mult_acc_3: 0.6711  Mult_acc_5: 0.4364  F1_score: 0.7851  MAE: 0.3891  Corr: 0.6735  Loss: 0.4063 
2025-12-24 19:34:34,590 - MMSA [INFO] - TRAIN-(msalm) [2/38/4] >> loss: 0.2632  Mult_acc_2: 0.8662  Mult_acc_3: 0.7851  Mult_acc_5: 0.5789  F1_score: 0.8696  MAE: 0.2453  Corr: 0.8656  clm loss: 2.621 total loss: 3.9657 bn loss: 0.2999 av loss: 0.4426 text loss: 0.339
2025-12-24 19:34:36,170 - MMSA [INFO] - VAL-(msalm) >>  Mult_acc_2: 0.7654  Mult_acc_3: 0.6667  Mult_acc_5: 0.4123  F1_score: 0.7734  MAE: 0.3963  Corr: 0.6712  Loss: 0.4221 
2025-12-24 19:34:42,135 - MMSA [INFO] - TRAIN-(msalm) [3/39/4] >> loss: 0.2501  Mult_acc_2: 0.8706  Mult_acc_3: 0.7924  Mult_acc_5: 0.6075  F1_score: 0.8731  MAE: 0.2328  Corr: 0.8862  clm loss: 2.6091 total loss: 3.9452 bn loss: 0.2931 av loss: 0.4473 text loss: 0.3456
2025-12-24 19:34:43,699 - MMSA [INFO] - VAL-(msalm) >>  Mult_acc_2: 0.7807  Mult_acc_3: 0.6864  Mult_acc_5: 0.4452  F1_score: 0.7871  MAE: 0.3886  Corr: 0.6729  Loss: 0.3996 
2025-12-24 19:34:50,590 - MMSA [INFO] - TRAIN-(msalm) [1/40/4] >> loss: 0.2407  Mult_acc_2: 0.8750  Mult_acc_3: 0.8056  Mult_acc_5: 0.6177  F1_score: 0.8775  MAE: 0.2216  Corr: 0.8934  clm loss: 2.5829 total loss: 3.863 bn loss: 0.2781 av loss: 0.4446 text loss: 0.3166
2025-12-24 19:34:52,184 - MMSA [INFO] - VAL-(msalm) >>  Mult_acc_2: 0.7675  Mult_acc_3: 0.6776  Mult_acc_5: 0.4276  F1_score: 0.7748  MAE: 0.3952  Corr: 0.6638  Loss: 0.4004 
2025-12-24 19:34:58,139 - MMSA [INFO] - TRAIN-(msalm) [2/41/4] >> loss: 0.2411  Mult_acc_2: 0.8538  Mult_acc_3: 0.7902  Mult_acc_5: 0.6023  F1_score: 0.8578  MAE: 0.2243  Corr: 0.8925  clm loss: 2.5811 total loss: 3.8635 bn loss: 0.2769 av loss: 0.4415 text loss: 0.3229
2025-12-24 19:34:59,713 - MMSA [INFO] - VAL-(msalm) >>  Mult_acc_2: 0.7478  Mult_acc_3: 0.6623  Mult_acc_5: 0.4211  F1_score: 0.7572  MAE: 0.3998  Corr: 0.6682  Loss: 0.3998 
2025-12-24 19:35:05,692 - MMSA [INFO] - TRAIN-(msalm) [3/42/4] >> loss: 0.2344  Mult_acc_2: 0.8582  Mult_acc_3: 0.7895  Mult_acc_5: 0.6060  F1_score: 0.8615  MAE: 0.2156  Corr: 0.9005  clm loss: 2.5176 total loss: 3.7702 bn loss: 0.2621 av loss: 0.4471 text loss: 0.3091
2025-12-24 19:35:07,557 - MMSA [INFO] - VAL-(msalm) >>  Mult_acc_2: 0.7610  Mult_acc_3: 0.6689  Mult_acc_5: 0.4276  F1_score: 0.7689  MAE: 0.3956  Corr: 0.6719  Loss: 0.4080 
2025-12-24 19:35:13,514 - MMSA [INFO] - TRAIN-(msalm) [4/43/4] >> loss: 0.238  Mult_acc_2: 0.8655  Mult_acc_3: 0.7814  Mult_acc_5: 0.6031  F1_score: 0.8686  MAE: 0.2210  Corr: 0.8918  clm loss: 2.4815 total loss: 3.7159 bn loss: 0.2586 av loss: 0.441 text loss: 0.2969
2025-12-24 19:35:15,089 - MMSA [INFO] - VAL-(msalm) >>  Mult_acc_2: 0.7785  Mult_acc_3: 0.6689  Mult_acc_5: 0.4364  F1_score: 0.7839  MAE: 0.3937  Corr: 0.6667  Loss: 0.4089 
2025-12-24 19:35:21,036 - MMSA [INFO] - TRAIN-(msalm) [5/44/4] >> loss: 0.2326  Mult_acc_2: 0.8779  Mult_acc_3: 0.8019  Mult_acc_5: 0.5928  F1_score: 0.8804  MAE: 0.2209  Corr: 0.9015  clm loss: 2.4872 total loss: 3.711 bn loss: 0.2582 av loss: 0.44 text loss: 0.293
2025-12-24 19:35:22,621 - MMSA [INFO] - VAL-(msalm) >>  Mult_acc_2: 0.7544  Mult_acc_3: 0.6711  Mult_acc_5: 0.4298  F1_score: 0.7622  MAE: 0.3938  Corr: 0.6673  Loss: 0.3980 
2025-12-24 19:35:29,506 - MMSA [INFO] - TRAIN-(msalm) [1/45/4] >> loss: 0.2173  Mult_acc_2: 0.8721  Mult_acc_3: 0.8129  Mult_acc_5: 0.6418  F1_score: 0.8753  MAE: 0.1992  Corr: 0.9128  clm loss: 2.4702 total loss: 3.6691 bn loss: 0.2564 av loss: 0.4365 text loss: 0.2887
2025-12-24 19:35:31,090 - MMSA [INFO] - VAL-(msalm) >>  Mult_acc_2: 0.7719  Mult_acc_3: 0.6776  Mult_acc_5: 0.4539  F1_score: 0.7776  MAE: 0.3880  Corr: 0.6673  Loss: 0.4052 
2025-12-24 19:35:37,044 - MMSA [INFO] - TRAIN-(msalm) [2/46/4] >> loss: 0.2251  Mult_acc_2: 0.8655  Mult_acc_3: 0.8004  Mult_acc_5: 0.6301  F1_score: 0.8688  MAE: 0.2047  Corr: 0.9078  clm loss: 2.4441 total loss: 3.6563 bn loss: 0.2487 av loss: 0.4457 text loss: 0.2928
2025-12-24 19:35:38,610 - MMSA [INFO] - VAL-(msalm) >>  Mult_acc_2: 0.7873  Mult_acc_3: 0.6820  Mult_acc_5: 0.4408  F1_score: 0.7911  MAE: 0.3914  Corr: 0.6627  Loss: 0.3902 
2025-12-24 19:35:45,545 - MMSA [INFO] - TRAIN-(msalm) [1/47/4] >> loss: 0.2085  Mult_acc_2: 0.8816  Mult_acc_3: 0.8348  Mult_acc_5: 0.6542  F1_score: 0.8843  MAE: 0.1921  Corr: 0.9227  clm loss: 2.4128 total loss: 3.5695 bn loss: 0.2384 av loss: 0.4359 text loss: 0.2738
2025-12-24 19:35:47,112 - MMSA [INFO] - VAL-(msalm) >>  Mult_acc_2: 0.7741  Mult_acc_3: 0.6754  Mult_acc_5: 0.4364  F1_score: 0.7791  MAE: 0.3956  Corr: 0.6568  Loss: 0.4156 
2025-12-24 19:35:53,080 - MMSA [INFO] - TRAIN-(msalm) [2/48/4] >> loss: 0.2003  Mult_acc_2: 0.8816  Mult_acc_3: 0.8224  Mult_acc_5: 0.6645  F1_score: 0.8844  MAE: 0.1844  Corr: 0.9271  clm loss: 2.3727 total loss: 3.5245 bn loss: 0.2442 av loss: 0.4349 text loss: 0.2723
2025-12-24 19:35:54,674 - MMSA [INFO] - VAL-(msalm) >>  Mult_acc_2: 0.7917  Mult_acc_3: 0.6864  Mult_acc_5: 0.4627  F1_score: 0.7945  MAE: 0.3885  Corr: 0.6632  Loss: 0.3905 
2025-12-24 19:36:00,797 - MMSA [INFO] - TRAIN-(msalm) [3/49/4] >> loss: 0.2027  Mult_acc_2: 0.8787  Mult_acc_3: 0.8275  Mult_acc_5: 0.6806  F1_score: 0.8817  MAE: 0.1863  Corr: 0.9232  clm loss: 2.3874 total loss: 3.5413 bn loss: 0.2419 av loss: 0.4399 text loss: 0.2694
2025-12-24 19:36:02,357 - MMSA [INFO] - VAL-(msalm) >>  Mult_acc_2: 0.7851  Mult_acc_3: 0.6754  Mult_acc_5: 0.4539  F1_score: 0.7888  MAE: 0.3889  Corr: 0.6659  Loss: 0.3870 
2025-12-24 19:36:09,240 - MMSA [INFO] - TRAIN-(msalm) [1/50/4] >> loss: 0.2049  Mult_acc_2: 0.8801  Mult_acc_3: 0.8209  Mult_acc_5: 0.6630  F1_score: 0.8829  MAE: 0.1882  Corr: 0.9235  clm loss: 2.3972 total loss: 3.5552 bn loss: 0.2383 av loss: 0.4374 text loss: 0.2775
2025-12-24 19:36:10,829 - MMSA [INFO] - VAL-(msalm) >>  Mult_acc_2: 0.7763  Mult_acc_3: 0.6667  Mult_acc_5: 0.4342  F1_score: 0.7811  MAE: 0.3876  Corr: 0.6673  Loss: 0.3939 
2025-12-24 19:36:16,795 - MMSA [INFO] - TRAIN-(msalm) [2/51/4] >> loss: 0.1945  Mult_acc_2: 0.8816  Mult_acc_3: 0.8289  Mult_acc_5: 0.6871  F1_score: 0.8847  MAE: 0.1786  Corr: 0.9304  clm loss: 2.3291 total loss: 3.4399 bn loss: 0.2217 av loss: 0.4303 text loss: 0.2643
2025-12-24 19:36:18,369 - MMSA [INFO] - VAL-(msalm) >>  Mult_acc_2: 0.7654  Mult_acc_3: 0.6535  Mult_acc_5: 0.4167  F1_score: 0.7719  MAE: 0.3921  Corr: 0.6623  Loss: 0.4054 
2025-12-24 19:36:24,313 - MMSA [INFO] - TRAIN-(msalm) [3/52/4] >> loss: 0.1974  Mult_acc_2: 0.8808  Mult_acc_3: 0.8158  Mult_acc_5: 0.6645  F1_score: 0.8836  MAE: 0.1779  Corr: 0.9320  clm loss: 2.3105 total loss: 3.4276 bn loss: 0.216 av loss: 0.4445 text loss: 0.2593
2025-12-24 19:36:25,895 - MMSA [INFO] - VAL-(msalm) >>  Mult_acc_2: 0.7675  Mult_acc_3: 0.6623  Mult_acc_5: 0.4320  F1_score: 0.7731  MAE: 0.3939  Corr: 0.6614  Loss: 0.3943 
2025-12-24 19:36:31,860 - MMSA [INFO] - TRAIN-(msalm) [4/53/4] >> loss: 0.1823  Mult_acc_2: 0.8896  Mult_acc_3: 0.8436  Mult_acc_5: 0.7010  F1_score: 0.8924  MAE: 0.1666  Corr: 0.9409  clm loss: 2.2769 total loss: 3.3688 bn loss: 0.2155 av loss: 0.447 text loss: 0.247
2025-12-24 19:36:33,514 - MMSA [INFO] - VAL-(msalm) >>  Mult_acc_2: 0.7829  Mult_acc_3: 0.6732  Mult_acc_5: 0.4671  F1_score: 0.7868  MAE: 0.3862  Corr: 0.6705  Loss: 0.3916 
2025-12-24 19:36:39,474 - MMSA [INFO] - TRAIN-(msalm) [5/54/4] >> loss: 0.1943  Mult_acc_2: 0.8823  Mult_acc_3: 0.8136  Mult_acc_5: 0.6718  F1_score: 0.8852  MAE: 0.1757  Corr: 0.9355  clm loss: 2.2837 total loss: 3.3905 bn loss: 0.2129 av loss: 0.4403 text loss: 0.2594
2025-12-24 19:36:41,052 - MMSA [INFO] - VAL-(msalm) >>  Mult_acc_2: 0.7566  Mult_acc_3: 0.6601  Mult_acc_5: 0.4474  F1_score: 0.7636  MAE: 0.3899  Corr: 0.6706  Loss: 0.4037 
2025-12-24 19:36:47,030 - MMSA [INFO] - TRAIN-(msalm) [6/55/4] >> loss: 0.1936  Mult_acc_2: 0.8801  Mult_acc_3: 0.8260  Mult_acc_5: 0.6871  F1_score: 0.8833  MAE: 0.1737  Corr: 0.9362  clm loss: 2.2511 total loss: 3.3478 bn loss: 0.2094 av loss: 0.4423 text loss: 0.2513
2025-12-24 19:36:48,610 - MMSA [INFO] - VAL-(msalm) >>  Mult_acc_2: 0.7632  Mult_acc_3: 0.6557  Mult_acc_5: 0.4342  F1_score: 0.7691  MAE: 0.3906  Corr: 0.6669  Loss: 0.3995 
2025-12-24 19:36:54,557 - MMSA [INFO] - TRAIN-(msalm) [7/56/4] >> loss: 0.1851  Mult_acc_2: 0.8794  Mult_acc_3: 0.8304  Mult_acc_5: 0.6849  F1_score: 0.8827  MAE: 0.1712  Corr: 0.9376  clm loss: 2.2498 total loss: 3.3275 bn loss: 0.2088 av loss: 0.4429 text loss: 0.241
2025-12-24 19:36:56,145 - MMSA [INFO] - VAL-(msalm) >>  Mult_acc_2: 0.7478  Mult_acc_3: 0.6689  Mult_acc_5: 0.4211  F1_score: 0.7561  MAE: 0.3941  Corr: 0.6729  Loss: 0.4018 
2025-12-24 19:37:02,271 - MMSA [INFO] - TRAIN-(msalm) [8/57/4] >> loss: 0.1864  Mult_acc_2: 0.8735  Mult_acc_3: 0.8282  Mult_acc_5: 0.6820  F1_score: 0.8770  MAE: 0.1685  Corr: 0.9428  clm loss: 2.2055 total loss: 3.2686 bn loss: 0.1995 av loss: 0.4319 text loss: 0.2453
2025-12-24 19:37:03,935 - MMSA [INFO] - VAL-(msalm) >>  Mult_acc_2: 0.7632  Mult_acc_3: 0.6645  Mult_acc_5: 0.4386  F1_score: 0.7698  MAE: 0.3912  Corr: 0.6693  Loss: 0.3981 
2025-12-24 19:37:09,907 - MMSA [INFO] - TRAIN-(msalm) [9/58/4] >> loss: 0.1906  Mult_acc_2: 0.8940  Mult_acc_3: 0.8370  Mult_acc_5: 0.7010  F1_score: 0.8963  MAE: 0.1707  Corr: 0.9407  clm loss: 2.224 total loss: 3.3008 bn loss: 0.2029 av loss: 0.4347 text loss: 0.2486
2025-12-24 19:37:11,494 - MMSA [INFO] - VAL-(msalm) >>  Mult_acc_2: 0.7697  Mult_acc_3: 0.6689  Mult_acc_5: 0.4254  F1_score: 0.7761  MAE: 0.3895  Corr: 0.6751  Loss: 0.3997 
2025-12-24 19:37:17,464 - MMSA [INFO] - TRAIN-(msalm) [10/59/4] >> loss: 0.1683  Mult_acc_2: 0.8962  Mult_acc_3: 0.8341  Mult_acc_5: 0.7069  F1_score: 0.8988  MAE: 0.1507  Corr: 0.9532  clm loss: 2.1703 total loss: 3.1874 bn loss: 0.1898 av loss: 0.4236 text loss: 0.2354
2025-12-24 19:37:19,047 - MMSA [INFO] - VAL-(msalm) >>  Mult_acc_2: 0.7785  Mult_acc_3: 0.6689  Mult_acc_5: 0.4518  F1_score: 0.7837  MAE: 0.3862  Corr: 0.6743  Loss: 0.3900 
2025-12-24 19:37:21,035 - MMSA [INFO] - TEST-(msalm) >>  Mult_acc_2: 0.8118  Mult_acc_3: 0.6761  Mult_acc_5: 0.4158  F1_score: 0.8145  MAE: 0.3693  Corr: 0.7122  Loss: 0.3867 
2025-12-24 19:37:22,296 - MMSA [INFO] - Result for seed 1993: {'Mult_acc_2': 0.8118, 'Mult_acc_3': 0.6761, 'Mult_acc_5': 0.4158, 'F1_score': 0.8145, 'MAE': 0.3693, 'Corr': 0.7122, 'Loss': 0.3867, 'seed': 1993}
2025-12-24 19:37:22,299 - MMSA [INFO] - ------------------------------ Running with seed 1994 [5/5] ------------------------------
2025-12-24 19:38:40,900 - MMSA [INFO] - The model has 143960347 trainable parameters
2025-12-24 19:38:46,896 - MMSA [INFO] - TRAIN-(msalm) [1/1/5] >> loss: 0.6261  Mult_acc_2: 0.6009  Mult_acc_3: 0.4335  Mult_acc_5: 0.1923  F1_score: 0.5912  MAE: 0.6262  Corr: 0.0439  clm loss: 7.6098 total loss: 10.8888 bn loss: 1.0573 av loss: 0.6561 text loss: 0.9395
2025-12-24 19:38:48,533 - MMSA [INFO] - VAL-(msalm) >>  Mult_acc_2: 0.6491  Mult_acc_3: 0.5022  Mult_acc_5: 0.2632  F1_score: 0.5797  MAE: 0.6091  Corr: 0.0679  Loss: 0.6234 
2025-12-24 19:38:55,479 - MMSA [INFO] - TRAIN-(msalm) [1/2/5] >> loss: 0.5934  Mult_acc_2: 0.6389  Mult_acc_3: 0.4744  Mult_acc_5: 0.2244  F1_score: 0.6292  MAE: 0.5921  Corr: 0.1692  clm loss: 6.4728 total loss: 9.2962 bn loss: 0.846 av loss: 0.615 text loss: 0.7691
2025-12-24 19:38:57,136 - MMSA [INFO] - VAL-(msalm) >>  Mult_acc_2: 0.6798  Mult_acc_3: 0.5110  Mult_acc_5: 0.2654  F1_score: 0.6187  MAE: 0.5576  Corr: 0.2514  Loss: 0.5693 
2025-12-24 19:39:04,038 - MMSA [INFO] - TRAIN-(msalm) [1/3/5] >> loss: 0.5635  Mult_acc_2: 0.6725  Mult_acc_3: 0.5227  Mult_acc_5: 0.2442  F1_score: 0.6655  MAE: 0.5583  Corr: 0.3020  clm loss: 5.357 total loss: 7.8767 bn loss: 0.7048 av loss: 0.5759 text loss: 0.6755
2025-12-24 19:39:05,628 - MMSA [INFO] - VAL-(msalm) >>  Mult_acc_2: 0.6886  Mult_acc_3: 0.5461  Mult_acc_5: 0.2895  F1_score: 0.6578  MAE: 0.5347  Corr: 0.3665  Loss: 0.5582 
2025-12-24 19:39:12,516 - MMSA [INFO] - TRAIN-(msalm) [1/4/5] >> loss: 0.5308  Mult_acc_2: 0.6923  Mult_acc_3: 0.5461  Mult_acc_5: 0.2705  F1_score: 0.6909  MAE: 0.5240  Corr: 0.3997  clm loss: 4.601 total loss: 6.9647 bn loss: 0.6551 av loss: 0.5486 text loss: 0.6292
2025-12-24 19:39:14,118 - MMSA [INFO] - VAL-(msalm) >>  Mult_acc_2: 0.6557  Mult_acc_3: 0.5439  Mult_acc_5: 0.2500  F1_score: 0.6688  MAE: 0.5194  Corr: 0.4599  Loss: 0.5165 
2025-12-24 19:39:21,002 - MMSA [INFO] - TRAIN-(msalm) [1/5/5] >> loss: 0.497  Mult_acc_2: 0.7339  Mult_acc_3: 0.5987  Mult_acc_5: 0.3129  F1_score: 0.7361  MAE: 0.4838  Corr: 0.5043  clm loss: 4.0791 total loss: 6.278 bn loss: 0.6004 av loss: 0.5093 text loss: 0.5921
2025-12-24 19:39:22,577 - MMSA [INFO] - VAL-(msalm) >>  Mult_acc_2: 0.6689  Mult_acc_3: 0.5789  Mult_acc_5: 0.3158  F1_score: 0.6816  MAE: 0.5001  Corr: 0.5063  Loss: 0.5210 
2025-12-24 19:39:28,545 - MMSA [INFO] - TRAIN-(msalm) [2/6/5] >> loss: 0.4844  Mult_acc_2: 0.7325  Mult_acc_3: 0.6111  Mult_acc_5: 0.3443  F1_score: 0.7360  MAE: 0.4667  Corr: 0.5432  clm loss: 3.8544 total loss: 5.9652 bn loss: 0.5526 av loss: 0.4997 text loss: 0.5742
2025-12-24 19:39:30,210 - MMSA [INFO] - VAL-(msalm) >>  Mult_acc_2: 0.7039  Mult_acc_3: 0.5899  Mult_acc_5: 0.3377  F1_score: 0.7135  MAE: 0.4914  Corr: 0.5126  Loss: 0.5230 
2025-12-24 19:39:36,214 - MMSA [INFO] - TRAIN-(msalm) [3/7/5] >> loss: 0.4841  Mult_acc_2: 0.7507  Mult_acc_3: 0.6228  Mult_acc_5: 0.3370  F1_score: 0.7516  MAE: 0.4659  Corr: 0.5438  clm loss: 3.6775 total loss: 5.7647 bn loss: 0.5358 av loss: 0.4964 text loss: 0.5708
2025-12-24 19:39:37,821 - MMSA [INFO] - VAL-(msalm) >>  Mult_acc_2: 0.7259  Mult_acc_3: 0.6206  Mult_acc_5: 0.3531  F1_score: 0.7308  MAE: 0.4600  Corr: 0.5451  Loss: 0.4779 
2025-12-24 19:39:44,804 - MMSA [INFO] - TRAIN-(msalm) [1/8/5] >> loss: 0.4665  Mult_acc_2: 0.7617  Mult_acc_3: 0.6250  Mult_acc_5: 0.3304  F1_score: 0.7629  MAE: 0.4546  Corr: 0.5781  clm loss: 3.4932 total loss: 5.5137 bn loss: 0.5219 av loss: 0.4757 text loss: 0.5565
2025-12-24 19:39:46,617 - MMSA [INFO] - VAL-(msalm) >>  Mult_acc_2: 0.7456  Mult_acc_3: 0.6250  Mult_acc_5: 0.3640  F1_score: 0.7446  MAE: 0.4544  Corr: 0.5597  Loss: 0.4786 
2025-12-24 19:39:52,644 - MMSA [INFO] - TRAIN-(msalm) [2/9/5] >> loss: 0.4534  Mult_acc_2: 0.7537  Mult_acc_3: 0.6389  Mult_acc_5: 0.3472  F1_score: 0.7548  MAE: 0.4438  Corr: 0.5928  clm loss: 3.3576 total loss: 5.3723 bn loss: 0.5044 av loss: 0.4771 text loss: 0.5799
2025-12-24 19:39:54,277 - MMSA [INFO] - VAL-(msalm) >>  Mult_acc_2: 0.7061  Mult_acc_3: 0.6250  Mult_acc_5: 0.3618  F1_score: 0.7150  MAE: 0.4534  Corr: 0.5704  Loss: 0.4753 
2025-12-24 19:40:01,183 - MMSA [INFO] - TRAIN-(msalm) [1/10/5] >> loss: 0.4414  Mult_acc_2: 0.7515  Mult_acc_3: 0.6462  Mult_acc_5: 0.3596  F1_score: 0.7542  MAE: 0.4286  Corr: 0.6137  clm loss: 3.3391 total loss: 5.3024 bn loss: 0.5052 av loss: 0.475 text loss: 0.5417
2025-12-24 19:40:02,803 - MMSA [INFO] - VAL-(msalm) >>  Mult_acc_2: 0.6732  Mult_acc_3: 0.5965  Mult_acc_5: 0.3618  F1_score: 0.6858  MAE: 0.4671  Corr: 0.5705  Loss: 0.4972 
2025-12-24 19:40:08,813 - MMSA [INFO] - TRAIN-(msalm) [2/11/5] >> loss: 0.4453  Mult_acc_2: 0.7544  Mult_acc_3: 0.6433  Mult_acc_5: 0.3655  F1_score: 0.7572  MAE: 0.4260  Corr: 0.6307  clm loss: 3.2775 total loss: 5.2182 bn loss: 0.4911 av loss: 0.4707 text loss: 0.5335
2025-12-24 19:40:10,475 - MMSA [INFO] - VAL-(msalm) >>  Mult_acc_2: 0.7368  Mult_acc_3: 0.6184  Mult_acc_5: 0.3947  F1_score: 0.7393  MAE: 0.4453  Corr: 0.5752  Loss: 0.4944 
2025-12-24 19:40:16,549 - MMSA [INFO] - TRAIN-(msalm) [3/12/5] >> loss: 0.4369  Mult_acc_2: 0.7558  Mult_acc_3: 0.6623  Mult_acc_5: 0.3765  F1_score: 0.7608  MAE: 0.4206  Corr: 0.6286  clm loss: 3.2505 total loss: 5.1684 bn loss: 0.4835 av loss: 0.4688 text loss: 0.5287
2025-12-24 19:40:18,158 - MMSA [INFO] - VAL-(msalm) >>  Mult_acc_2: 0.7588  Mult_acc_3: 0.6469  Mult_acc_5: 0.4232  F1_score: 0.7550  MAE: 0.4431  Corr: 0.5829  Loss: 0.4848 
2025-12-24 19:40:24,210 - MMSA [INFO] - TRAIN-(msalm) [4/13/5] >> loss: 0.4348  Mult_acc_2: 0.7741  Mult_acc_3: 0.6557  Mult_acc_5: 0.3655  F1_score: 0.7771  MAE: 0.4165  Corr: 0.6538  clm loss: 3.1975 total loss: 5.1079 bn loss: 0.4753 av loss: 0.4673 text loss: 0.5329
2025-12-24 19:40:25,828 - MMSA [INFO] - VAL-(msalm) >>  Mult_acc_2: 0.7259  Mult_acc_3: 0.6206  Mult_acc_5: 0.3925  F1_score: 0.7335  MAE: 0.4330  Corr: 0.6010  Loss: 0.4679 
2025-12-24 19:40:32,829 - MMSA [INFO] - TRAIN-(msalm) [1/14/5] >> loss: 0.4209  Mult_acc_2: 0.7844  Mult_acc_3: 0.6711  Mult_acc_5: 0.3830  F1_score: 0.7873  MAE: 0.4054  Corr: 0.6588  clm loss: 3.2101 total loss: 5.0934 bn loss: 0.4722 av loss: 0.4579 text loss: 0.5323
2025-12-24 19:40:34,552 - MMSA [INFO] - VAL-(msalm) >>  Mult_acc_2: 0.7193  Mult_acc_3: 0.6009  Mult_acc_5: 0.3509  F1_score: 0.7291  MAE: 0.4383  Corr: 0.6109  Loss: 0.4689 
2025-12-24 19:40:40,494 - MMSA [INFO] - TRAIN-(msalm) [2/15/5] >> loss: 0.3965  Mult_acc_2: 0.8056  Mult_acc_3: 0.6966  Mult_acc_5: 0.4152  F1_score: 0.8080  MAE: 0.3810  Corr: 0.7006  clm loss: 3.1737 total loss: 5.0167 bn loss: 0.4641 av loss: 0.4613 text loss: 0.5211
2025-12-24 19:40:42,050 - MMSA [INFO] - VAL-(msalm) >>  Mult_acc_2: 0.7281  Mult_acc_3: 0.6009  Mult_acc_5: 0.3575  F1_score: 0.7370  MAE: 0.4308  Corr: 0.6165  Loss: 0.4698 
2025-12-24 19:40:48,263 - MMSA [INFO] - TRAIN-(msalm) [3/16/5] >> loss: 0.3952  Mult_acc_2: 0.7953  Mult_acc_3: 0.6835  Mult_acc_5: 0.4189  F1_score: 0.7985  MAE: 0.3772  Corr: 0.7016  clm loss: 3.1463 total loss: 4.9472 bn loss: 0.4665 av loss: 0.4624 text loss: 0.4769
2025-12-24 19:40:49,832 - MMSA [INFO] - VAL-(msalm) >>  Mult_acc_2: 0.7500  Mult_acc_3: 0.6184  Mult_acc_5: 0.3706  F1_score: 0.7560  MAE: 0.4190  Corr: 0.6293  Loss: 0.4557 
2025-12-24 19:40:56,623 - MMSA [INFO] - TRAIN-(msalm) [1/17/5] >> loss: 0.3834  Mult_acc_2: 0.8056  Mult_acc_3: 0.6930  Mult_acc_5: 0.4393  F1_score: 0.8084  MAE: 0.3611  Corr: 0.7252  clm loss: 3.1318 total loss: 4.9236 bn loss: 0.4419 av loss: 0.4572 text loss: 0.5092
2025-12-24 19:40:58,193 - MMSA [INFO] - VAL-(msalm) >>  Mult_acc_2: 0.7346  Mult_acc_3: 0.6272  Mult_acc_5: 0.3882  F1_score: 0.7428  MAE: 0.4215  Corr: 0.6297  Loss: 0.4568 
2025-12-24 19:41:04,107 - MMSA [INFO] - TRAIN-(msalm) [2/18/5] >> loss: 0.375  Mult_acc_2: 0.8085  Mult_acc_3: 0.7032  Mult_acc_5: 0.4349  F1_score: 0.8114  MAE: 0.3533  Corr: 0.7363  clm loss: 3.0742 total loss: 4.8492 bn loss: 0.4391 av loss: 0.4553 text loss: 0.5055
2025-12-24 19:41:05,686 - MMSA [INFO] - VAL-(msalm) >>  Mult_acc_2: 0.7193  Mult_acc_3: 0.6140  Mult_acc_5: 0.3904  F1_score: 0.7299  MAE: 0.4258  Corr: 0.6353  Loss: 0.4498 
2025-12-24 19:41:12,481 - MMSA [INFO] - TRAIN-(msalm) [1/19/5] >> loss: 0.3731  Mult_acc_2: 0.8056  Mult_acc_3: 0.7083  Mult_acc_5: 0.4189  F1_score: 0.8088  MAE: 0.3593  Corr: 0.7370  clm loss: 3.1125 total loss: 4.8511 bn loss: 0.4424 av loss: 0.454 text loss: 0.4691
2025-12-24 19:41:14,054 - MMSA [INFO] - VAL-(msalm) >>  Mult_acc_2: 0.7259  Mult_acc_3: 0.6338  Mult_acc_5: 0.3991  F1_score: 0.7349  MAE: 0.4130  Corr: 0.6367  Loss: 0.4368 
2025-12-24 19:41:20,855 - MMSA [INFO] - TRAIN-(msalm) [1/20/5] >> loss: 0.3537  Mult_acc_2: 0.8121  Mult_acc_3: 0.7193  Mult_acc_5: 0.4496  F1_score: 0.8157  MAE: 0.3356  Corr: 0.7696  clm loss: 3.0523 total loss: 4.7087 bn loss: 0.4204 av loss: 0.4454 text loss: 0.437
2025-12-24 19:41:22,423 - MMSA [INFO] - VAL-(msalm) >>  Mult_acc_2: 0.7259  Mult_acc_3: 0.6382  Mult_acc_5: 0.3969  F1_score: 0.7351  MAE: 0.4154  Corr: 0.6352  Loss: 0.4740 
2025-12-24 19:41:28,349 - MMSA [INFO] - TRAIN-(msalm) [2/21/5] >> loss: 0.3686  Mult_acc_2: 0.8136  Mult_acc_3: 0.7120  Mult_acc_5: 0.4393  F1_score: 0.8177  MAE: 0.3474  Corr: 0.7456  clm loss: 3.0294 total loss: 4.7112 bn loss: 0.4013 av loss: 0.4516 text loss: 0.4603
2025-12-24 19:41:29,922 - MMSA [INFO] - VAL-(msalm) >>  Mult_acc_2: 0.7303  Mult_acc_3: 0.6294  Mult_acc_5: 0.4101  F1_score: 0.7404  MAE: 0.4240  Corr: 0.6363  Loss: 0.4683 
2025-12-24 19:41:35,816 - MMSA [INFO] - TRAIN-(msalm) [3/22/5] >> loss: 0.3538  Mult_acc_2: 0.8194  Mult_acc_3: 0.7303  Mult_acc_5: 0.4532  F1_score: 0.8225  MAE: 0.3402  Corr: 0.7688  clm loss: 3.0225 total loss: 4.6534 bn loss: 0.3933 av loss: 0.4531 text loss: 0.4307
2025-12-24 19:41:37,650 - MMSA [INFO] - VAL-(msalm) >>  Mult_acc_2: 0.7500  Mult_acc_3: 0.6294  Mult_acc_5: 0.3969  F1_score: 0.7578  MAE: 0.4092  Corr: 0.6392  Loss: 0.4351 
2025-12-24 19:41:44,361 - MMSA [INFO] - TRAIN-(msalm) [1/23/5] >> loss: 0.348  Mult_acc_2: 0.8282  Mult_acc_3: 0.7200  Mult_acc_5: 0.4635  F1_score: 0.8309  MAE: 0.3343  Corr: 0.7728  clm loss: 2.9802 total loss: 4.6053 bn loss: 0.3893 av loss: 0.4563 text loss: 0.4315
2025-12-24 19:41:45,926 - MMSA [INFO] - VAL-(msalm) >>  Mult_acc_2: 0.7303  Mult_acc_3: 0.6360  Mult_acc_5: 0.4123  F1_score: 0.7403  MAE: 0.4112  Corr: 0.6419  Loss: 0.4499 
2025-12-24 19:41:51,835 - MMSA [INFO] - TRAIN-(msalm) [2/24/5] >> loss: 0.3347  Mult_acc_2: 0.8173  Mult_acc_3: 0.7251  Mult_acc_5: 0.4978  F1_score: 0.8214  MAE: 0.3136  Corr: 0.7802  clm loss: 2.9664 total loss: 4.5665 bn loss: 0.388 av loss: 0.4564 text loss: 0.421
2025-12-24 19:41:53,538 - MMSA [INFO] - VAL-(msalm) >>  Mult_acc_2: 0.7346  Mult_acc_3: 0.6338  Mult_acc_5: 0.3969  F1_score: 0.7432  MAE: 0.4092  Corr: 0.6378  Loss: 0.4519 
2025-12-24 19:41:59,465 - MMSA [INFO] - TRAIN-(msalm) [3/25/5] >> loss: 0.3346  Mult_acc_2: 0.8341  Mult_acc_3: 0.7332  Mult_acc_5: 0.4722  F1_score: 0.8373  MAE: 0.3168  Corr: 0.7910  clm loss: 2.929 total loss: 4.5116 bn loss: 0.3868 av loss: 0.4496 text loss: 0.4116
2025-12-24 19:42:01,027 - MMSA [INFO] - VAL-(msalm) >>  Mult_acc_2: 0.7566  Mult_acc_3: 0.6425  Mult_acc_5: 0.3860  F1_score: 0.7616  MAE: 0.4125  Corr: 0.6285  Loss: 0.4222 
2025-12-24 19:42:07,828 - MMSA [INFO] - TRAIN-(msalm) [1/26/5] >> loss: 0.3284  Mult_acc_2: 0.8202  Mult_acc_3: 0.7288  Mult_acc_5: 0.4788  F1_score: 0.8233  MAE: 0.3123  Corr: 0.7967  clm loss: 2.9039 total loss: 4.4672 bn loss: 0.3731 av loss: 0.457 text loss: 0.4048
2025-12-24 19:42:09,409 - MMSA [INFO] - VAL-(msalm) >>  Mult_acc_2: 0.7697  Mult_acc_3: 0.6469  Mult_acc_5: 0.3860  F1_score: 0.7713  MAE: 0.4138  Corr: 0.6272  Loss: 0.4475 
2025-12-24 19:42:15,344 - MMSA [INFO] - TRAIN-(msalm) [2/27/5] >> loss: 0.3271  Mult_acc_2: 0.8333  Mult_acc_3: 0.7434  Mult_acc_5: 0.4942  F1_score: 0.8361  MAE: 0.3086  Corr: 0.8003  clm loss: 2.8968 total loss: 4.4468 bn loss: 0.3692 av loss: 0.4544 text loss: 0.3992
2025-12-24 19:42:16,919 - MMSA [INFO] - VAL-(msalm) >>  Mult_acc_2: 0.7675  Mult_acc_3: 0.6404  Mult_acc_5: 0.3816  F1_score: 0.7697  MAE: 0.4160  Corr: 0.6253  Loss: 0.4617 
2025-12-24 19:42:22,832 - MMSA [INFO] - TRAIN-(msalm) [3/28/5] >> loss: 0.3103  Mult_acc_2: 0.8326  Mult_acc_3: 0.7449  Mult_acc_5: 0.5051  F1_score: 0.8360  MAE: 0.2932  Corr: 0.8170  clm loss: 2.8523 total loss: 4.3509 bn loss: 0.3584 av loss: 0.4512 text loss: 0.3787
2025-12-24 19:42:24,391 - MMSA [INFO] - VAL-(msalm) >>  Mult_acc_2: 0.7741  Mult_acc_3: 0.6469  Mult_acc_5: 0.3772  F1_score: 0.7768  MAE: 0.4136  Corr: 0.6271  Loss: 0.4328 
2025-12-24 19:42:30,288 - MMSA [INFO] - TRAIN-(msalm) [4/29/5] >> loss: 0.3016  Mult_acc_2: 0.8509  Mult_acc_3: 0.7493  Mult_acc_5: 0.5197  F1_score: 0.8534  MAE: 0.2876  Corr: 0.8287  clm loss: 2.8304 total loss: 4.3205 bn loss: 0.3498 av loss: 0.454 text loss: 0.3847
2025-12-24 19:42:31,872 - MMSA [INFO] - VAL-(msalm) >>  Mult_acc_2: 0.7741  Mult_acc_3: 0.6535  Mult_acc_5: 0.3772  F1_score: 0.7760  MAE: 0.4141  Corr: 0.6345  Loss: 0.4453 
2025-12-24 19:42:37,938 - MMSA [INFO] - TRAIN-(msalm) [5/30/5] >> loss: 0.2892  Mult_acc_2: 0.8450  Mult_acc_3: 0.7654  Mult_acc_5: 0.5322  F1_score: 0.8479  MAE: 0.2705  Corr: 0.8404  clm loss: 2.8032 total loss: 4.2695 bn loss: 0.3419 av loss: 0.4513 text loss: 0.3839
2025-12-24 19:42:39,498 - MMSA [INFO] - VAL-(msalm) >>  Mult_acc_2: 0.7500  Mult_acc_3: 0.6645  Mult_acc_5: 0.4123  F1_score: 0.7588  MAE: 0.4176  Corr: 0.6473  Loss: 0.4554 
2025-12-24 19:42:45,395 - MMSA [INFO] - TRAIN-(msalm) [6/31/5] >> loss: 0.2952  Mult_acc_2: 0.8450  Mult_acc_3: 0.7602  Mult_acc_5: 0.5409  F1_score: 0.8477  MAE: 0.2752  Corr: 0.8376  clm loss: 2.8346 total loss: 4.2836 bn loss: 0.3377 av loss: 0.443 text loss: 0.3731
2025-12-24 19:42:46,951 - MMSA [INFO] - VAL-(msalm) >>  Mult_acc_2: 0.7632  Mult_acc_3: 0.6382  Mult_acc_5: 0.3882  F1_score: 0.7703  MAE: 0.4079  Corr: 0.6495  Loss: 0.4429 
2025-12-24 19:42:52,847 - MMSA [INFO] - TRAIN-(msalm) [7/32/5] >> loss: 0.2788  Mult_acc_2: 0.8567  Mult_acc_3: 0.7697  Mult_acc_5: 0.5439  F1_score: 0.8594  MAE: 0.2590  Corr: 0.8577  clm loss: 2.7788 total loss: 4.1865 bn loss: 0.3226 av loss: 0.4493 text loss: 0.357
2025-12-24 19:42:54,428 - MMSA [INFO] - VAL-(msalm) >>  Mult_acc_2: 0.7719  Mult_acc_3: 0.6469  Mult_acc_5: 0.3838  F1_score: 0.7744  MAE: 0.4108  Corr: 0.6400  Loss: 0.4474 
2025-12-24 19:43:00,346 - MMSA [INFO] - TRAIN-(msalm) [8/33/5] >> loss: 0.2761  Mult_acc_2: 0.8523  Mult_acc_3: 0.7734  Mult_acc_5: 0.5753  F1_score: 0.8556  MAE: 0.2554  Corr: 0.8591  clm loss: 2.739 total loss: 4.1173 bn loss: 0.3117 av loss: 0.4453 text loss: 0.3452
2025-12-24 19:43:01,906 - MMSA [INFO] - VAL-(msalm) >>  Mult_acc_2: 0.7632  Mult_acc_3: 0.6469  Mult_acc_5: 0.3882  F1_score: 0.7691  MAE: 0.4049  Corr: 0.6440  Loss: 0.4303 
2025-12-24 19:43:07,806 - MMSA [INFO] - TRAIN-(msalm) [9/34/5] >> loss: 0.2569  Mult_acc_2: 0.8596  Mult_acc_3: 0.7902  Mult_acc_5: 0.5694  F1_score: 0.8627  MAE: 0.2420  Corr: 0.8737  clm loss: 2.7049 total loss: 4.0935 bn loss: 0.3117 av loss: 0.4487 text loss: 0.3713
2025-12-24 19:43:09,382 - MMSA [INFO] - VAL-(msalm) >>  Mult_acc_2: 0.7741  Mult_acc_3: 0.6447  Mult_acc_5: 0.3882  F1_score: 0.7779  MAE: 0.4040  Corr: 0.6454  Loss: 0.4185 
2025-12-24 19:43:16,175 - MMSA [INFO] - TRAIN-(msalm) [1/35/5] >> loss: 0.2569  Mult_acc_2: 0.8553  Mult_acc_3: 0.7785  Mult_acc_5: 0.5680  F1_score: 0.8579  MAE: 0.2393  Corr: 0.8778  clm loss: 2.6865 total loss: 4.0211 bn loss: 0.3005 av loss: 0.4431 text loss: 0.334
2025-12-24 19:43:17,758 - MMSA [INFO] - VAL-(msalm) >>  Mult_acc_2: 0.7741  Mult_acc_3: 0.6557  Mult_acc_5: 0.3860  F1_score: 0.7799  MAE: 0.4079  Corr: 0.6457  Loss: 0.4380 
2025-12-24 19:43:23,652 - MMSA [INFO] - TRAIN-(msalm) [2/36/5] >> loss: 0.2555  Mult_acc_2: 0.8626  Mult_acc_3: 0.7851  Mult_acc_5: 0.5782  F1_score: 0.8652  MAE: 0.2356  Corr: 0.8829  clm loss: 2.6797 total loss: 4.0214 bn loss: 0.301 av loss: 0.4428 text loss: 0.3424
2025-12-24 19:43:25,291 - MMSA [INFO] - VAL-(msalm) >>  Mult_acc_2: 0.7675  Mult_acc_3: 0.6645  Mult_acc_5: 0.3860  F1_score: 0.7728  MAE: 0.4078  Corr: 0.6401  Loss: 0.4103 
2025-12-24 19:43:32,229 - MMSA [INFO] - TRAIN-(msalm) [1/37/5] >> loss: 0.2399  Mult_acc_2: 0.8713  Mult_acc_3: 0.7997  Mult_acc_5: 0.6023  F1_score: 0.8739  MAE: 0.2247  Corr: 0.8949  clm loss: 2.6435 total loss: 3.9317 bn loss: 0.2847 av loss: 0.441 text loss: 0.3227
2025-12-24 19:43:33,858 - MMSA [INFO] - VAL-(msalm) >>  Mult_acc_2: 0.7741  Mult_acc_3: 0.6579  Mult_acc_5: 0.3991  F1_score: 0.7782  MAE: 0.4016  Corr: 0.6462  Loss: 0.4160 
2025-12-24 19:43:39,766 - MMSA [INFO] - TRAIN-(msalm) [2/38/5] >> loss: 0.236  Mult_acc_2: 0.8699  Mult_acc_3: 0.7990  Mult_acc_5: 0.6140  F1_score: 0.8730  MAE: 0.2203  Corr: 0.8998  clm loss: 2.6217 total loss: 3.9103 bn loss: 0.2898 av loss: 0.4411 text loss: 0.3216
2025-12-24 19:43:41,398 - MMSA [INFO] - VAL-(msalm) >>  Mult_acc_2: 0.7544  Mult_acc_3: 0.6601  Mult_acc_5: 0.4123  F1_score: 0.7618  MAE: 0.4038  Corr: 0.6447  Loss: 0.4256 
2025-12-24 19:43:47,320 - MMSA [INFO] - TRAIN-(msalm) [3/39/5] >> loss: 0.2269  Mult_acc_2: 0.8794  Mult_acc_3: 0.8070  Mult_acc_5: 0.6374  F1_score: 0.8823  MAE: 0.2080  Corr: 0.9053  clm loss: 2.5933 total loss: 3.8461 bn loss: 0.2725 av loss: 0.4381 text loss: 0.3153
2025-12-24 19:43:48,887 - MMSA [INFO] - VAL-(msalm) >>  Mult_acc_2: 0.7522  Mult_acc_3: 0.6579  Mult_acc_5: 0.3925  F1_score: 0.7591  MAE: 0.4082  Corr: 0.6431  Loss: 0.4148 
2025-12-24 19:43:54,788 - MMSA [INFO] - TRAIN-(msalm) [4/40/5] >> loss: 0.2307  Mult_acc_2: 0.8765  Mult_acc_3: 0.8019  Mult_acc_5: 0.6250  F1_score: 0.8793  MAE: 0.2139  Corr: 0.9057  clm loss: 2.579 total loss: 3.8411 bn loss: 0.2713 av loss: 0.4452 text loss: 0.3148
2025-12-24 19:43:56,358 - MMSA [INFO] - VAL-(msalm) >>  Mult_acc_2: 0.7434  Mult_acc_3: 0.6601  Mult_acc_5: 0.3925  F1_score: 0.7521  MAE: 0.4124  Corr: 0.6439  Loss: 0.4169 
2025-12-24 19:44:02,281 - MMSA [INFO] - TRAIN-(msalm) [5/41/5] >> loss: 0.2148  Mult_acc_2: 0.8808  Mult_acc_3: 0.8224  Mult_acc_5: 0.6440  F1_score: 0.8833  MAE: 0.1974  Corr: 0.9175  clm loss: 2.5374 total loss: 3.7746 bn loss: 0.2655 av loss: 0.4384 text loss: 0.3184
2025-12-24 19:44:03,842 - MMSA [INFO] - VAL-(msalm) >>  Mult_acc_2: 0.7434  Mult_acc_3: 0.6667  Mult_acc_5: 0.3969  F1_score: 0.7527  MAE: 0.4116  Corr: 0.6460  Loss: 0.4418 
2025-12-24 19:44:09,742 - MMSA [INFO] - TRAIN-(msalm) [6/42/5] >> loss: 0.2208  Mult_acc_2: 0.8757  Mult_acc_3: 0.8216  Mult_acc_5: 0.6279  F1_score: 0.8792  MAE: 0.2029  Corr: 0.9157  clm loss: 2.5293 total loss: 3.7651 bn loss: 0.2735 av loss: 0.4392 text loss: 0.3022
2025-12-24 19:44:11,324 - MMSA [INFO] - VAL-(msalm) >>  Mult_acc_2: 0.7368  Mult_acc_3: 0.6623  Mult_acc_5: 0.3925  F1_score: 0.7452  MAE: 0.4098  Corr: 0.6444  Loss: 0.4439 
2025-12-24 19:44:17,241 - MMSA [INFO] - TRAIN-(msalm) [7/43/5] >> loss: 0.2096  Mult_acc_2: 0.8706  Mult_acc_3: 0.8158  Mult_acc_5: 0.6506  F1_score: 0.8738  MAE: 0.1931  Corr: 0.9223  clm loss: 2.5146 total loss: 3.7261 bn loss: 0.2681 av loss: 0.4448 text loss: 0.2891
2025-12-24 19:44:18,820 - MMSA [INFO] - VAL-(msalm) >>  Mult_acc_2: 0.7412  Mult_acc_3: 0.6579  Mult_acc_5: 0.4079  F1_score: 0.7468  MAE: 0.4063  Corr: 0.6379  Loss: 0.4221 
2025-12-24 19:44:24,869 - MMSA [INFO] - TRAIN-(msalm) [8/44/5] >> loss: 0.212  Mult_acc_2: 0.8655  Mult_acc_3: 0.8143  Mult_acc_5: 0.6447  F1_score: 0.8693  MAE: 0.1937  Corr: 0.9204  clm loss: 2.5126 total loss: 3.7052 bn loss: 0.2537 av loss: 0.4325 text loss: 0.2944
2025-12-24 19:44:26,416 - MMSA [INFO] - VAL-(msalm) >>  Mult_acc_2: 0.7566  Mult_acc_3: 0.6601  Mult_acc_5: 0.4057  F1_score: 0.7616  MAE: 0.4008  Corr: 0.6502  Loss: 0.4109 
2025-12-24 19:44:32,323 - MMSA [INFO] - TRAIN-(msalm) [9/45/5] >> loss: 0.2096  Mult_acc_2: 0.8735  Mult_acc_3: 0.8224  Mult_acc_5: 0.6579  F1_score: 0.8767  MAE: 0.1921  Corr: 0.9178  clm loss: 2.457 total loss: 3.6388 bn loss: 0.2517 av loss: 0.4451 text loss: 0.2754
2025-12-24 19:44:33,906 - MMSA [INFO] - VAL-(msalm) >>  Mult_acc_2: 0.7697  Mult_acc_3: 0.6601  Mult_acc_5: 0.4145  F1_score: 0.7735  MAE: 0.3969  Corr: 0.6531  Loss: 0.4228 
2025-12-24 19:44:39,849 - MMSA [INFO] - TRAIN-(msalm) [10/46/5] >> loss: 0.2033  Mult_acc_2: 0.8911  Mult_acc_3: 0.8326  Mult_acc_5: 0.6747  F1_score: 0.8936  MAE: 0.1866  Corr: 0.9285  clm loss: 2.4458 total loss: 3.6122 bn loss: 0.2381 av loss: 0.4382 text loss: 0.2867
2025-12-24 19:44:41,425 - MMSA [INFO] - VAL-(msalm) >>  Mult_acc_2: 0.7654  Mult_acc_3: 0.6667  Mult_acc_5: 0.4254  F1_score: 0.7699  MAE: 0.3965  Corr: 0.6525  Loss: 0.4214 
2025-12-24 19:44:43,374 - MMSA [INFO] - TEST-(msalm) >>  Mult_acc_2: 0.7987  Mult_acc_3: 0.6740  Mult_acc_5: 0.4376  F1_score: 0.8005  MAE: 0.3751  Corr: 0.6924  Loss: 0.3860 
2025-12-24 19:44:44,632 - MMSA [INFO] - Result for seed 1994: {'Mult_acc_2': 0.7987, 'Mult_acc_3': 0.674, 'Mult_acc_5': 0.4376, 'F1_score': 0.8005, 'MAE': 0.3751, 'Corr': 0.6924, 'Loss': 0.386, 'seed': 1994}
2025-12-24 19:44:44,656 - MMSA [INFO] - Results saved to MMSA/results/deepmlf-reprod-sims-heavy-ffn/deepmlf-reprod-sims-heavy-ffn/normal/sims_avg.csv.
