2025-12-26 22:10:19,095 - MMSA [INFO] - ======================================== Program Start ========================================
2025-12-26 22:10:19,201 - MMSA [INFO] - Running with args:
2025-12-26 22:10:19,201 - MMSA [INFO] - {'model_name': 'msalm', 'dataset_name': 'sims', 'featurePath': '/leonardo_work/EUHPC_A04_051/alexfil/MSA-Datasets/CH-SIMS/unaligned_39.pkl', 'seq_lens': [39, 400, 55], 'feature_dims': [768, 33, 709], 'train_samples': 1368, 'num_classes': 3, 'language': 'cn', 'KeyEval': 'Loss', 'missing_rate': [0.0, 0.0, 0.0], 'missing_seed': [1111, 1111, 1111], 'need_data_aligned': False, 'need_model_aligned': False, 'early_stop': 10, 'use_bert': False, 'use_bert_finetune': False, 'attn_mask': True, 'excludeZero': True, 'update_epochs': 8, 'use_augmentation': False, 'use_m3xup': False, 'hfPath': False, 'use_ulgm': False, 'update_labels_patience': 1, 'H': 3.0, 'del_model': True, 'max_token_len': 39, 'pad_token': '<|endoftext|>', 'lm': '/leonardo_work/EUHPC_A04_051/alexfil/gpt2-chinese-cluecorpussmall', 'use_bf16': False, 'task_out': 1, 'use_clm': True, 'gamma': 1.0, 'l_bn': 1.0, 'l_av': 1.0, 'l_t': 1.0, 'warmup_epochs': 1, 'max_epochs': 100, 'beta_1': 0.9, 'beta_2': 0.95, 'use_lnorm': True, 'rescale': False, 'rescaler': 'sqrt', 'use_seqaug': True, 'n_bn_fusion': 16, 'modded_loss': True, 'embedding_attr_name': 'transformer.wte', 'decoder_layers_attr_name': 'transformer.h', 'mmgpt': {'type': 'gpt2', 'd_out': 64, 'combine': True, 'dropout': 0.1, 'mm_layer': [5, 6, 7, 8, 9, 10, 11], 'layer_dropout': 0.0, 'dense': True, 'tie_ffn': True, 'n_embd': 768, 'bias': True, 'kv_dim': 30, 'n_head': 16, 'd_mm': 768, 'gating': 'sigmoid', 'init_gate': [0.0, 0.0, 0.0, 0.0, 0.0, 0.0, 0.0, 0.0, 0.0, 0.0], 'use_softperm': True, 'p_perm': 0.3, 'p_apply': 0.25, 'use_lora': False, 'lora': {'lora_alpha': 128, 'r': 64, 'lora_dropout': 0.05}}, 'av_enc': {'finetune': True, 'from_pretrained': True, 'path_to_pretrained': '/leonardo_work/EUHPC_A04_051/alexfil/DeepMLF-Reprod/checkpoints/bienc-sims-1990/bienc-sims-1990.pth', 'feature_dims': [768, 33, 709], 'd_enc': 30, 'n_embd': 30, 'n_head': 6, 'nlevels': 3, 'd_enc_out': 30, 'maxlen': 55, 'p_mask': 0.15, 'enc_attn_dropout': 0.1, 'enc_res_dropout': 0.1, 'enc_dropout': 0.1, 'use_softperm': True, 'p_perm': 0.2, 'mask_perm_ratio': 0.5, 'tf_fusion': False, 'use_bn': True, 'use_ln': False}, 'gpt': {'vocab_size': 50257, 'block_size': 1024, 'bias': True, 'n_embd': 1024, 'n_layer': 24, 'n_head': 16, 'dropout': 0.0}, 'batch_size': 32, 'grad_clip': 5.0, 'patience': 10, 'weight_decay_mmgpt': 0.1, 'weight_decay_av': 0.1, 'learning_rate_av': 0.0002, 'learning_rate_mmgpt': 0.0002, 'device': device(type='cuda', index=0), 'train_mode': 'regression', 'custom_feature': None, 'feature_T': '', 'feature_A': '', 'feature_V': ''}
2025-12-26 22:10:19,201 - MMSA [INFO] - Seeds: [1990, 1991, 1992, 1993, 1994]
2025-12-26 22:10:19,202 - MMSA [INFO] - ------------------------------ Running with seed 1990 [1/5] ------------------------------
2025-12-26 22:12:44,130 - MMSA [INFO] - ======================================== Program Start ========================================
2025-12-26 22:12:44,195 - MMSA [INFO] - Running with args:
2025-12-26 22:12:44,195 - MMSA [INFO] - {'model_name': 'msalm', 'dataset_name': 'sims', 'featurePath': '/leonardo_work/EUHPC_A04_051/alexfil/MSA-Datasets/CH-SIMS/unaligned_39.pkl', 'seq_lens': [39, 400, 55], 'feature_dims': [768, 33, 709], 'train_samples': 1368, 'num_classes': 3, 'language': 'cn', 'KeyEval': 'Loss', 'missing_rate': [0.0, 0.0, 0.0], 'missing_seed': [1111, 1111, 1111], 'need_data_aligned': False, 'need_model_aligned': False, 'early_stop': 10, 'use_bert': False, 'use_bert_finetune': False, 'attn_mask': True, 'excludeZero': True, 'update_epochs': 8, 'use_augmentation': False, 'use_m3xup': False, 'hfPath': False, 'use_ulgm': False, 'update_labels_patience': 1, 'H': 3.0, 'del_model': True, 'max_token_len': 39, 'pad_token': '<|endoftext|>', 'lm': '/leonardo_work/EUHPC_A04_051/alexfil/gpt2-chinese-cluecorpussmall', 'use_bf16': False, 'task_out': 1, 'use_clm': True, 'gamma': 1.0, 'l_bn': 1.0, 'l_av': 1.0, 'l_t': 1.0, 'warmup_epochs': 1, 'max_epochs': 100, 'beta_1': 0.9, 'beta_2': 0.95, 'use_lnorm': True, 'rescale': False, 'rescaler': 'sqrt', 'use_seqaug': True, 'n_bn_fusion': 16, 'modded_loss': True, 'embedding_attr_name': 'transformer.wte', 'decoder_layers_attr_name': 'transformer.h', 'mmgpt': {'type': 'gpt2', 'd_out': 64, 'combine': True, 'dropout': 0.1, 'mm_layer': [5, 6, 7, 8, 9, 10, 11], 'layer_dropout': 0.0, 'dense': True, 'tie_ffn': True, 'n_embd': 768, 'bias': True, 'kv_dim': 30, 'n_head': 16, 'd_mm': 768, 'gating': 'sigmoid', 'init_gate': [0.0, 0.0, 0.0, 0.0, 0.0, 0.0, 0.0, 0.0, 0.0, 0.0], 'use_softperm': True, 'p_perm': 0.3, 'p_apply': 0.25, 'use_lora': False, 'lora': {'lora_alpha': 128, 'r': 64, 'lora_dropout': 0.05}}, 'av_enc': {'finetune': True, 'from_pretrained': True, 'path_to_pretrained': '/leonardo_work/EUHPC_A04_051/alexfil/DeepMLF-Reprod/checkpoints/bienc-sims-1990/bienc-sims-1990.pth', 'feature_dims': [768, 33, 709], 'd_enc': 30, 'n_embd': 30, 'n_head': 6, 'nlevels': 3, 'd_enc_out': 30, 'maxlen': 55, 'p_mask': 0.15, 'enc_attn_dropout': 0.1, 'enc_res_dropout': 0.1, 'enc_dropout': 0.1, 'use_softperm': True, 'p_perm': 0.2, 'mask_perm_ratio': 0.5, 'tf_fusion': False, 'use_bn': True, 'use_ln': False}, 'gpt': {'vocab_size': 50257, 'block_size': 1024, 'bias': True, 'n_embd': 1024, 'n_layer': 24, 'n_head': 16, 'dropout': 0.0}, 'batch_size': 32, 'grad_clip': 5.0, 'patience': 10, 'weight_decay_mmgpt': 0.1, 'weight_decay_av': 0.1, 'learning_rate_av': 0.0002, 'learning_rate_mmgpt': 0.0002, 'device': device(type='cuda', index=0), 'train_mode': 'regression', 'custom_feature': None, 'feature_T': '', 'feature_A': '', 'feature_V': ''}
2025-12-26 22:12:44,195 - MMSA [INFO] - Seeds: [1990, 1991, 1992, 1993, 1994]
2025-12-26 22:12:44,197 - MMSA [INFO] - ------------------------------ Running with seed 1990 [1/5] ------------------------------
2025-12-26 22:13:58,447 - MMSA [INFO] - The model has 160460348 trainable parameters
2025-12-26 22:17:33,518 - MMSA [INFO] - ======================================== Program Start ========================================
2025-12-26 22:17:33,598 - MMSA [INFO] - Running with args:
2025-12-26 22:17:33,598 - MMSA [INFO] - {'model_name': 'msalm', 'dataset_name': 'sims', 'featurePath': '/leonardo_work/EUHPC_A04_051/alexfil/MSA-Datasets/CH-SIMS/unaligned_39.pkl', 'seq_lens': [39, 400, 55], 'feature_dims': [768, 33, 709], 'train_samples': 1368, 'num_classes': 3, 'language': 'cn', 'KeyEval': 'Loss', 'missing_rate': [0.0, 0.0, 0.0], 'missing_seed': [1111, 1111, 1111], 'need_data_aligned': False, 'need_model_aligned': False, 'early_stop': 10, 'use_bert': False, 'use_bert_finetune': False, 'attn_mask': True, 'excludeZero': True, 'update_epochs': 8, 'use_augmentation': False, 'use_m3xup': False, 'hfPath': False, 'use_ulgm': False, 'update_labels_patience': 1, 'H': 3.0, 'del_model': True, 'max_token_len': 39, 'pad_token': '<|endoftext|>', 'lm': '/leonardo_work/EUHPC_A04_051/alexfil/gpt2-chinese-cluecorpussmall', 'use_bf16': False, 'task_out': 1, 'use_clm': True, 'gamma': 1.0, 'l_bn': 1.0, 'l_av': 1.0, 'l_t': 1.0, 'warmup_epochs': 1, 'max_epochs': 100, 'beta_1': 0.9, 'beta_2': 0.95, 'use_lnorm': True, 'rescale': False, 'rescaler': 'sqrt', 'use_seqaug': True, 'n_bn_fusion': 16, 'modded_loss': True, 'embedding_attr_name': 'transformer.wte', 'decoder_layers_attr_name': 'transformer.h', 'mmgpt': {'type': 'gpt2', 'd_out': 64, 'combine': True, 'dropout': 0.1, 'mm_layer': [5, 6, 7, 8, 9, 10, 11], 'layer_dropout': 0.0, 'dense': True, 'tie_ffn': True, 'n_embd': 768, 'bias': True, 'kv_dim': 30, 'n_head': 16, 'd_mm': 768, 'gating': 'sigmoid', 'init_gate': [0.0, 0.0, 0.0, 0.0, 0.0, 0.0, 0.0, 0.0, 0.0, 0.0], 'use_softperm': True, 'p_perm': 0.3, 'p_apply': 0.25, 'use_lora': False, 'lora': {'lora_alpha': 128, 'r': 64, 'lora_dropout': 0.05}}, 'av_enc': {'finetune': True, 'from_pretrained': True, 'path_to_pretrained': '/leonardo_work/EUHPC_A04_051/alexfil/DeepMLF-Reprod/checkpoints/bienc-sims-1990/bienc-sims-1990.pth', 'feature_dims': [768, 33, 709], 'd_enc': 30, 'n_embd': 30, 'n_head': 6, 'nlevels': 3, 'd_enc_out': 30, 'maxlen': 55, 'p_mask': 0.15, 'enc_attn_dropout': 0.1, 'enc_res_dropout': 0.1, 'enc_dropout': 0.1, 'use_softperm': True, 'p_perm': 0.2, 'mask_perm_ratio': 0.5, 'tf_fusion': False, 'use_bn': True, 'use_ln': False}, 'gpt': {'vocab_size': 50257, 'block_size': 1024, 'bias': True, 'n_embd': 1024, 'n_layer': 24, 'n_head': 16, 'dropout': 0.0}, 'batch_size': 32, 'grad_clip': 5.0, 'patience': 10, 'weight_decay_mmgpt': 0.1, 'weight_decay_av': 0.1, 'learning_rate_av': 0.0002, 'learning_rate_mmgpt': 0.0002, 'device': device(type='cuda', index=0), 'train_mode': 'regression', 'custom_feature': None, 'feature_T': '', 'feature_A': '', 'feature_V': ''}
2025-12-26 22:17:33,598 - MMSA [INFO] - Seeds: [1990, 1991, 1992, 1993, 1994]
2025-12-26 22:17:33,600 - MMSA [INFO] - ------------------------------ Running with seed 1990 [1/5] ------------------------------
2025-12-26 22:18:48,515 - MMSA [INFO] - The model has 160460348 trainable parameters
2025-12-26 22:18:56,186 - MMSA [INFO] - TRAIN-(msalm) [1/1/1] >> loss: 0.638  Mult_acc_2: 0.5673  Mult_acc_3: 0.3984  Mult_acc_5: 0.1893  F1_score: 0.5793  MAE: 0.6371  Corr: 0.0522  clm loss: 7.5315 total loss: 10.6687 bn loss: 0.847 av loss: 0.6385 text loss: 1.0137
2025-12-26 22:18:57,879 - MMSA [INFO] - VAL-(msalm) >>  Mult_acc_2: 0.6447  Mult_acc_3: 0.4912  Mult_acc_5: 0.2368  F1_score: 0.6409  MAE: 0.5642  Corr: 0.2899  Loss: 0.5514 
2025-12-26 22:19:05,605 - MMSA [INFO] - TRAIN-(msalm) [1/2/1] >> loss: 0.5384  Mult_acc_2: 0.6572  Mult_acc_3: 0.5365  Mult_acc_5: 0.2661  F1_score: 0.6667  MAE: 0.5334  Corr: 0.4135  clm loss: 5.77 total loss: 8.4601 bn loss: 0.6761 av loss: 0.58 text loss: 0.8956
2025-12-26 22:19:07,283 - MMSA [INFO] - VAL-(msalm) >>  Mult_acc_2: 0.6974  Mult_acc_3: 0.5636  Mult_acc_5: 0.2763  F1_score: 0.7021  MAE: 0.5105  Corr: 0.4758  Loss: 0.5091 
2025-12-26 22:19:14,920 - MMSA [INFO] - TRAIN-(msalm) [1/3/1] >> loss: 0.5083  Mult_acc_2: 0.7288  Mult_acc_3: 0.6038  Mult_acc_5: 0.3319  F1_score: 0.7367  MAE: 0.4846  Corr: 0.5208  clm loss: 4.4588 total loss: 6.7428 bn loss: 0.544 av loss: 0.542 text loss: 0.6898
2025-12-26 22:19:16,605 - MMSA [INFO] - VAL-(msalm) >>  Mult_acc_2: 0.7127  Mult_acc_3: 0.5943  Mult_acc_5: 0.3158  F1_score: 0.7170  MAE: 0.4831  Corr: 0.5278  Loss: 0.5049 
2025-12-26 22:19:24,222 - MMSA [INFO] - TRAIN-(msalm) [1/4/1] >> loss: 0.5031  Mult_acc_2: 0.7558  Mult_acc_3: 0.6221  Mult_acc_5: 0.3428  F1_score: 0.7604  MAE: 0.4703  Corr: 0.5582  clm loss: 4.1719 total loss: 6.3204 bn loss: 0.508 av loss: 0.5104 text loss: 0.627
2025-12-26 22:19:25,949 - MMSA [INFO] - VAL-(msalm) >>  Mult_acc_2: 0.7193  Mult_acc_3: 0.5965  Mult_acc_5: 0.3333  F1_score: 0.7272  MAE: 0.4685  Corr: 0.5428  Loss: 0.4886 
2025-12-26 22:19:33,667 - MMSA [INFO] - TRAIN-(msalm) [1/5/1] >> loss: 0.4951  Mult_acc_2: 0.7288  Mult_acc_3: 0.5921  Mult_acc_5: 0.2939  F1_score: 0.7339  MAE: 0.4831  Corr: 0.5237  clm loss: 4.0351 total loss: 6.1246 bn loss: 0.4994 av loss: 0.4962 text loss: 0.5987
2025-12-26 22:19:35,339 - MMSA [INFO] - VAL-(msalm) >>  Mult_acc_2: 0.6513  Mult_acc_3: 0.5373  Mult_acc_5: 0.2675  F1_score: 0.6650  MAE: 0.5027  Corr: 0.5472  Loss: 0.5165 
2025-12-26 22:19:41,912 - MMSA [INFO] - TRAIN-(msalm) [2/6/1] >> loss: 0.4748  Mult_acc_2: 0.7354  Mult_acc_3: 0.6148  Mult_acc_5: 0.3114  F1_score: 0.7398  MAE: 0.4643  Corr: 0.5631  clm loss: 3.8204 total loss: 5.8601 bn loss: 0.4913 av loss: 0.4791 text loss: 0.5945
2025-12-26 22:19:43,578 - MMSA [INFO] - VAL-(msalm) >>  Mult_acc_2: 0.7105  Mult_acc_3: 0.5921  Mult_acc_5: 0.3399  F1_score: 0.7187  MAE: 0.4634  Corr: 0.5643  Loss: 0.4831 
2025-12-26 22:19:51,155 - MMSA [INFO] - TRAIN-(msalm) [1/7/1] >> loss: 0.4576  Mult_acc_2: 0.7566  Mult_acc_3: 0.6520  Mult_acc_5: 0.3596  F1_score: 0.7593  MAE: 0.4395  Corr: 0.5971  clm loss: 3.6755 total loss: 5.675 bn loss: 0.4875 av loss: 0.4766 text loss: 0.5779
2025-12-26 22:19:52,847 - MMSA [INFO] - VAL-(msalm) >>  Mult_acc_2: 0.7456  Mult_acc_3: 0.6250  Mult_acc_5: 0.3618  F1_score: 0.7492  MAE: 0.4530  Corr: 0.5656  Loss: 0.5061 
2025-12-26 22:19:59,438 - MMSA [INFO] - TRAIN-(msalm) [2/8/1] >> loss: 0.4398  Mult_acc_2: 0.7646  Mult_acc_3: 0.6535  Mult_acc_5: 0.3882  F1_score: 0.7672  MAE: 0.4210  Corr: 0.6174  clm loss: 3.4779 total loss: 5.4216 bn loss: 0.4789 av loss: 0.47 text loss: 0.5551
2025-12-26 22:20:01,102 - MMSA [INFO] - VAL-(msalm) >>  Mult_acc_2: 0.7456  Mult_acc_3: 0.6162  Mult_acc_5: 0.3553  F1_score: 0.7492  MAE: 0.4333  Corr: 0.5975  Loss: 0.4475 
2025-12-26 22:20:08,704 - MMSA [INFO] - TRAIN-(msalm) [1/9/1] >> loss: 0.4173  Mult_acc_2: 0.7749  Mult_acc_3: 0.6725  Mult_acc_5: 0.3904  F1_score: 0.7783  MAE: 0.4030  Corr: 0.6594  clm loss: 3.3539 total loss: 5.263 bn loss: 0.4771 av loss: 0.47 text loss: 0.5448
2025-12-26 22:20:10,390 - MMSA [INFO] - VAL-(msalm) >>  Mult_acc_2: 0.7500  Mult_acc_3: 0.6272  Mult_acc_5: 0.3399  F1_score: 0.7543  MAE: 0.4298  Corr: 0.6152  Loss: 0.4408 
2025-12-26 22:20:17,993 - MMSA [INFO] - TRAIN-(msalm) [1/10/1] >> loss: 0.41  Mult_acc_2: 0.7844  Mult_acc_3: 0.6564  Mult_acc_5: 0.3765  F1_score: 0.7869  MAE: 0.3940  Corr: 0.6771  clm loss: 3.325 total loss: 5.1845 bn loss: 0.4598 av loss: 0.4589 text loss: 0.5308
2025-12-26 22:20:19,949 - MMSA [INFO] - VAL-(msalm) >>  Mult_acc_2: 0.7083  Mult_acc_3: 0.6250  Mult_acc_5: 0.3684  F1_score: 0.7193  MAE: 0.4367  Corr: 0.6165  Loss: 0.4706 
2025-12-26 22:20:26,523 - MMSA [INFO] - TRAIN-(msalm) [2/11/1] >> loss: 0.4139  Mult_acc_2: 0.7778  Mult_acc_3: 0.6659  Mult_acc_5: 0.4013  F1_score: 0.7804  MAE: 0.3909  Corr: 0.6761  clm loss: 3.2781 total loss: 5.1089 bn loss: 0.4677 av loss: 0.4662 text loss: 0.483
2025-12-26 22:20:28,200 - MMSA [INFO] - VAL-(msalm) >>  Mult_acc_2: 0.7500  Mult_acc_3: 0.6272  Mult_acc_5: 0.3618  F1_score: 0.7528  MAE: 0.4183  Corr: 0.6207  Loss: 0.4387 
2025-12-26 22:20:35,802 - MMSA [INFO] - TRAIN-(msalm) [1/12/1] >> loss: 0.3872  Mult_acc_2: 0.7931  Mult_acc_3: 0.6827  Mult_acc_5: 0.4152  F1_score: 0.7971  MAE: 0.3713  Corr: 0.7114  clm loss: 3.2692 total loss: 5.0493 bn loss: 0.4556 av loss: 0.4549 text loss: 0.4823
2025-12-26 22:20:37,504 - MMSA [INFO] - VAL-(msalm) >>  Mult_acc_2: 0.7346  Mult_acc_3: 0.6338  Mult_acc_5: 0.3662  F1_score: 0.7411  MAE: 0.4181  Corr: 0.6281  Loss: 0.4348 
2025-12-26 22:20:45,086 - MMSA [INFO] - TRAIN-(msalm) [1/13/1] >> loss: 0.3841  Mult_acc_2: 0.8019  Mult_acc_3: 0.6930  Mult_acc_5: 0.4211  F1_score: 0.8043  MAE: 0.3701  Corr: 0.7156  clm loss: 3.1947 total loss: 4.9241 bn loss: 0.4362 av loss: 0.4635 text loss: 0.4456
2025-12-26 22:20:46,753 - MMSA [INFO] - VAL-(msalm) >>  Mult_acc_2: 0.6842  Mult_acc_3: 0.6140  Mult_acc_5: 0.3662  F1_score: 0.6967  MAE: 0.4432  Corr: 0.6333  Loss: 0.4589 
2025-12-26 22:20:53,331 - MMSA [INFO] - TRAIN-(msalm) [2/14/1] >> loss: 0.3662  Mult_acc_2: 0.8114  Mult_acc_3: 0.7142  Mult_acc_5: 0.4415  F1_score: 0.8139  MAE: 0.3462  Corr: 0.7427  clm loss: 3.1736 total loss: 4.8395 bn loss: 0.4228 av loss: 0.4535 text loss: 0.4234
2025-12-26 22:20:55,031 - MMSA [INFO] - VAL-(msalm) >>  Mult_acc_2: 0.7325  Mult_acc_3: 0.6382  Mult_acc_5: 0.3860  F1_score: 0.7410  MAE: 0.4131  Corr: 0.6405  Loss: 0.4418 
2025-12-26 22:21:01,630 - MMSA [INFO] - TRAIN-(msalm) [3/15/1] >> loss: 0.3738  Mult_acc_2: 0.8019  Mult_acc_3: 0.6923  Mult_acc_5: 0.4408  F1_score: 0.8056  MAE: 0.3614  Corr: 0.7239  clm loss: 3.1644 total loss: 4.8404 bn loss: 0.4183 av loss: 0.4653 text loss: 0.4186
2025-12-26 22:21:03,304 - MMSA [INFO] - VAL-(msalm) >>  Mult_acc_2: 0.7456  Mult_acc_3: 0.6272  Mult_acc_5: 0.3728  F1_score: 0.7523  MAE: 0.4091  Corr: 0.6465  Loss: 0.4239 
2025-12-26 22:21:10,907 - MMSA [INFO] - TRAIN-(msalm) [1/16/1] >> loss: 0.348  Mult_acc_2: 0.8216  Mult_acc_3: 0.7127  Mult_acc_5: 0.4474  F1_score: 0.8253  MAE: 0.3319  Corr: 0.7710  clm loss: 3.1241 total loss: 4.7334 bn loss: 0.4018 av loss: 0.4487 text loss: 0.4107
2025-12-26 22:21:12,875 - MMSA [INFO] - VAL-(msalm) >>  Mult_acc_2: 0.7456  Mult_acc_3: 0.6338  Mult_acc_5: 0.3947  F1_score: 0.7528  MAE: 0.4110  Corr: 0.6419  Loss: 0.4467 
2025-12-26 22:21:19,464 - MMSA [INFO] - TRAIN-(msalm) [2/17/1] >> loss: 0.3454  Mult_acc_2: 0.8158  Mult_acc_3: 0.7230  Mult_acc_5: 0.4642  F1_score: 0.8186  MAE: 0.3300  Corr: 0.7750  clm loss: 3.0886 total loss: 4.6961 bn loss: 0.3908 av loss: 0.4571 text loss: 0.4142
2025-12-26 22:21:21,142 - MMSA [INFO] - VAL-(msalm) >>  Mult_acc_2: 0.7281  Mult_acc_3: 0.6272  Mult_acc_5: 0.3640  F1_score: 0.7378  MAE: 0.4236  Corr: 0.6420  Loss: 0.4467 
2025-12-26 22:21:27,750 - MMSA [INFO] - TRAIN-(msalm) [3/18/1] >> loss: 0.3549  Mult_acc_2: 0.8253  Mult_acc_3: 0.7281  Mult_acc_5: 0.4678  F1_score: 0.8282  MAE: 0.3366  Corr: 0.7615  clm loss: 3.0939 total loss: 4.6721 bn loss: 0.3861 av loss: 0.4474 text loss: 0.3897
2025-12-26 22:21:29,442 - MMSA [INFO] - VAL-(msalm) >>  Mult_acc_2: 0.7237  Mult_acc_3: 0.6162  Mult_acc_5: 0.3728  F1_score: 0.7339  MAE: 0.4222  Corr: 0.6511  Loss: 0.4471 
2025-12-26 22:21:36,037 - MMSA [INFO] - TRAIN-(msalm) [4/19/1] >> loss: 0.3462  Mult_acc_2: 0.8085  Mult_acc_3: 0.7193  Mult_acc_5: 0.4503  F1_score: 0.8118  MAE: 0.3368  Corr: 0.7682  clm loss: 3.0856 total loss: 4.654 bn loss: 0.3812 av loss: 0.4579 text loss: 0.3831
2025-12-26 22:21:37,713 - MMSA [INFO] - VAL-(msalm) >>  Mult_acc_2: 0.7522  Mult_acc_3: 0.6535  Mult_acc_5: 0.3991  F1_score: 0.7585  MAE: 0.4075  Corr: 0.6429  Loss: 0.4159 
2025-12-26 22:21:45,306 - MMSA [INFO] - TRAIN-(msalm) [1/20/1] >> loss: 0.3288  Mult_acc_2: 0.8319  Mult_acc_3: 0.7463  Mult_acc_5: 0.5029  F1_score: 0.8352  MAE: 0.3019  Corr: 0.7995  clm loss: 3.0419 total loss: 4.5625 bn loss: 0.3586 av loss: 0.4513 text loss: 0.3818
2025-12-26 22:21:46,986 - MMSA [INFO] - VAL-(msalm) >>  Mult_acc_2: 0.7456  Mult_acc_3: 0.6535  Mult_acc_5: 0.4057  F1_score: 0.7535  MAE: 0.4013  Corr: 0.6576  Loss: 0.4278 
2025-12-26 22:21:53,595 - MMSA [INFO] - TRAIN-(msalm) [2/21/1] >> loss: 0.3142  Mult_acc_2: 0.8363  Mult_acc_3: 0.7383  Mult_acc_5: 0.5051  F1_score: 0.8391  MAE: 0.2991  Corr: 0.8058  clm loss: 2.99 total loss: 4.4853 bn loss: 0.3575 av loss: 0.4553 text loss: 0.3683
2025-12-26 22:21:55,273 - MMSA [INFO] - VAL-(msalm) >>  Mult_acc_2: 0.7544  Mult_acc_3: 0.6579  Mult_acc_5: 0.3794  F1_score: 0.7602  MAE: 0.4059  Corr: 0.6483  Loss: 0.4156 
2025-12-26 22:22:02,843 - MMSA [INFO] - TRAIN-(msalm) [1/22/1] >> loss: 0.3159  Mult_acc_2: 0.8341  Mult_acc_3: 0.7420  Mult_acc_5: 0.4956  F1_score: 0.8366  MAE: 0.2981  Corr: 0.8206  clm loss: 2.9468 total loss: 4.4226 bn loss: 0.3536 av loss: 0.4464 text loss: 0.3599
2025-12-26 22:22:04,571 - MMSA [INFO] - VAL-(msalm) >>  Mult_acc_2: 0.7632  Mult_acc_3: 0.6557  Mult_acc_5: 0.4123  F1_score: 0.7696  MAE: 0.3950  Corr: 0.6618  Loss: 0.4065 
2025-12-26 22:22:12,317 - MMSA [INFO] - TRAIN-(msalm) [1/23/1] >> loss: 0.2981  Mult_acc_2: 0.8385  Mult_acc_3: 0.7493  Mult_acc_5: 0.5278  F1_score: 0.8417  MAE: 0.2815  Corr: 0.8299  clm loss: 2.9278 total loss: 4.3814 bn loss: 0.3314 av loss: 0.461 text loss: 0.3632
2025-12-26 22:22:13,997 - MMSA [INFO] - VAL-(msalm) >>  Mult_acc_2: 0.7566  Mult_acc_3: 0.6601  Mult_acc_5: 0.3816  F1_score: 0.7640  MAE: 0.4034  Corr: 0.6682  Loss: 0.4098 
2025-12-26 22:22:20,598 - MMSA [INFO] - TRAIN-(msalm) [2/24/1] >> loss: 0.3008  Mult_acc_2: 0.8377  Mult_acc_3: 0.7588  Mult_acc_5: 0.5205  F1_score: 0.8403  MAE: 0.2834  Corr: 0.8372  clm loss: 2.9458 total loss: 4.3685 bn loss: 0.3221 av loss: 0.4592 text loss: 0.3407
2025-12-26 22:22:22,334 - MMSA [INFO] - VAL-(msalm) >>  Mult_acc_2: 0.7325  Mult_acc_3: 0.6491  Mult_acc_5: 0.3991  F1_score: 0.7426  MAE: 0.4130  Corr: 0.6598  Loss: 0.4309 
2025-12-26 22:22:28,940 - MMSA [INFO] - TRAIN-(msalm) [3/25/1] >> loss: 0.287  Mult_acc_2: 0.8575  Mult_acc_3: 0.7675  Mult_acc_5: 0.5461  F1_score: 0.8601  MAE: 0.2694  Corr: 0.8411  clm loss: 2.8813 total loss: 4.2451 bn loss: 0.3083 av loss: 0.452 text loss: 0.3166
2025-12-26 22:22:30,605 - MMSA [INFO] - VAL-(msalm) >>  Mult_acc_2: 0.7741  Mult_acc_3: 0.6557  Mult_acc_5: 0.3860  F1_score: 0.7796  MAE: 0.4081  Corr: 0.6455  Loss: 0.4197 
2025-12-26 22:22:37,186 - MMSA [INFO] - TRAIN-(msalm) [4/26/1] >> loss: 0.2775  Mult_acc_2: 0.8560  Mult_acc_3: 0.7749  Mult_acc_5: 0.5395  F1_score: 0.8588  MAE: 0.2620  Corr: 0.8559  clm loss: 2.8327 total loss: 4.1788 bn loss: 0.3045 av loss: 0.446 text loss: 0.318
2025-12-26 22:22:38,892 - MMSA [INFO] - VAL-(msalm) >>  Mult_acc_2: 0.7785  Mult_acc_3: 0.6732  Mult_acc_5: 0.4079  F1_score: 0.7844  MAE: 0.4003  Corr: 0.6565  Loss: 0.4059 
2025-12-26 22:22:46,501 - MMSA [INFO] - TRAIN-(msalm) [1/27/1] >> loss: 0.2731  Mult_acc_2: 0.8640  Mult_acc_3: 0.7727  Mult_acc_5: 0.5636  F1_score: 0.8671  MAE: 0.2550  Corr: 0.8626  clm loss: 2.8214 total loss: 4.1813 bn loss: 0.3085 av loss: 0.4501 text loss: 0.3282
2025-12-26 22:22:48,183 - MMSA [INFO] - VAL-(msalm) >>  Mult_acc_2: 0.7895  Mult_acc_3: 0.6776  Mult_acc_5: 0.4276  F1_score: 0.7928  MAE: 0.3928  Corr: 0.6659  Loss: 0.4138 
2025-12-26 22:22:54,779 - MMSA [INFO] - TRAIN-(msalm) [2/28/1] >> loss: 0.2588  Mult_acc_2: 0.8560  Mult_acc_3: 0.7844  Mult_acc_5: 0.5885  F1_score: 0.8595  MAE: 0.2385  Corr: 0.8724  clm loss: 2.7785 total loss: 4.0713 bn loss: 0.2859 av loss: 0.4501 text loss: 0.298
2025-12-26 22:22:56,451 - MMSA [INFO] - VAL-(msalm) >>  Mult_acc_2: 0.7522  Mult_acc_3: 0.6623  Mult_acc_5: 0.4123  F1_score: 0.7606  MAE: 0.4064  Corr: 0.6545  Loss: 0.4248 
2025-12-26 22:23:03,018 - MMSA [INFO] - TRAIN-(msalm) [3/29/1] >> loss: 0.2557  Mult_acc_2: 0.8655  Mult_acc_3: 0.7858  Mult_acc_5: 0.5636  F1_score: 0.8679  MAE: 0.2407  Corr: 0.8780  clm loss: 2.768 total loss: 4.0656 bn loss: 0.2893 av loss: 0.455 text loss: 0.2977
2025-12-26 22:23:04,710 - MMSA [INFO] - VAL-(msalm) >>  Mult_acc_2: 0.7961  Mult_acc_3: 0.6711  Mult_acc_5: 0.4167  F1_score: 0.8008  MAE: 0.3947  Corr: 0.6667  Loss: 0.4034 
2025-12-26 22:23:12,427 - MMSA [INFO] - TRAIN-(msalm) [1/30/1] >> loss: 0.2548  Mult_acc_2: 0.8582  Mult_acc_3: 0.7909  Mult_acc_5: 0.5914  F1_score: 0.8615  MAE: 0.2366  Corr: 0.8841  clm loss: 2.7612 total loss: 4.0371 bn loss: 0.2699 av loss: 0.4483 text loss: 0.303
2025-12-26 22:23:14,105 - MMSA [INFO] - VAL-(msalm) >>  Mult_acc_2: 0.7939  Mult_acc_3: 0.6623  Mult_acc_5: 0.3991  F1_score: 0.7983  MAE: 0.3960  Corr: 0.6631  Loss: 0.4174 
2025-12-26 22:23:20,698 - MMSA [INFO] - TRAIN-(msalm) [2/31/1] >> loss: 0.2427  Mult_acc_2: 0.8706  Mult_acc_3: 0.7931  Mult_acc_5: 0.6118  F1_score: 0.8738  MAE: 0.2263  Corr: 0.8933  clm loss: 2.7191 total loss: 3.9655 bn loss: 0.2674 av loss: 0.4453 text loss: 0.291
2025-12-26 22:23:22,387 - MMSA [INFO] - VAL-(msalm) >>  Mult_acc_2: 0.7829  Mult_acc_3: 0.6842  Mult_acc_5: 0.4364  F1_score: 0.7895  MAE: 0.3938  Corr: 0.6718  Loss: 0.4067 
2025-12-26 22:23:28,980 - MMSA [INFO] - TRAIN-(msalm) [3/32/1] >> loss: 0.2308  Mult_acc_2: 0.8728  Mult_acc_3: 0.8056  Mult_acc_5: 0.6250  F1_score: 0.8754  MAE: 0.2167  Corr: 0.8977  clm loss: 2.6702 total loss: 3.8857 bn loss: 0.2683 av loss: 0.4475 text loss: 0.2689
2025-12-26 22:23:30,652 - MMSA [INFO] - VAL-(msalm) >>  Mult_acc_2: 0.7851  Mult_acc_3: 0.6776  Mult_acc_5: 0.4101  F1_score: 0.7897  MAE: 0.4024  Corr: 0.6553  Loss: 0.4047 
2025-12-26 22:23:37,228 - MMSA [INFO] - TRAIN-(msalm) [4/33/1] >> loss: 0.232  Mult_acc_2: 0.8670  Mult_acc_3: 0.8165  Mult_acc_5: 0.6221  F1_score: 0.8698  MAE: 0.2157  Corr: 0.8977  clm loss: 2.6625 total loss: 3.8973 bn loss: 0.251 av loss: 0.4476 text loss: 0.3042
2025-12-26 22:23:38,873 - MMSA [INFO] - VAL-(msalm) >>  Mult_acc_2: 0.7917  Mult_acc_3: 0.6732  Mult_acc_5: 0.4254  F1_score: 0.7923  MAE: 0.4014  Corr: 0.6582  Loss: 0.4209 
2025-12-26 22:23:45,447 - MMSA [INFO] - TRAIN-(msalm) [5/34/1] >> loss: 0.2098  Mult_acc_2: 0.8808  Mult_acc_3: 0.8202  Mult_acc_5: 0.6659  F1_score: 0.8840  MAE: 0.1866  Corr: 0.9236  clm loss: 2.5852 total loss: 3.7505 bn loss: 0.251 av loss: 0.4537 text loss: 0.2508
2025-12-26 22:23:47,218 - MMSA [INFO] - VAL-(msalm) >>  Mult_acc_2: 0.7917  Mult_acc_3: 0.6820  Mult_acc_5: 0.4276  F1_score: 0.7954  MAE: 0.3928  Corr: 0.6642  Loss: 0.4065 
2025-12-26 22:23:53,806 - MMSA [INFO] - TRAIN-(msalm) [6/35/1] >> loss: 0.21  Mult_acc_2: 0.8867  Mult_acc_3: 0.8238  Mult_acc_5: 0.6696  F1_score: 0.8893  MAE: 0.1934  Corr: 0.9197  clm loss: 2.5729 total loss: 3.7191 bn loss: 0.2376 av loss: 0.4455 text loss: 0.2532
2025-12-26 22:23:55,567 - MMSA [INFO] - VAL-(msalm) >>  Mult_acc_2: 0.7785  Mult_acc_3: 0.6689  Mult_acc_5: 0.4057  F1_score: 0.7837  MAE: 0.4007  Corr: 0.6575  Loss: 0.4283 
2025-12-26 22:24:02,158 - MMSA [INFO] - TRAIN-(msalm) [7/36/1] >> loss: 0.2071  Mult_acc_2: 0.8816  Mult_acc_3: 0.8173  Mult_acc_5: 0.6491  F1_score: 0.8840  MAE: 0.1913  Corr: 0.9269  clm loss: 2.5464 total loss: 3.6567 bn loss: 0.2192 av loss: 0.4453 text loss: 0.2387
2025-12-26 22:24:03,824 - MMSA [INFO] - VAL-(msalm) >>  Mult_acc_2: 0.7654  Mult_acc_3: 0.6557  Mult_acc_5: 0.3882  F1_score: 0.7734  MAE: 0.4149  Corr: 0.6597  Loss: 0.4247 
2025-12-26 22:24:10,556 - MMSA [INFO] - TRAIN-(msalm) [8/37/1] >> loss: 0.1961  Mult_acc_2: 0.8852  Mult_acc_3: 0.8194  Mult_acc_5: 0.6740  F1_score: 0.8880  MAE: 0.1794  Corr: 0.9367  clm loss: 2.5468 total loss: 3.6498 bn loss: 0.2257 av loss: 0.4462 text loss: 0.2351
2025-12-26 22:24:12,235 - MMSA [INFO] - VAL-(msalm) >>  Mult_acc_2: 0.7829  Mult_acc_3: 0.6557  Mult_acc_5: 0.4013  F1_score: 0.7895  MAE: 0.4004  Corr: 0.6580  Loss: 0.4113 
2025-12-26 22:24:18,806 - MMSA [INFO] - TRAIN-(msalm) [9/38/1] >> loss: 0.185  Mult_acc_2: 0.8808  Mult_acc_3: 0.8319  Mult_acc_5: 0.6952  F1_score: 0.8841  MAE: 0.1673  Corr: 0.9415  clm loss: 2.4929 total loss: 3.555 bn loss: 0.1982 av loss: 0.4405 text loss: 0.2384
2025-12-26 22:24:20,481 - MMSA [INFO] - VAL-(msalm) >>  Mult_acc_2: 0.7807  Mult_acc_3: 0.6601  Mult_acc_5: 0.4079  F1_score: 0.7851  MAE: 0.3939  Corr: 0.6570  Loss: 0.4054 
2025-12-26 22:24:27,060 - MMSA [INFO] - TRAIN-(msalm) [10/39/1] >> loss: 0.1976  Mult_acc_2: 0.8845  Mult_acc_3: 0.8151  Mult_acc_5: 0.6689  F1_score: 0.8874  MAE: 0.1809  Corr: 0.9325  clm loss: 2.4977 total loss: 3.5958 bn loss: 0.2157 av loss: 0.4395 text loss: 0.2454
2025-12-26 22:24:28,767 - MMSA [INFO] - VAL-(msalm) >>  Mult_acc_2: 0.7697  Mult_acc_3: 0.6711  Mult_acc_5: 0.4167  F1_score: 0.7766  MAE: 0.4022  Corr: 0.6563  Loss: 0.4042 
2025-12-26 22:24:30,885 - MMSA [INFO] - TEST-(msalm) >>  Mult_acc_2: 0.7899  Mult_acc_3: 0.6937  Mult_acc_5: 0.4267  F1_score: 0.7951  MAE: 0.3742  Corr: 0.7044  Loss: 0.3730 
2025-12-26 22:24:32,169 - MMSA [INFO] - Result for seed 1990: {'Mult_acc_2': 0.7899, 'Mult_acc_3': 0.6937, 'Mult_acc_5': 0.4267, 'F1_score': 0.7951, 'MAE': 0.3742, 'Corr': 0.7044, 'Loss': 0.373, 'seed': 1990}
2025-12-26 22:24:32,170 - MMSA [INFO] - ------------------------------ Running with seed 1991 [2/5] ------------------------------
2025-12-26 22:25:47,647 - MMSA [INFO] - The model has 160460348 trainable parameters
2025-12-26 22:25:54,272 - MMSA [INFO] - TRAIN-(msalm) [1/1/2] >> loss: 0.6642  Mult_acc_2: 0.5212  Mult_acc_3: 0.3626  Mult_acc_5: 0.1784  F1_score: 0.5383  MAE: 0.6633  Corr: -0.0297  clm loss: 7.5161 total loss: 11.2374 bn loss: 1.4058 av loss: 0.741 text loss: 0.9103
2025-12-26 22:25:55,944 - MMSA [INFO] - VAL-(msalm) >>  Mult_acc_2: 0.5877  Mult_acc_3: 0.4057  Mult_acc_5: 0.1798  F1_score: 0.5985  MAE: 0.5910  Corr: 0.1961  Loss: 0.5947 
2025-12-26 22:26:03,629 - MMSA [INFO] - TRAIN-(msalm) [1/2/2] >> loss: 0.5839  Mult_acc_2: 0.6243  Mult_acc_3: 0.4635  Mult_acc_5: 0.2164  F1_score: 0.6362  MAE: 0.5814  Corr: 0.2666  clm loss: 6.0137 total loss: 9.0464 bn loss: 1.0336 av loss: 0.6765 text loss: 0.7386
2025-12-26 22:26:05,329 - MMSA [INFO] - VAL-(msalm) >>  Mult_acc_2: 0.7193  Mult_acc_3: 0.5461  Mult_acc_5: 0.2325  F1_score: 0.7249  MAE: 0.5292  Corr: 0.4395  Loss: 0.5397 
2025-12-26 22:26:12,943 - MMSA [INFO] - TRAIN-(msalm) [1/3/2] >> loss: 0.5409  Mult_acc_2: 0.6732  Mult_acc_3: 0.5336  Mult_acc_5: 0.2602  F1_score: 0.6837  MAE: 0.5316  Corr: 0.4301  clm loss: 4.7128 total loss: 7.3564 bn loss: 0.8388 av loss: 0.6291 text loss: 0.6348
2025-12-26 22:26:14,711 - MMSA [INFO] - VAL-(msalm) >>  Mult_acc_2: 0.6776  Mult_acc_3: 0.5811  Mult_acc_5: 0.2763  F1_score: 0.6895  MAE: 0.5050  Corr: 0.5139  Loss: 0.5048 
2025-12-26 22:26:22,349 - MMSA [INFO] - TRAIN-(msalm) [1/4/2] >> loss: 0.4969  Mult_acc_2: 0.7047  Mult_acc_3: 0.6031  Mult_acc_5: 0.3545  F1_score: 0.7137  MAE: 0.4770  Corr: 0.5250  clm loss: 4.1662 total loss: 6.4898 bn loss: 0.6316 av loss: 0.603 text loss: 0.5922
2025-12-26 22:26:24,021 - MMSA [INFO] - VAL-(msalm) >>  Mult_acc_2: 0.7544  Mult_acc_3: 0.6206  Mult_acc_5: 0.3136  F1_score: 0.7544  MAE: 0.4670  Corr: 0.5527  Loss: 0.4765 
2025-12-26 22:26:31,691 - MMSA [INFO] - TRAIN-(msalm) [1/5/2] >> loss: 0.4845  Mult_acc_2: 0.7215  Mult_acc_3: 0.6162  Mult_acc_5: 0.3480  F1_score: 0.7288  MAE: 0.4634  Corr: 0.5544  clm loss: 4.033 total loss: 6.2122 bn loss: 0.5417 av loss: 0.5778 text loss: 0.5752
2025-12-26 22:26:33,385 - MMSA [INFO] - VAL-(msalm) >>  Mult_acc_2: 0.7105  Mult_acc_3: 0.6053  Mult_acc_5: 0.2982  F1_score: 0.7193  MAE: 0.4697  Corr: 0.5539  Loss: 0.4953 
2025-12-26 22:26:39,981 - MMSA [INFO] - TRAIN-(msalm) [2/6/2] >> loss: 0.4672  Mult_acc_2: 0.7544  Mult_acc_3: 0.6294  Mult_acc_5: 0.3224  F1_score: 0.7576  MAE: 0.4518  Corr: 0.5863  clm loss: 3.8345 total loss: 5.9191 bn loss: 0.5162 av loss: 0.5394 text loss: 0.5618
2025-12-26 22:26:41,679 - MMSA [INFO] - VAL-(msalm) >>  Mult_acc_2: 0.7237  Mult_acc_3: 0.6075  Mult_acc_5: 0.3158  F1_score: 0.7312  MAE: 0.4666  Corr: 0.5424  Loss: 0.4875 
2025-12-26 22:26:48,278 - MMSA [INFO] - TRAIN-(msalm) [3/7/2] >> loss: 0.4502  Mult_acc_2: 0.7632  Mult_acc_3: 0.6404  Mult_acc_5: 0.3531  F1_score: 0.7669  MAE: 0.4389  Corr: 0.6031  clm loss: 3.6679 total loss: 5.694 bn loss: 0.502 av loss: 0.5122 text loss: 0.5616
2025-12-26 22:26:49,975 - MMSA [INFO] - VAL-(msalm) >>  Mult_acc_2: 0.6842  Mult_acc_3: 0.5768  Mult_acc_5: 0.3136  F1_score: 0.6960  MAE: 0.4753  Corr: 0.5654  Loss: 0.4896 
2025-12-26 22:26:56,570 - MMSA [INFO] - TRAIN-(msalm) [4/8/2] >> loss: 0.4523  Mult_acc_2: 0.7617  Mult_acc_3: 0.6462  Mult_acc_5: 0.3677  F1_score: 0.7658  MAE: 0.4318  Corr: 0.6122  clm loss: 3.4808 total loss: 5.4455 bn loss: 0.4948 av loss: 0.4932 text loss: 0.5243
2025-12-26 22:26:58,260 - MMSA [INFO] - VAL-(msalm) >>  Mult_acc_2: 0.7237  Mult_acc_3: 0.6118  Mult_acc_5: 0.3443  F1_score: 0.7258  MAE: 0.4590  Corr: 0.5484  Loss: 0.4965 
2025-12-26 22:27:05,030 - MMSA [INFO] - TRAIN-(msalm) [5/9/2] >> loss: 0.4428  Mult_acc_2: 0.7646  Mult_acc_3: 0.6506  Mult_acc_5: 0.3370  F1_score: 0.7684  MAE: 0.4267  Corr: 0.6307  clm loss: 3.403 total loss: 5.379 bn loss: 0.4957 av loss: 0.4958 text loss: 0.5417
2025-12-26 22:27:06,786 - MMSA [INFO] - VAL-(msalm) >>  Mult_acc_2: 0.7281  Mult_acc_3: 0.6053  Mult_acc_5: 0.3333  F1_score: 0.7355  MAE: 0.4551  Corr: 0.5698  Loss: 0.4690 
2025-12-26 22:27:14,432 - MMSA [INFO] - TRAIN-(msalm) [1/10/2] >> loss: 0.4186  Mult_acc_2: 0.7829  Mult_acc_3: 0.6630  Mult_acc_5: 0.3882  F1_score: 0.7851  MAE: 0.4001  Corr: 0.6640  clm loss: 3.3162 total loss: 5.2316 bn loss: 0.4812 av loss: 0.482 text loss: 0.5335
2025-12-26 22:27:16,130 - MMSA [INFO] - VAL-(msalm) >>  Mult_acc_2: 0.7544  Mult_acc_3: 0.6294  Mult_acc_5: 0.3816  F1_score: 0.7567  MAE: 0.4352  Corr: 0.5950  Loss: 0.4571 
2025-12-26 22:27:23,817 - MMSA [INFO] - TRAIN-(msalm) [1/11/2] >> loss: 0.4151  Mult_acc_2: 0.7909  Mult_acc_3: 0.6608  Mult_acc_5: 0.3816  F1_score: 0.7937  MAE: 0.4024  Corr: 0.6659  clm loss: 3.293 total loss: 5.184 bn loss: 0.4772 av loss: 0.4779 text loss: 0.5208
2025-12-26 22:27:25,573 - MMSA [INFO] - VAL-(msalm) >>  Mult_acc_2: 0.7741  Mult_acc_3: 0.6447  Mult_acc_5: 0.3794  F1_score: 0.7729  MAE: 0.4225  Corr: 0.6214  Loss: 0.4383 
2025-12-26 22:27:33,199 - MMSA [INFO] - TRAIN-(msalm) [1/12/2] >> loss: 0.4114  Mult_acc_2: 0.7887  Mult_acc_3: 0.6827  Mult_acc_5: 0.3896  F1_score: 0.7916  MAE: 0.3945  Corr: 0.6753  clm loss: 3.2823 total loss: 5.101 bn loss: 0.4497 av loss: 0.4651 text loss: 0.4925
2025-12-26 22:27:34,964 - MMSA [INFO] - VAL-(msalm) >>  Mult_acc_2: 0.7456  Mult_acc_3: 0.6206  Mult_acc_5: 0.3904  F1_score: 0.7511  MAE: 0.4284  Corr: 0.6075  Loss: 0.4608 
2025-12-26 22:27:41,553 - MMSA [INFO] - TRAIN-(msalm) [2/13/2] >> loss: 0.3918  Mult_acc_2: 0.8026  Mult_acc_3: 0.6952  Mult_acc_5: 0.4225  F1_score: 0.8043  MAE: 0.3789  Corr: 0.7044  clm loss: 3.2225 total loss: 5.0102 bn loss: 0.4678 av loss: 0.4726 text loss: 0.4555
2025-12-26 22:27:43,286 - MMSA [INFO] - VAL-(msalm) >>  Mult_acc_2: 0.7588  Mult_acc_3: 0.6623  Mult_acc_5: 0.3772  F1_score: 0.7610  MAE: 0.4221  Corr: 0.6187  Loss: 0.4264 
2025-12-26 22:27:50,880 - MMSA [INFO] - TRAIN-(msalm) [1/14/2] >> loss: 0.3931  Mult_acc_2: 0.7785  Mult_acc_3: 0.6776  Mult_acc_5: 0.3882  F1_score: 0.7817  MAE: 0.3829  Corr: 0.6998  clm loss: 3.2215 total loss: 4.9677 bn loss: 0.4369 av loss: 0.4729 text loss: 0.4433
2025-12-26 22:27:52,608 - MMSA [INFO] - VAL-(msalm) >>  Mult_acc_2: 0.7390  Mult_acc_3: 0.6447  Mult_acc_5: 0.3947  F1_score: 0.7463  MAE: 0.4109  Corr: 0.6370  Loss: 0.4321 
2025-12-26 22:27:59,347 - MMSA [INFO] - TRAIN-(msalm) [2/15/2] >> loss: 0.3585  Mult_acc_2: 0.8121  Mult_acc_3: 0.7237  Mult_acc_5: 0.4576  F1_score: 0.8149  MAE: 0.3422  Corr: 0.7579  clm loss: 3.1902 total loss: 4.8649 bn loss: 0.4077 av loss: 0.4668 text loss: 0.4417
2025-12-26 22:28:01,066 - MMSA [INFO] - VAL-(msalm) >>  Mult_acc_2: 0.7149  Mult_acc_3: 0.6316  Mult_acc_5: 0.3794  F1_score: 0.7253  MAE: 0.4237  Corr: 0.6380  Loss: 0.4348 
2025-12-26 22:28:07,679 - MMSA [INFO] - TRAIN-(msalm) [3/16/2] >> loss: 0.3523  Mult_acc_2: 0.8194  Mult_acc_3: 0.7142  Mult_acc_5: 0.4481  F1_score: 0.8230  MAE: 0.3409  Corr: 0.7548  clm loss: 3.1534 total loss: 4.8059 bn loss: 0.4056 av loss: 0.4616 text loss: 0.433
2025-12-26 22:28:09,370 - MMSA [INFO] - VAL-(msalm) >>  Mult_acc_2: 0.7237  Mult_acc_3: 0.6031  Mult_acc_5: 0.3575  F1_score: 0.7346  MAE: 0.4306  Corr: 0.6523  Loss: 0.4308 
2025-12-26 22:28:15,957 - MMSA [INFO] - TRAIN-(msalm) [4/17/2] >> loss: 0.3543  Mult_acc_2: 0.8034  Mult_acc_3: 0.7098  Mult_acc_5: 0.4488  F1_score: 0.8076  MAE: 0.3424  Corr: 0.7594  clm loss: 3.1246 total loss: 4.7715 bn loss: 0.3976 av loss: 0.4632 text loss: 0.4318
2025-12-26 22:28:17,650 - MMSA [INFO] - VAL-(msalm) >>  Mult_acc_2: 0.7368  Mult_acc_3: 0.6447  Mult_acc_5: 0.4079  F1_score: 0.7464  MAE: 0.4047  Corr: 0.6542  Loss: 0.4240 
2025-12-26 22:28:25,332 - MMSA [INFO] - TRAIN-(msalm) [1/18/2] >> loss: 0.3416  Mult_acc_2: 0.8304  Mult_acc_3: 0.7178  Mult_acc_5: 0.4671  F1_score: 0.8335  MAE: 0.3244  Corr: 0.7856  clm loss: 3.0907 total loss: 4.6748 bn loss: 0.382 av loss: 0.4639 text loss: 0.3966
2025-12-26 22:28:27,043 - MMSA [INFO] - VAL-(msalm) >>  Mult_acc_2: 0.7412  Mult_acc_3: 0.6557  Mult_acc_5: 0.4167  F1_score: 0.7495  MAE: 0.4062  Corr: 0.6503  Loss: 0.4378 
2025-12-26 22:28:33,636 - MMSA [INFO] - TRAIN-(msalm) [2/19/2] >> loss: 0.3389  Mult_acc_2: 0.8209  Mult_acc_3: 0.7325  Mult_acc_5: 0.4715  F1_score: 0.8238  MAE: 0.3262  Corr: 0.7732  clm loss: 3.0812 total loss: 4.6751 bn loss: 0.3803 av loss: 0.4657 text loss: 0.409
2025-12-26 22:28:35,333 - MMSA [INFO] - VAL-(msalm) >>  Mult_acc_2: 0.7785  Mult_acc_3: 0.6579  Mult_acc_5: 0.4079  F1_score: 0.7818  MAE: 0.3994  Corr: 0.6519  Loss: 0.4107 
2025-12-26 22:28:42,978 - MMSA [INFO] - TRAIN-(msalm) [1/20/2] >> loss: 0.34  Mult_acc_2: 0.8216  Mult_acc_3: 0.7317  Mult_acc_5: 0.4722  F1_score: 0.8244  MAE: 0.3340  Corr: 0.7685  clm loss: 3.0698 total loss: 4.6302 bn loss: 0.3676 av loss: 0.4644 text loss: 0.3885
2025-12-26 22:28:44,680 - MMSA [INFO] - VAL-(msalm) >>  Mult_acc_2: 0.7544  Mult_acc_3: 0.6601  Mult_acc_5: 0.4232  F1_score: 0.7620  MAE: 0.4000  Corr: 0.6554  Loss: 0.4095 
2025-12-26 22:28:52,475 - MMSA [INFO] - TRAIN-(msalm) [1/21/2] >> loss: 0.3259  Mult_acc_2: 0.8326  Mult_acc_3: 0.7442  Mult_acc_5: 0.5029  F1_score: 0.8358  MAE: 0.3106  Corr: 0.7932  clm loss: 3.0155 total loss: 4.5296 bn loss: 0.3534 av loss: 0.4592 text loss: 0.3756
2025-12-26 22:28:54,163 - MMSA [INFO] - VAL-(msalm) >>  Mult_acc_2: 0.7610  Mult_acc_3: 0.6754  Mult_acc_5: 0.4232  F1_score: 0.7683  MAE: 0.3969  Corr: 0.6552  Loss: 0.4180 
2025-12-26 22:29:00,786 - MMSA [INFO] - TRAIN-(msalm) [2/22/2] >> loss: 0.3145  Mult_acc_2: 0.8377  Mult_acc_3: 0.7551  Mult_acc_5: 0.5139  F1_score: 0.8402  MAE: 0.2993  Corr: 0.8107  clm loss: 2.9806 total loss: 4.4548 bn loss: 0.3327 av loss: 0.4565 text loss: 0.3705
2025-12-26 22:29:02,487 - MMSA [INFO] - VAL-(msalm) >>  Mult_acc_2: 0.7544  Mult_acc_3: 0.6601  Mult_acc_5: 0.4079  F1_score: 0.7635  MAE: 0.4066  Corr: 0.6483  Loss: 0.4176 
2025-12-26 22:29:09,121 - MMSA [INFO] - TRAIN-(msalm) [3/23/2] >> loss: 0.3115  Mult_acc_2: 0.8377  Mult_acc_3: 0.7427  Mult_acc_5: 0.4912  F1_score: 0.8403  MAE: 0.3040  Corr: 0.8091  clm loss: 2.9611 total loss: 4.459 bn loss: 0.3353 av loss: 0.4631 text loss: 0.388
2025-12-26 22:29:10,862 - MMSA [INFO] - VAL-(msalm) >>  Mult_acc_2: 0.7566  Mult_acc_3: 0.6601  Mult_acc_5: 0.4364  F1_score: 0.7646  MAE: 0.3989  Corr: 0.6501  Loss: 0.4138 
2025-12-26 22:29:17,455 - MMSA [INFO] - TRAIN-(msalm) [4/24/2] >> loss: 0.3109  Mult_acc_2: 0.8202  Mult_acc_3: 0.7420  Mult_acc_5: 0.5161  F1_score: 0.8246  MAE: 0.2949  Corr: 0.8123  clm loss: 2.928 total loss: 4.4158 bn loss: 0.3323 av loss: 0.4602 text loss: 0.3845
2025-12-26 22:29:19,171 - MMSA [INFO] - VAL-(msalm) >>  Mult_acc_2: 0.7763  Mult_acc_3: 0.6667  Mult_acc_5: 0.4211  F1_score: 0.7819  MAE: 0.3906  Corr: 0.6550  Loss: 0.4210 
2025-12-26 22:29:25,791 - MMSA [INFO] - TRAIN-(msalm) [5/25/2] >> loss: 0.2827  Mult_acc_2: 0.8509  Mult_acc_3: 0.7661  Mult_acc_5: 0.5519  F1_score: 0.8539  MAE: 0.2687  Corr: 0.8440  clm loss: 2.9075 total loss: 4.3131 bn loss: 0.3142 av loss: 0.459 text loss: 0.3498
2025-12-26 22:29:27,481 - MMSA [INFO] - VAL-(msalm) >>  Mult_acc_2: 0.7829  Mult_acc_3: 0.6579  Mult_acc_5: 0.4035  F1_score: 0.7877  MAE: 0.3975  Corr: 0.6540  Loss: 0.3976 
2025-12-26 22:29:35,108 - MMSA [INFO] - TRAIN-(msalm) [1/26/2] >> loss: 0.2834  Mult_acc_2: 0.8465  Mult_acc_3: 0.7727  Mult_acc_5: 0.5475  F1_score: 0.8495  MAE: 0.2720  Corr: 0.8407  clm loss: 2.8501 total loss: 4.1989 bn loss: 0.3027 av loss: 0.4467 text loss: 0.316
2025-12-26 22:29:36,829 - MMSA [INFO] - VAL-(msalm) >>  Mult_acc_2: 0.7588  Mult_acc_3: 0.6645  Mult_acc_5: 0.4342  F1_score: 0.7674  MAE: 0.3954  Corr: 0.6547  Loss: 0.4211 
2025-12-26 22:29:43,455 - MMSA [INFO] - TRAIN-(msalm) [2/27/2] >> loss: 0.2763  Mult_acc_2: 0.8501  Mult_acc_3: 0.7792  Mult_acc_5: 0.5614  F1_score: 0.8536  MAE: 0.2589  Corr: 0.8514  clm loss: 2.827 total loss: 4.1617 bn loss: 0.2946 av loss: 0.4501 text loss: 0.3137
2025-12-26 22:29:45,161 - MMSA [INFO] - VAL-(msalm) >>  Mult_acc_2: 0.7675  Mult_acc_3: 0.6579  Mult_acc_5: 0.4189  F1_score: 0.7748  MAE: 0.3936  Corr: 0.6544  Loss: 0.3957 
2025-12-26 22:29:52,956 - MMSA [INFO] - TRAIN-(msalm) [1/28/2] >> loss: 0.2832  Mult_acc_2: 0.8436  Mult_acc_3: 0.7705  Mult_acc_5: 0.5541  F1_score: 0.8463  MAE: 0.2695  Corr: 0.8417  clm loss: 2.8258 total loss: 4.188 bn loss: 0.2941 av loss: 0.4588 text loss: 0.3261
2025-12-26 22:29:54,618 - MMSA [INFO] - VAL-(msalm) >>  Mult_acc_2: 0.7917  Mult_acc_3: 0.6864  Mult_acc_5: 0.4430  F1_score: 0.7965  MAE: 0.3844  Corr: 0.6637  Loss: 0.3879 
2025-12-26 22:30:02,224 - MMSA [INFO] - TRAIN-(msalm) [1/29/2] >> loss: 0.2532  Mult_acc_2: 0.8655  Mult_acc_3: 0.7961  Mult_acc_5: 0.5892  F1_score: 0.8688  MAE: 0.2395  Corr: 0.8775  clm loss: 2.7756 total loss: 4.0513 bn loss: 0.2759 av loss: 0.4465 text loss: 0.3
2025-12-26 22:30:03,930 - MMSA [INFO] - VAL-(msalm) >>  Mult_acc_2: 0.7675  Mult_acc_3: 0.6886  Mult_acc_5: 0.4276  F1_score: 0.7753  MAE: 0.3909  Corr: 0.6575  Loss: 0.4000 
2025-12-26 22:30:10,533 - MMSA [INFO] - TRAIN-(msalm) [2/30/2] >> loss: 0.2568  Mult_acc_2: 0.8626  Mult_acc_3: 0.7982  Mult_acc_5: 0.5980  F1_score: 0.8654  MAE: 0.2397  Corr: 0.8795  clm loss: 2.7598 total loss: 4.0608 bn loss: 0.2831 av loss: 0.455 text loss: 0.3061
2025-12-26 22:30:12,227 - MMSA [INFO] - VAL-(msalm) >>  Mult_acc_2: 0.7763  Mult_acc_3: 0.6864  Mult_acc_5: 0.4298  F1_score: 0.7831  MAE: 0.3884  Corr: 0.6581  Loss: 0.4151 
2025-12-26 22:30:18,817 - MMSA [INFO] - TRAIN-(msalm) [3/31/2] >> loss: 0.2423  Mult_acc_2: 0.8545  Mult_acc_3: 0.7931  Mult_acc_5: 0.6206  F1_score: 0.8582  MAE: 0.2271  Corr: 0.8837  clm loss: 2.7213 total loss: 3.9652 bn loss: 0.2572 av loss: 0.4481 text loss: 0.2962
2025-12-26 22:30:20,528 - MMSA [INFO] - VAL-(msalm) >>  Mult_acc_2: 0.7807  Mult_acc_3: 0.6952  Mult_acc_5: 0.4364  F1_score: 0.7875  MAE: 0.3885  Corr: 0.6591  Loss: 0.3991 
2025-12-26 22:30:27,179 - MMSA [INFO] - TRAIN-(msalm) [4/32/2] >> loss: 0.2386  Mult_acc_2: 0.8648  Mult_acc_3: 0.8034  Mult_acc_5: 0.6126  F1_score: 0.8682  MAE: 0.2238  Corr: 0.8917  clm loss: 2.6794 total loss: 3.9136 bn loss: 0.2565 av loss: 0.4559 text loss: 0.2832
2025-12-26 22:30:28,952 - MMSA [INFO] - VAL-(msalm) >>  Mult_acc_2: 0.7829  Mult_acc_3: 0.6820  Mult_acc_5: 0.4364  F1_score: 0.7891  MAE: 0.3886  Corr: 0.6631  Loss: 0.3918 
2025-12-26 22:30:35,542 - MMSA [INFO] - TRAIN-(msalm) [5/33/2] >> loss: 0.2326  Mult_acc_2: 0.8816  Mult_acc_3: 0.8070  Mult_acc_5: 0.6213  F1_score: 0.8842  MAE: 0.2186  Corr: 0.8953  clm loss: 2.6659 total loss: 3.8667 bn loss: 0.2473 av loss: 0.4495 text loss: 0.2714
2025-12-26 22:30:37,230 - MMSA [INFO] - VAL-(msalm) >>  Mult_acc_2: 0.7785  Mult_acc_3: 0.6864  Mult_acc_5: 0.4167  F1_score: 0.7853  MAE: 0.3880  Corr: 0.6640  Loss: 0.3969 
2025-12-26 22:30:43,829 - MMSA [INFO] - TRAIN-(msalm) [6/34/2] >> loss: 0.2311  Mult_acc_2: 0.8633  Mult_acc_3: 0.7968  Mult_acc_5: 0.6184  F1_score: 0.8665  MAE: 0.2172  Corr: 0.8941  clm loss: 2.6146 total loss: 3.8371 bn loss: 0.2533 av loss: 0.4515 text loss: 0.2866
2025-12-26 22:30:45,507 - MMSA [INFO] - VAL-(msalm) >>  Mult_acc_2: 0.7763  Mult_acc_3: 0.6798  Mult_acc_5: 0.4167  F1_score: 0.7822  MAE: 0.3931  Corr: 0.6551  Loss: 0.4097 
2025-12-26 22:30:52,257 - MMSA [INFO] - TRAIN-(msalm) [7/35/2] >> loss: 0.2186  Mult_acc_2: 0.8655  Mult_acc_3: 0.8077  Mult_acc_5: 0.6389  F1_score: 0.8690  MAE: 0.2066  Corr: 0.9083  clm loss: 2.6039 total loss: 3.7864 bn loss: 0.2448 av loss: 0.4522 text loss: 0.267
2025-12-26 22:30:53,949 - MMSA [INFO] - VAL-(msalm) >>  Mult_acc_2: 0.7741  Mult_acc_3: 0.6864  Mult_acc_5: 0.4298  F1_score: 0.7796  MAE: 0.3899  Corr: 0.6563  Loss: 0.4026 
2025-12-26 22:31:00,539 - MMSA [INFO] - TRAIN-(msalm) [8/36/2] >> loss: 0.2107  Mult_acc_2: 0.8728  Mult_acc_3: 0.8151  Mult_acc_5: 0.6491  F1_score: 0.8758  MAE: 0.1955  Corr: 0.9162  clm loss: 2.5437 total loss: 3.687 bn loss: 0.2296 av loss: 0.448 text loss: 0.2551
2025-12-26 22:31:02,233 - MMSA [INFO] - VAL-(msalm) >>  Mult_acc_2: 0.7654  Mult_acc_3: 0.6732  Mult_acc_5: 0.4101  F1_score: 0.7723  MAE: 0.3908  Corr: 0.6615  Loss: 0.3951 
2025-12-26 22:31:08,826 - MMSA [INFO] - TRAIN-(msalm) [9/37/2] >> loss: 0.209  Mult_acc_2: 0.8765  Mult_acc_3: 0.8151  Mult_acc_5: 0.6557  F1_score: 0.8795  MAE: 0.1915  Corr: 0.9200  clm loss: 2.5273 total loss: 3.6465 bn loss: 0.2198 av loss: 0.4489 text loss: 0.2415
2025-12-26 22:31:10,597 - MMSA [INFO] - VAL-(msalm) >>  Mult_acc_2: 0.7741  Mult_acc_3: 0.6930  Mult_acc_5: 0.4605  F1_score: 0.7785  MAE: 0.3880  Corr: 0.6516  Loss: 0.4060 
2025-12-26 22:31:17,214 - MMSA [INFO] - TRAIN-(msalm) [10/38/2] >> loss: 0.1963  Mult_acc_2: 0.8823  Mult_acc_3: 0.8268  Mult_acc_5: 0.6659  F1_score: 0.8852  MAE: 0.1864  Corr: 0.9259  clm loss: 2.4839 total loss: 3.6028 bn loss: 0.2112 av loss: 0.449 text loss: 0.2624
2025-12-26 22:31:18,969 - MMSA [INFO] - VAL-(msalm) >>  Mult_acc_2: 0.7456  Mult_acc_3: 0.6601  Mult_acc_5: 0.4079  F1_score: 0.7545  MAE: 0.3974  Corr: 0.6582  Loss: 0.3913 
2025-12-26 22:31:21,132 - MMSA [INFO] - TEST-(msalm) >>  Mult_acc_2: 0.8425  Mult_acc_3: 0.7090  Mult_acc_5: 0.4442  F1_score: 0.8447  MAE: 0.3579  Corr: 0.7285  Loss: 0.3711 
2025-12-26 22:31:22,430 - MMSA [INFO] - Result for seed 1991: {'Mult_acc_2': 0.8425, 'Mult_acc_3': 0.709, 'Mult_acc_5': 0.4442, 'F1_score': 0.8447, 'MAE': 0.3579, 'Corr': 0.7285, 'Loss': 0.3711, 'seed': 1991}
2025-12-26 22:31:22,431 - MMSA [INFO] - ------------------------------ Running with seed 1992 [3/5] ------------------------------
2025-12-26 22:32:38,314 - MMSA [INFO] - The model has 160460348 trainable parameters
2025-12-26 22:32:44,930 - MMSA [INFO] - TRAIN-(msalm) [1/1/3] >> loss: 1.1233  Mult_acc_2: 0.3048  Mult_acc_3: 0.3041  Mult_acc_5: 0.1469  F1_score: 0.1456  MAE: 1.0415  Corr: 0.0153  clm loss: 7.5003 total loss: 11.7322 bn loss: 0.853 av loss: 0.7665 text loss: 1.4892
2025-12-26 22:32:46,608 - MMSA [INFO] - VAL-(msalm) >>  Mult_acc_2: 0.3048  Mult_acc_3: 0.3048  Mult_acc_5: 0.1776  F1_score: 0.1462  MAE: 1.0323  Corr: 0.1234  Loss: 1.1025 
2025-12-26 22:32:54,290 - MMSA [INFO] - TRAIN-(msalm) [1/2/3] >> loss: 1.0759  Mult_acc_2: 0.3151  Mult_acc_3: 0.3070  Mult_acc_5: 0.1637  F1_score: 0.1631  MAE: 1.0028  Corr: 0.1352  clm loss: 6.0036 total loss: 9.501 bn loss: 0.6747 av loss: 0.6842 text loss: 1.0626
2025-12-26 22:32:55,983 - MMSA [INFO] - VAL-(msalm) >>  Mult_acc_2: 0.3092  Mult_acc_3: 0.3092  Mult_acc_5: 0.1864  F1_score: 0.1516  MAE: 0.8805  Corr: 0.2784  Loss: 0.9180 
2025-12-26 22:33:03,623 - MMSA [INFO] - TRAIN-(msalm) [1/3/3] >> loss: 1.0425  Mult_acc_2: 0.3151  Mult_acc_3: 0.3136  Mult_acc_5: 0.1813  F1_score: 0.1619  MAE: 0.9665  Corr: 0.2362  clm loss: 4.5824 total loss: 7.602 bn loss: 0.5894 av loss: 0.6304 text loss: 0.7573
2025-12-26 22:33:05,305 - MMSA [INFO] - VAL-(msalm) >>  Mult_acc_2: 0.3180  Mult_acc_3: 0.3092  Mult_acc_5: 0.1930  F1_score: 0.1733  MAE: 0.8496  Corr: 0.3309  Loss: 0.8751 
2025-12-26 22:33:12,931 - MMSA [INFO] - TRAIN-(msalm) [1/4/3] >> loss: 1.0093  Mult_acc_2: 0.3224  Mult_acc_3: 0.3165  Mult_acc_5: 0.1740  F1_score: 0.1792  MAE: 0.9401  Corr: 0.3017  clm loss: 4.2004 total loss: 7.0194 bn loss: 0.5491 av loss: 0.608 text loss: 0.6525
2025-12-26 22:33:14,606 - MMSA [INFO] - VAL-(msalm) >>  Mult_acc_2: 0.3092  Mult_acc_3: 0.3070  Mult_acc_5: 0.1711  F1_score: 0.1516  MAE: 0.9549  Corr: 0.3609  Loss: 0.9990 
2025-12-26 22:33:21,192 - MMSA [INFO] - TRAIN-(msalm) [2/5/3] >> loss: 0.977  Mult_acc_2: 0.3319  Mult_acc_3: 0.3143  Mult_acc_5: 0.1813  F1_score: 0.2036  MAE: 0.8965  Corr: 0.3431  clm loss: 4.0542 total loss: 6.7692 bn loss: 0.5317 av loss: 0.5934 text loss: 0.613
2025-12-26 22:33:22,944 - MMSA [INFO] - VAL-(msalm) >>  Mult_acc_2: 0.3158  Mult_acc_3: 0.3136  Mult_acc_5: 0.2039  F1_score: 0.1688  MAE: 0.8746  Corr: 0.3960  Loss: 0.9193 
2025-12-26 22:33:29,584 - MMSA [INFO] - TRAIN-(msalm) [3/6/3] >> loss: 0.9471  Mult_acc_2: 0.3450  Mult_acc_3: 0.3297  Mult_acc_5: 0.1959  F1_score: 0.2266  MAE: 0.8623  Corr: 0.3995  clm loss: 3.8726 total loss: 6.4988 bn loss: 0.4971 av loss: 0.5833 text loss: 0.5989
2025-12-26 22:33:31,267 - MMSA [INFO] - VAL-(msalm) >>  Mult_acc_2: 0.3487  Mult_acc_3: 0.3311  Mult_acc_5: 0.2127  F1_score: 0.2330  MAE: 0.7901  Corr: 0.4414  Loss: 0.8203 
2025-12-26 22:33:38,881 - MMSA [INFO] - TRAIN-(msalm) [1/7/3] >> loss: 0.92  Mult_acc_2: 0.3575  Mult_acc_3: 0.3355  Mult_acc_5: 0.2054  F1_score: 0.2497  MAE: 0.8397  Corr: 0.4258  clm loss: 3.679 total loss: 6.2684 bn loss: 0.497 av loss: 0.5729 text loss: 0.5995
2025-12-26 22:33:40,588 - MMSA [INFO] - VAL-(msalm) >>  Mult_acc_2: 0.3509  Mult_acc_3: 0.3092  Mult_acc_5: 0.1864  F1_score: 0.2340  MAE: 0.7965  Corr: 0.4298  Loss: 0.8401 
2025-12-26 22:33:47,378 - MMSA [INFO] - TRAIN-(msalm) [2/8/3] >> loss: 0.8814  Mult_acc_2: 0.3553  Mult_acc_3: 0.3385  Mult_acc_5: 0.2018  F1_score: 0.2427  MAE: 0.8258  Corr: 0.4948  clm loss: 3.5385 total loss: 6.0593 bn loss: 0.491 av loss: 0.5635 text loss: 0.5849
2025-12-26 22:33:49,088 - MMSA [INFO] - VAL-(msalm) >>  Mult_acc_2: 0.3311  Mult_acc_3: 0.3224  Mult_acc_5: 0.2039  F1_score: 0.1961  MAE: 0.8275  Corr: 0.4424  Loss: 0.8658 
2025-12-26 22:33:55,710 - MMSA [INFO] - TRAIN-(msalm) [3/9/3] >> loss: 0.8614  Mult_acc_2: 0.3450  Mult_acc_3: 0.3311  Mult_acc_5: 0.2113  F1_score: 0.2235  MAE: 0.8174  Corr: 0.4587  clm loss: 3.4194 total loss: 5.9045 bn loss: 0.5074 av loss: 0.5528 text loss: 0.5635
2025-12-26 22:33:57,541 - MMSA [INFO] - VAL-(msalm) >>  Mult_acc_2: 0.3202  Mult_acc_3: 0.3180  Mult_acc_5: 0.2105  F1_score: 0.1742  MAE: 0.8130  Corr: 0.4955  Loss: 0.8475 
2025-12-26 22:34:04,174 - MMSA [INFO] - TRAIN-(msalm) [4/10/3] >> loss: 0.8224  Mult_acc_2: 0.3735  Mult_acc_3: 0.3553  Mult_acc_5: 0.2259  F1_score: 0.2750  MAE: 0.7764  Corr: 0.5184  clm loss: 3.35 total loss: 5.7893 bn loss: 0.5084 av loss: 0.5406 text loss: 0.5678
2025-12-26 22:34:05,852 - MMSA [INFO] - VAL-(msalm) >>  Mult_acc_2: 0.3268  Mult_acc_3: 0.3180  Mult_acc_5: 0.2061  F1_score: 0.1874  MAE: 0.8551  Corr: 0.4985  Loss: 0.9315 
2025-12-26 22:34:12,446 - MMSA [INFO] - TRAIN-(msalm) [5/11/3] >> loss: 0.7965  Mult_acc_2: 0.3984  Mult_acc_3: 0.3596  Mult_acc_5: 0.2244  F1_score: 0.3211  MAE: 0.7497  Corr: 0.5209  clm loss: 3.2689 total loss: 5.6411 bn loss: 0.4736 av loss: 0.5318 text loss: 0.5704
2025-12-26 22:34:14,133 - MMSA [INFO] - VAL-(msalm) >>  Mult_acc_2: 0.3421  Mult_acc_3: 0.3333  Mult_acc_5: 0.2149  F1_score: 0.2205  MAE: 0.8157  Corr: 0.5059  Loss: 0.8628 
2025-12-26 22:34:20,743 - MMSA [INFO] - TRAIN-(msalm) [6/12/3] >> loss: 0.7672  Mult_acc_2: 0.4269  Mult_acc_3: 0.3867  Mult_acc_5: 0.2420  F1_score: 0.3678  MAE: 0.7193  Corr: 0.5559  clm loss: 3.2754 total loss: 5.5654 bn loss: 0.4671 av loss: 0.5143 text loss: 0.5414
2025-12-26 22:34:22,475 - MMSA [INFO] - VAL-(msalm) >>  Mult_acc_2: 0.4298  Mult_acc_3: 0.3838  Mult_acc_5: 0.2390  F1_score: 0.3734  MAE: 0.7110  Corr: 0.5574  Loss: 0.7504 
2025-12-26 22:34:30,078 - MMSA [INFO] - TRAIN-(msalm) [1/13/3] >> loss: 0.7292  Mult_acc_2: 0.4832  Mult_acc_3: 0.4349  Mult_acc_5: 0.2515  F1_score: 0.4520  MAE: 0.6760  Corr: 0.6094  clm loss: 3.2286 total loss: 5.433 bn loss: 0.4568 av loss: 0.5071 text loss: 0.5113
2025-12-26 22:34:31,797 - MMSA [INFO] - VAL-(msalm) >>  Mult_acc_2: 0.4627  Mult_acc_3: 0.4057  Mult_acc_5: 0.2412  F1_score: 0.4244  MAE: 0.6869  Corr: 0.5791  Loss: 0.7296 
2025-12-26 22:34:39,446 - MMSA [INFO] - TRAIN-(msalm) [1/14/3] >> loss: 0.7067  Mult_acc_2: 0.4744  Mult_acc_3: 0.4079  Mult_acc_5: 0.2222  F1_score: 0.4407  MAE: 0.6663  Corr: 0.6234  clm loss: 3.1896 total loss: 5.3034 bn loss: 0.4362 av loss: 0.4952 text loss: 0.4757
2025-12-26 22:34:41,138 - MMSA [INFO] - VAL-(msalm) >>  Mult_acc_2: 0.4276  Mult_acc_3: 0.3904  Mult_acc_5: 0.2259  F1_score: 0.3700  MAE: 0.7359  Corr: 0.5507  Loss: 0.8037 
2025-12-26 22:34:47,890 - MMSA [INFO] - TRAIN-(msalm) [2/15/3] >> loss: 0.6829  Mult_acc_2: 0.5154  Mult_acc_3: 0.4744  Mult_acc_5: 0.2654  F1_score: 0.4968  MAE: 0.6366  Corr: 0.6266  clm loss: 3.1673 total loss: 5.2076 bn loss: 0.429 av loss: 0.4812 text loss: 0.4472
2025-12-26 22:34:49,583 - MMSA [INFO] - VAL-(msalm) >>  Mult_acc_2: 0.4232  Mult_acc_3: 0.3882  Mult_acc_5: 0.2193  F1_score: 0.3590  MAE: 0.7988  Corr: 0.5267  Loss: 0.9375 
2025-12-26 22:34:56,176 - MMSA [INFO] - TRAIN-(msalm) [3/16/3] >> loss: 0.6531  Mult_acc_2: 0.5395  Mult_acc_3: 0.4883  Mult_acc_5: 0.2741  F1_score: 0.5274  MAE: 0.6097  Corr: 0.6574  clm loss: 3.1093 total loss: 5.0963 bn loss: 0.4156 av loss: 0.4778 text loss: 0.4405
2025-12-26 22:34:57,920 - MMSA [INFO] - VAL-(msalm) >>  Mult_acc_2: 0.4868  Mult_acc_3: 0.4474  Mult_acc_5: 0.2478  F1_score: 0.4625  MAE: 0.6756  Corr: 0.5705  Loss: 0.7529 
2025-12-26 22:35:04,497 - MMSA [INFO] - TRAIN-(msalm) [4/17/3] >> loss: 0.6288  Mult_acc_2: 0.5599  Mult_acc_3: 0.5073  Mult_acc_5: 0.2778  F1_score: 0.5522  MAE: 0.5944  Corr: 0.6535  clm loss: 3.0766 total loss: 5.0421 bn loss: 0.4057 av loss: 0.4741 text loss: 0.4568
2025-12-26 22:35:06,266 - MMSA [INFO] - VAL-(msalm) >>  Mult_acc_2: 0.4539  Mult_acc_3: 0.4211  Mult_acc_5: 0.2368  F1_score: 0.4116  MAE: 0.6990  Corr: 0.5917  Loss: 0.7531 
2025-12-26 22:35:12,885 - MMSA [INFO] - TRAIN-(msalm) [5/18/3] >> loss: 0.5903  Mult_acc_2: 0.5724  Mult_acc_3: 0.5110  Mult_acc_5: 0.2887  F1_score: 0.5670  MAE: 0.5673  Corr: 0.6757  clm loss: 3.0962 total loss: 5.0183 bn loss: 0.4054 av loss: 0.4707 text loss: 0.4558
2025-12-26 22:35:14,580 - MMSA [INFO] - VAL-(msalm) >>  Mult_acc_2: 0.4408  Mult_acc_3: 0.4167  Mult_acc_5: 0.2215  F1_score: 0.3902  MAE: 0.7250  Corr: 0.5855  Loss: 0.8015 
2025-12-26 22:35:21,170 - MMSA [INFO] - TRAIN-(msalm) [6/19/3] >> loss: 0.5703  Mult_acc_2: 0.5994  Mult_acc_3: 0.5417  Mult_acc_5: 0.3129  F1_score: 0.5999  MAE: 0.5381  Corr: 0.6943  clm loss: 3.0426 total loss: 4.9036 bn loss: 0.4145 av loss: 0.4677 text loss: 0.4085
2025-12-26 22:35:22,872 - MMSA [INFO] - VAL-(msalm) >>  Mult_acc_2: 0.4518  Mult_acc_3: 0.4101  Mult_acc_5: 0.2237  F1_score: 0.4084  MAE: 0.7241  Corr: 0.5807  Loss: 0.7784 
2025-12-26 22:35:29,477 - MMSA [INFO] - TRAIN-(msalm) [7/20/3] >> loss: 0.543  Mult_acc_2: 0.6192  Mult_acc_3: 0.5534  Mult_acc_5: 0.2982  F1_score: 0.6219  MAE: 0.5256  Corr: 0.7113  clm loss: 3.0061 total loss: 4.8147 bn loss: 0.3956 av loss: 0.4678 text loss: 0.4021
2025-12-26 22:35:31,172 - MMSA [INFO] - VAL-(msalm) >>  Mult_acc_2: 0.5461  Mult_acc_3: 0.5088  Mult_acc_5: 0.2873  F1_score: 0.5379  MAE: 0.6142  Corr: 0.6124  Loss: 0.6615 
2025-12-26 22:35:38,821 - MMSA [INFO] - TRAIN-(msalm) [1/21/3] >> loss: 0.5203  Mult_acc_2: 0.6374  Mult_acc_3: 0.5753  Mult_acc_5: 0.3289  F1_score: 0.6434  MAE: 0.4947  Corr: 0.7149  clm loss: 2.9852 total loss: 4.7246 bn loss: 0.3708 av loss: 0.4623 text loss: 0.386
2025-12-26 22:35:40,509 - MMSA [INFO] - VAL-(msalm) >>  Mult_acc_2: 0.6272  Mult_acc_3: 0.5614  Mult_acc_5: 0.3333  F1_score: 0.6360  MAE: 0.5232  Corr: 0.6238  Loss: 0.5664 
2025-12-26 22:35:48,403 - MMSA [INFO] - TRAIN-(msalm) [1/22/3] >> loss: 0.4959  Mult_acc_2: 0.6615  Mult_acc_3: 0.6192  Mult_acc_5: 0.3582  F1_score: 0.6692  MAE: 0.4708  Corr: 0.7345  clm loss: 2.9514 total loss: 4.6353 bn loss: 0.356 av loss: 0.4581 text loss: 0.3739
2025-12-26 22:35:50,087 - MMSA [INFO] - VAL-(msalm) >>  Mult_acc_2: 0.6250  Mult_acc_3: 0.5702  Mult_acc_5: 0.3399  F1_score: 0.6352  MAE: 0.5117  Corr: 0.6284  Loss: 0.5624 
2025-12-26 22:35:57,719 - MMSA [INFO] - TRAIN-(msalm) [1/23/3] >> loss: 0.4777  Mult_acc_2: 0.6754  Mult_acc_3: 0.6155  Mult_acc_5: 0.3465  F1_score: 0.6841  MAE: 0.4536  Corr: 0.7489  clm loss: 2.9299 total loss: 4.6011 bn loss: 0.3592 av loss: 0.4622 text loss: 0.3722
2025-12-26 22:35:59,398 - MMSA [INFO] - VAL-(msalm) >>  Mult_acc_2: 0.6031  Mult_acc_3: 0.5439  Mult_acc_5: 0.3004  F1_score: 0.6066  MAE: 0.5562  Corr: 0.6267  Loss: 0.5865 
2025-12-26 22:36:06,013 - MMSA [INFO] - TRAIN-(msalm) [2/24/3] >> loss: 0.4506  Mult_acc_2: 0.7061  Mult_acc_3: 0.6367  Mult_acc_5: 0.3640  F1_score: 0.7153  MAE: 0.4315  Corr: 0.7708  clm loss: 2.8995 total loss: 4.5084 bn loss: 0.3403 av loss: 0.4618 text loss: 0.3563
2025-12-26 22:36:07,718 - MMSA [INFO] - VAL-(msalm) >>  Mult_acc_2: 0.6425  Mult_acc_3: 0.5768  Mult_acc_5: 0.3465  F1_score: 0.6526  MAE: 0.4908  Corr: 0.6489  Loss: 0.5087 
2025-12-26 22:36:15,389 - MMSA [INFO] - TRAIN-(msalm) [1/25/3] >> loss: 0.425  Mult_acc_2: 0.7251  Mult_acc_3: 0.6623  Mult_acc_5: 0.3867  F1_score: 0.7347  MAE: 0.4109  Corr: 0.7812  clm loss: 2.8481 total loss: 4.4089 bn loss: 0.3254 av loss: 0.453 text loss: 0.3575
2025-12-26 22:36:17,077 - MMSA [INFO] - VAL-(msalm) >>  Mult_acc_2: 0.6228  Mult_acc_3: 0.5680  Mult_acc_5: 0.3443  F1_score: 0.6309  MAE: 0.5177  Corr: 0.6282  Loss: 0.5411 
2025-12-26 22:36:23,687 - MMSA [INFO] - TRAIN-(msalm) [2/26/3] >> loss: 0.4049  Mult_acc_2: 0.7288  Mult_acc_3: 0.6754  Mult_acc_5: 0.4115  F1_score: 0.7385  MAE: 0.3841  Corr: 0.7976  clm loss: 2.8488 total loss: 4.4137 bn loss: 0.3258 av loss: 0.4597 text loss: 0.3745
2025-12-26 22:36:25,467 - MMSA [INFO] - VAL-(msalm) >>  Mult_acc_2: 0.6184  Mult_acc_3: 0.5702  Mult_acc_5: 0.3487  F1_score: 0.6257  MAE: 0.5166  Corr: 0.6379  Loss: 0.5613 
2025-12-26 22:36:32,111 - MMSA [INFO] - TRAIN-(msalm) [3/27/3] >> loss: 0.3811  Mult_acc_2: 0.7522  Mult_acc_3: 0.6864  Mult_acc_5: 0.4196  F1_score: 0.7616  MAE: 0.3632  Corr: 0.8136  clm loss: 2.7864 total loss: 4.2775 bn loss: 0.3122 av loss: 0.4516 text loss: 0.3462
2025-12-26 22:36:33,793 - MMSA [INFO] - VAL-(msalm) >>  Mult_acc_2: 0.6162  Mult_acc_3: 0.5526  Mult_acc_5: 0.3399  F1_score: 0.6228  MAE: 0.5308  Corr: 0.6372  Loss: 0.5608 
2025-12-26 22:36:40,381 - MMSA [INFO] - TRAIN-(msalm) [4/28/3] >> loss: 0.3635  Mult_acc_2: 0.7500  Mult_acc_3: 0.6981  Mult_acc_5: 0.4488  F1_score: 0.7594  MAE: 0.3512  Corr: 0.8095  clm loss: 2.7861 total loss: 4.2659 bn loss: 0.3063 av loss: 0.4601 text loss: 0.3499
2025-12-26 22:36:42,211 - MMSA [INFO] - VAL-(msalm) >>  Mult_acc_2: 0.5833  Mult_acc_3: 0.5351  Mult_acc_5: 0.3070  F1_score: 0.5847  MAE: 0.5508  Corr: 0.6370  Loss: 0.5620 
2025-12-26 22:36:48,800 - MMSA [INFO] - TRAIN-(msalm) [5/29/3] >> loss: 0.3508  Mult_acc_2: 0.7858  Mult_acc_3: 0.7266  Mult_acc_5: 0.4437  F1_score: 0.7942  MAE: 0.3350  Corr: 0.8244  clm loss: 2.7452 total loss: 4.2223 bn loss: 0.3103 av loss: 0.4558 text loss: 0.3602
2025-12-26 22:36:50,500 - MMSA [INFO] - VAL-(msalm) >>  Mult_acc_2: 0.6491  Mult_acc_3: 0.5899  Mult_acc_5: 0.3443  F1_score: 0.6585  MAE: 0.4939  Corr: 0.6519  Loss: 0.5293 
2025-12-26 22:36:57,141 - MMSA [INFO] - TRAIN-(msalm) [6/30/3] >> loss: 0.3268  Mult_acc_2: 0.8041  Mult_acc_3: 0.7346  Mult_acc_5: 0.4883  F1_score: 0.8117  MAE: 0.3063  Corr: 0.8517  clm loss: 2.7195 total loss: 4.1344 bn loss: 0.3008 av loss: 0.4571 text loss: 0.3303
2025-12-26 22:36:58,980 - MMSA [INFO] - VAL-(msalm) >>  Mult_acc_2: 0.6579  Mult_acc_3: 0.5768  Mult_acc_5: 0.3355  F1_score: 0.6677  MAE: 0.4965  Corr: 0.6546  Loss: 0.5209 
2025-12-26 22:37:05,758 - MMSA [INFO] - TRAIN-(msalm) [7/31/3] >> loss: 0.3145  Mult_acc_2: 0.7807  Mult_acc_3: 0.7325  Mult_acc_5: 0.4920  F1_score: 0.7893  MAE: 0.3020  Corr: 0.8457  clm loss: 2.6804 total loss: 4.0319 bn loss: 0.2843 av loss: 0.4526 text loss: 0.3
2025-12-26 22:37:07,446 - MMSA [INFO] - VAL-(msalm) >>  Mult_acc_2: 0.6689  Mult_acc_3: 0.5965  Mult_acc_5: 0.3487  F1_score: 0.6798  MAE: 0.4819  Corr: 0.6486  Loss: 0.4887 
2025-12-26 22:37:15,071 - MMSA [INFO] - TRAIN-(msalm) [1/32/3] >> loss: 0.3005  Mult_acc_2: 0.8070  Mult_acc_3: 0.7537  Mult_acc_5: 0.5168  F1_score: 0.8143  MAE: 0.2854  Corr: 0.8570  clm loss: 2.6739 total loss: 3.9969 bn loss: 0.2683 av loss: 0.4571 text loss: 0.2972
2025-12-26 22:37:16,997 - MMSA [INFO] - VAL-(msalm) >>  Mult_acc_2: 0.6908  Mult_acc_3: 0.6140  Mult_acc_5: 0.3750  F1_score: 0.7025  MAE: 0.4540  Corr: 0.6539  Loss: 0.4624 
2025-12-26 22:37:24,668 - MMSA [INFO] - TRAIN-(msalm) [1/33/3] >> loss: 0.2787  Mult_acc_2: 0.8224  Mult_acc_3: 0.7690  Mult_acc_5: 0.5373  F1_score: 0.8288  MAE: 0.2640  Corr: 0.8773  clm loss: 2.6279 total loss: 3.9197 bn loss: 0.2611 av loss: 0.4557 text loss: 0.2962
2025-12-26 22:37:26,344 - MMSA [INFO] - VAL-(msalm) >>  Mult_acc_2: 0.7018  Mult_acc_3: 0.6316  Mult_acc_5: 0.3816  F1_score: 0.7136  MAE: 0.4338  Corr: 0.6584  Loss: 0.4372 
2025-12-26 22:37:33,979 - MMSA [INFO] - TRAIN-(msalm) [1/34/3] >> loss: 0.2603  Mult_acc_2: 0.8341  Mult_acc_3: 0.7851  Mult_acc_5: 0.5731  F1_score: 0.8401  MAE: 0.2450  Corr: 0.8898  clm loss: 2.5859 total loss: 3.8372 bn loss: 0.2565 av loss: 0.4568 text loss: 0.2777
2025-12-26 22:37:35,670 - MMSA [INFO] - VAL-(msalm) >>  Mult_acc_2: 0.6930  Mult_acc_3: 0.6118  Mult_acc_5: 0.3596  F1_score: 0.7050  MAE: 0.4453  Corr: 0.6600  Loss: 0.4672 
2025-12-26 22:37:42,279 - MMSA [INFO] - TRAIN-(msalm) [2/35/3] >> loss: 0.2486  Mult_acc_2: 0.8333  Mult_acc_3: 0.7851  Mult_acc_5: 0.5753  F1_score: 0.8393  MAE: 0.2353  Corr: 0.8965  clm loss: 2.542 total loss: 3.7885 bn loss: 0.2504 av loss: 0.4552 text loss: 0.2923
2025-12-26 22:37:44,127 - MMSA [INFO] - VAL-(msalm) >>  Mult_acc_2: 0.6886  Mult_acc_3: 0.6009  Mult_acc_5: 0.3553  F1_score: 0.7004  MAE: 0.4544  Corr: 0.6570  Loss: 0.4685 
2025-12-26 22:37:50,776 - MMSA [INFO] - TRAIN-(msalm) [3/36/3] >> loss: 0.2458  Mult_acc_2: 0.8428  Mult_acc_3: 0.7895  Mult_acc_5: 0.5950  F1_score: 0.8483  MAE: 0.2299  Corr: 0.8961  clm loss: 2.5096 total loss: 3.7522 bn loss: 0.248 av loss: 0.4589 text loss: 0.2898
2025-12-26 22:37:52,572 - MMSA [INFO] - VAL-(msalm) >>  Mult_acc_2: 0.7171  Mult_acc_3: 0.6206  Mult_acc_5: 0.3640  F1_score: 0.7283  MAE: 0.4430  Corr: 0.6438  Loss: 0.4463 
2025-12-26 22:37:59,183 - MMSA [INFO] - TRAIN-(msalm) [4/37/3] >> loss: 0.2387  Mult_acc_2: 0.8436  Mult_acc_3: 0.7968  Mult_acc_5: 0.5943  F1_score: 0.8486  MAE: 0.2250  Corr: 0.8997  clm loss: 2.4733 total loss: 3.6957 bn loss: 0.2496 av loss: 0.4499 text loss: 0.2842
2025-12-26 22:38:00,870 - MMSA [INFO] - VAL-(msalm) >>  Mult_acc_2: 0.7083  Mult_acc_3: 0.6294  Mult_acc_5: 0.4013  F1_score: 0.7199  MAE: 0.4272  Corr: 0.6548  Loss: 0.4392 
2025-12-26 22:38:07,488 - MMSA [INFO] - TRAIN-(msalm) [5/38/3] >> loss: 0.2205  Mult_acc_2: 0.8626  Mult_acc_3: 0.7997  Mult_acc_5: 0.6265  F1_score: 0.8672  MAE: 0.2054  Corr: 0.9167  clm loss: 2.4521 total loss: 3.6454 bn loss: 0.2387 av loss: 0.4517 text loss: 0.2823
2025-12-26 22:38:09,196 - MMSA [INFO] - VAL-(msalm) >>  Mult_acc_2: 0.7434  Mult_acc_3: 0.6425  Mult_acc_5: 0.3969  F1_score: 0.7526  MAE: 0.4029  Corr: 0.6586  Loss: 0.4260 
2025-12-26 22:38:16,874 - MMSA [INFO] - TRAIN-(msalm) [1/39/3] >> loss: 0.2207  Mult_acc_2: 0.8553  Mult_acc_3: 0.8012  Mult_acc_5: 0.6257  F1_score: 0.8597  MAE: 0.2075  Corr: 0.9115  clm loss: 2.418 total loss: 3.5659 bn loss: 0.2221 av loss: 0.4555 text loss: 0.2496
2025-12-26 22:38:18,651 - MMSA [INFO] - VAL-(msalm) >>  Mult_acc_2: 0.7544  Mult_acc_3: 0.6689  Mult_acc_5: 0.4101  F1_score: 0.7618  MAE: 0.3910  Corr: 0.6666  Loss: 0.4034 
2025-12-26 22:38:26,317 - MMSA [INFO] - TRAIN-(msalm) [1/40/3] >> loss: 0.219  Mult_acc_2: 0.8596  Mult_acc_3: 0.7946  Mult_acc_5: 0.6323  F1_score: 0.8637  MAE: 0.2028  Corr: 0.9168  clm loss: 2.4023 total loss: 3.522 bn loss: 0.2141 av loss: 0.4449 text loss: 0.2416
2025-12-26 22:38:28,020 - MMSA [INFO] - VAL-(msalm) >>  Mult_acc_2: 0.7588  Mult_acc_3: 0.6689  Mult_acc_5: 0.4364  F1_score: 0.7663  MAE: 0.3895  Corr: 0.6731  Loss: 0.4045 
2025-12-26 22:38:34,634 - MMSA [INFO] - TRAIN-(msalm) [2/41/3] >> loss: 0.2098  Mult_acc_2: 0.8757  Mult_acc_3: 0.8121  Mult_acc_5: 0.6418  F1_score: 0.8791  MAE: 0.1952  Corr: 0.9218  clm loss: 2.354 total loss: 3.4545 bn loss: 0.2063 av loss: 0.4492 text loss: 0.2352
2025-12-26 22:38:36,321 - MMSA [INFO] - VAL-(msalm) >>  Mult_acc_2: 0.7412  Mult_acc_3: 0.6667  Mult_acc_5: 0.4145  F1_score: 0.7507  MAE: 0.3981  Corr: 0.6743  Loss: 0.4061 
2025-12-26 22:38:42,927 - MMSA [INFO] - TRAIN-(msalm) [3/42/3] >> loss: 0.1986  Mult_acc_2: 0.8743  Mult_acc_3: 0.8151  Mult_acc_5: 0.6623  F1_score: 0.8780  MAE: 0.1822  Corr: 0.9327  clm loss: 2.319 total loss: 3.3716 bn loss: 0.191 av loss: 0.4463 text loss: 0.2167
2025-12-26 22:38:44,967 - MMSA [INFO] - VAL-(msalm) >>  Mult_acc_2: 0.7346  Mult_acc_3: 0.6535  Mult_acc_5: 0.3969  F1_score: 0.7443  MAE: 0.4041  Corr: 0.6685  Loss: 0.4102 
2025-12-26 22:38:51,576 - MMSA [INFO] - TRAIN-(msalm) [4/43/3] >> loss: 0.195  Mult_acc_2: 0.8845  Mult_acc_3: 0.8355  Mult_acc_5: 0.6871  F1_score: 0.8877  MAE: 0.1815  Corr: 0.9328  clm loss: 2.3157 total loss: 3.3652 bn loss: 0.1886 av loss: 0.4449 text loss: 0.2209
2025-12-26 22:38:53,267 - MMSA [INFO] - VAL-(msalm) >>  Mult_acc_2: 0.7588  Mult_acc_3: 0.6491  Mult_acc_5: 0.4364  F1_score: 0.7658  MAE: 0.3869  Corr: 0.6731  Loss: 0.3907 
2025-12-26 22:39:00,928 - MMSA [INFO] - TRAIN-(msalm) [1/44/3] >> loss: 0.2012  Mult_acc_2: 0.8765  Mult_acc_3: 0.8268  Mult_acc_5: 0.6827  F1_score: 0.8802  MAE: 0.1801  Corr: 0.9331  clm loss: 2.234 total loss: 3.3258 bn loss: 0.1896 av loss: 0.4645 text loss: 0.2366
2025-12-26 22:39:02,609 - MMSA [INFO] - VAL-(msalm) >>  Mult_acc_2: 0.7675  Mult_acc_3: 0.6667  Mult_acc_5: 0.4583  F1_score: 0.7741  MAE: 0.3838  Corr: 0.6765  Loss: 0.3868 
2025-12-26 22:39:10,257 - MMSA [INFO] - TRAIN-(msalm) [1/45/3] >> loss: 0.1845  Mult_acc_2: 0.9159  Mult_acc_3: 0.8509  Mult_acc_5: 0.6974  F1_score: 0.9178  MAE: 0.1720  Corr: 0.9406  clm loss: 2.2144 total loss: 3.2646 bn loss: 0.1903 av loss: 0.4529 text loss: 0.2225
2025-12-26 22:39:11,945 - MMSA [INFO] - VAL-(msalm) >>  Mult_acc_2: 0.7478  Mult_acc_3: 0.6535  Mult_acc_5: 0.4211  F1_score: 0.7563  MAE: 0.3967  Corr: 0.6669  Loss: 0.4063 
2025-12-26 22:39:18,541 - MMSA [INFO] - TRAIN-(msalm) [2/46/3] >> loss: 0.1799  Mult_acc_2: 0.8757  Mult_acc_3: 0.8399  Mult_acc_5: 0.7003  F1_score: 0.8796  MAE: 0.1622  Corr: 0.9449  clm loss: 2.1574 total loss: 3.1635 bn loss: 0.1772 av loss: 0.4486 text loss: 0.2004
2025-12-26 22:39:20,283 - MMSA [INFO] - VAL-(msalm) >>  Mult_acc_2: 0.7412  Mult_acc_3: 0.6557  Mult_acc_5: 0.4298  F1_score: 0.7504  MAE: 0.3884  Corr: 0.6744  Loss: 0.3998 
2025-12-26 22:39:26,895 - MMSA [INFO] - TRAIN-(msalm) [3/47/3] >> loss: 0.1707  Mult_acc_2: 0.8940  Mult_acc_3: 0.8458  Mult_acc_5: 0.7135  F1_score: 0.8969  MAE: 0.1563  Corr: 0.9507  clm loss: 2.1638 total loss: 3.1654 bn loss: 0.172 av loss: 0.4456 text loss: 0.2133
2025-12-26 22:39:28,611 - MMSA [INFO] - VAL-(msalm) >>  Mult_acc_2: 0.7368  Mult_acc_3: 0.6491  Mult_acc_5: 0.3991  F1_score: 0.7463  MAE: 0.4009  Corr: 0.6716  Loss: 0.4102 
2025-12-26 22:39:35,303 - MMSA [INFO] - TRAIN-(msalm) [4/48/3] >> loss: 0.166  Mult_acc_2: 0.8947  Mult_acc_3: 0.8531  Mult_acc_5: 0.7244  F1_score: 0.8975  MAE: 0.1490  Corr: 0.9552  clm loss: 2.1111 total loss: 3.1045 bn loss: 0.1708 av loss: 0.4485 text loss: 0.208
2025-12-26 22:39:37,004 - MMSA [INFO] - VAL-(msalm) >>  Mult_acc_2: 0.7390  Mult_acc_3: 0.6601  Mult_acc_5: 0.4298  F1_score: 0.7482  MAE: 0.3947  Corr: 0.6667  Loss: 0.4045 
2025-12-26 22:39:43,628 - MMSA [INFO] - TRAIN-(msalm) [5/49/3] >> loss: 0.1694  Mult_acc_2: 0.9006  Mult_acc_3: 0.8436  Mult_acc_5: 0.7208  F1_score: 0.9033  MAE: 0.1507  Corr: 0.9533  clm loss: 2.1067 total loss: 3.0679 bn loss: 0.1635 av loss: 0.4466 text loss: 0.1817
2025-12-26 22:39:45,637 - MMSA [INFO] - VAL-(msalm) >>  Mult_acc_2: 0.7456  Mult_acc_3: 0.6601  Mult_acc_5: 0.4276  F1_score: 0.7541  MAE: 0.4000  Corr: 0.6684  Loss: 0.4167 
2025-12-26 22:39:52,325 - MMSA [INFO] - TRAIN-(msalm) [6/50/3] >> loss: 0.1821  Mult_acc_2: 0.8874  Mult_acc_3: 0.8253  Mult_acc_5: 0.6871  F1_score: 0.8903  MAE: 0.1642  Corr: 0.9454  clm loss: 2.0511 total loss: 3.0473 bn loss: 0.1712 av loss: 0.4541 text loss: 0.1888
2025-12-26 22:39:54,011 - MMSA [INFO] - VAL-(msalm) >>  Mult_acc_2: 0.7368  Mult_acc_3: 0.6535  Mult_acc_5: 0.4145  F1_score: 0.7458  MAE: 0.3983  Corr: 0.6709  Loss: 0.4062 
2025-12-26 22:40:00,690 - MMSA [INFO] - TRAIN-(msalm) [7/51/3] >> loss: 0.1604  Mult_acc_2: 0.8911  Mult_acc_3: 0.8509  Mult_acc_5: 0.7149  F1_score: 0.8940  MAE: 0.1446  Corr: 0.9586  clm loss: 1.9905 total loss: 2.9217 bn loss: 0.1554 av loss: 0.4457 text loss: 0.1696
2025-12-26 22:40:02,450 - MMSA [INFO] - VAL-(msalm) >>  Mult_acc_2: 0.7566  Mult_acc_3: 0.6557  Mult_acc_5: 0.4254  F1_score: 0.7619  MAE: 0.3907  Corr: 0.6702  Loss: 0.3965 
2025-12-26 22:40:09,107 - MMSA [INFO] - TRAIN-(msalm) [8/52/3] >> loss: 0.1628  Mult_acc_2: 0.9006  Mult_acc_3: 0.8406  Mult_acc_5: 0.7222  F1_score: 0.9027  MAE: 0.1483  Corr: 0.9558  clm loss: 1.9768 total loss: 2.9051 bn loss: 0.153 av loss: 0.4403 text loss: 0.1722
2025-12-26 22:40:10,816 - MMSA [INFO] - VAL-(msalm) >>  Mult_acc_2: 0.7566  Mult_acc_3: 0.6557  Mult_acc_5: 0.4254  F1_score: 0.7638  MAE: 0.3918  Corr: 0.6743  Loss: 0.3933 
2025-12-26 22:40:17,430 - MMSA [INFO] - TRAIN-(msalm) [9/53/3] >> loss: 0.1706  Mult_acc_2: 0.8947  Mult_acc_3: 0.8406  Mult_acc_5: 0.7039  F1_score: 0.8973  MAE: 0.1515  Corr: 0.9533  clm loss: 1.9493 total loss: 2.914 bn loss: 0.1567 av loss: 0.4449 text loss: 0.1924
2025-12-26 22:40:19,160 - MMSA [INFO] - VAL-(msalm) >>  Mult_acc_2: 0.7478  Mult_acc_3: 0.6491  Mult_acc_5: 0.4189  F1_score: 0.7540  MAE: 0.3926  Corr: 0.6670  Loss: 0.4117 
2025-12-26 22:40:25,788 - MMSA [INFO] - TRAIN-(msalm) [10/54/3] >> loss: 0.1648  Mult_acc_2: 0.8962  Mult_acc_3: 0.8531  Mult_acc_5: 0.7412  F1_score: 0.8990  MAE: 0.1484  Corr: 0.9569  clm loss: 1.9345 total loss: 2.9052 bn loss: 0.1646 av loss: 0.4523 text loss: 0.189
2025-12-26 22:40:27,516 - MMSA [INFO] - VAL-(msalm) >>  Mult_acc_2: 0.7412  Mult_acc_3: 0.6513  Mult_acc_5: 0.4057  F1_score: 0.7474  MAE: 0.3966  Corr: 0.6668  Loss: 0.4136 
2025-12-26 22:40:29,671 - MMSA [INFO] - TEST-(msalm) >>  Mult_acc_2: 0.8315  Mult_acc_3: 0.7155  Mult_acc_5: 0.4683  F1_score: 0.8358  MAE: 0.3565  Corr: 0.7145  Loss: 0.3692 
2025-12-26 22:40:30,974 - MMSA [INFO] - Result for seed 1992: {'Mult_acc_2': 0.8315, 'Mult_acc_3': 0.7155, 'Mult_acc_5': 0.4683, 'F1_score': 0.8358, 'MAE': 0.3565, 'Corr': 0.7145, 'Loss': 0.3692, 'seed': 1992}
2025-12-26 22:40:30,976 - MMSA [INFO] - ------------------------------ Running with seed 1993 [4/5] ------------------------------
2025-12-26 22:41:47,277 - MMSA [INFO] - The model has 160460348 trainable parameters
2025-12-26 22:41:53,952 - MMSA [INFO] - TRAIN-(msalm) [1/1/4] >> loss: 0.6603  Mult_acc_2: 0.6747  Mult_acc_3: 0.5154  Mult_acc_5: 0.2478  F1_score: 0.5954  MAE: 0.6498  Corr: 0.0273  clm loss: 7.5464 total loss: 10.7095 bn loss: 1.0062 av loss: 0.5945 text loss: 0.9021
2025-12-26 22:41:55,659 - MMSA [INFO] - VAL-(msalm) >>  Mult_acc_2: 0.6908  Mult_acc_3: 0.5263  Mult_acc_5: 0.2610  F1_score: 0.5995  MAE: 0.6095  Corr: 0.2103  Loss: 0.6128 
2025-12-26 22:42:03,375 - MMSA [INFO] - TRAIN-(msalm) [1/2/4] >> loss: 0.575  Mult_acc_2: 0.7098  Mult_acc_3: 0.5497  Mult_acc_5: 0.2961  F1_score: 0.6592  MAE: 0.5563  Corr: 0.3629  clm loss: 5.7658 total loss: 8.4962 bn loss: 0.848 av loss: 0.5685 text loss: 0.7389
2025-12-26 22:42:05,128 - MMSA [INFO] - VAL-(msalm) >>  Mult_acc_2: 0.7434  Mult_acc_3: 0.5965  Mult_acc_5: 0.3311  F1_score: 0.7174  MAE: 0.5237  Corr: 0.4926  Loss: 0.5566 
2025-12-26 22:42:12,787 - MMSA [INFO] - TRAIN-(msalm) [1/3/4] >> loss: 0.5551  Mult_acc_2: 0.7405  Mult_acc_3: 0.5921  Mult_acc_5: 0.3202  F1_score: 0.7251  MAE: 0.5198  Corr: 0.4693  clm loss: 4.4286 total loss: 6.7752 bn loss: 0.6062 av loss: 0.5424 text loss: 0.643
2025-12-26 22:42:14,488 - MMSA [INFO] - VAL-(msalm) >>  Mult_acc_2: 0.7675  Mult_acc_3: 0.6162  Mult_acc_5: 0.3860  F1_score: 0.7565  MAE: 0.4974  Corr: 0.5238  Loss: 0.5310 
2025-12-26 22:42:22,200 - MMSA [INFO] - TRAIN-(msalm) [1/4/4] >> loss: 0.5317  Mult_acc_2: 0.7522  Mult_acc_3: 0.6170  Mult_acc_5: 0.3414  F1_score: 0.7401  MAE: 0.4987  Corr: 0.5041  clm loss: 4.0799 total loss: 6.2512 bn loss: 0.5192 av loss: 0.5199 text loss: 0.6005
2025-12-26 22:42:23,935 - MMSA [INFO] - VAL-(msalm) >>  Mult_acc_2: 0.7697  Mult_acc_3: 0.6162  Mult_acc_5: 0.3860  F1_score: 0.7560  MAE: 0.4896  Corr: 0.5306  Loss: 0.5191 
2025-12-26 22:42:31,607 - MMSA [INFO] - TRAIN-(msalm) [1/5/4] >> loss: 0.5127  Mult_acc_2: 0.7500  Mult_acc_3: 0.6016  Mult_acc_5: 0.3370  F1_score: 0.7380  MAE: 0.4844  Corr: 0.5302  clm loss: 3.9148 total loss: 6.041 bn loss: 0.512 av loss: 0.5122 text loss: 0.5893
2025-12-26 22:42:33,325 - MMSA [INFO] - VAL-(msalm) >>  Mult_acc_2: 0.7610  Mult_acc_3: 0.5921  Mult_acc_5: 0.3794  F1_score: 0.7356  MAE: 0.5025  Corr: 0.5215  Loss: 0.5297 
2025-12-26 22:42:39,981 - MMSA [INFO] - TRAIN-(msalm) [2/6/4] >> loss: 0.4826  Mult_acc_2: 0.7646  Mult_acc_3: 0.6308  Mult_acc_5: 0.3582  F1_score: 0.7535  MAE: 0.4626  Corr: 0.5564  clm loss: 3.7571 total loss: 5.8016 bn loss: 0.4865 av loss: 0.4912 text loss: 0.5841
2025-12-26 22:42:41,679 - MMSA [INFO] - VAL-(msalm) >>  Mult_acc_2: 0.7456  Mult_acc_3: 0.6031  Mult_acc_5: 0.3465  F1_score: 0.7382  MAE: 0.4691  Corr: 0.5412  Loss: 0.4907 
2025-12-26 22:42:49,358 - MMSA [INFO] - TRAIN-(msalm) [1/7/4] >> loss: 0.4617  Mult_acc_2: 0.7800  Mult_acc_3: 0.6433  Mult_acc_5: 0.3728  F1_score: 0.7700  MAE: 0.4448  Corr: 0.5993  clm loss: 3.555 total loss: 5.5223 bn loss: 0.4782 av loss: 0.4767 text loss: 0.5507
2025-12-26 22:42:51,042 - MMSA [INFO] - VAL-(msalm) >>  Mult_acc_2: 0.7478  Mult_acc_3: 0.5855  Mult_acc_5: 0.3355  F1_score: 0.7481  MAE: 0.4638  Corr: 0.5422  Loss: 0.4997 
2025-12-26 22:42:57,669 - MMSA [INFO] - TRAIN-(msalm) [2/8/4] >> loss: 0.4615  Mult_acc_2: 0.7770  Mult_acc_3: 0.6520  Mult_acc_5: 0.3867  F1_score: 0.7710  MAE: 0.4349  Corr: 0.6008  clm loss: 3.4235 total loss: 5.3931 bn loss: 0.4838 av loss: 0.4783 text loss: 0.546
2025-12-26 22:42:59,661 - MMSA [INFO] - VAL-(msalm) >>  Mult_acc_2: 0.7654  Mult_acc_3: 0.6096  Mult_acc_5: 0.3399  F1_score: 0.7582  MAE: 0.4531  Corr: 0.5716  Loss: 0.4685 
2025-12-26 22:43:07,374 - MMSA [INFO] - TRAIN-(msalm) [1/9/4] >> loss: 0.4251  Mult_acc_2: 0.7778  Mult_acc_3: 0.6484  Mult_acc_5: 0.3743  F1_score: 0.7738  MAE: 0.4120  Corr: 0.6506  clm loss: 3.3446 total loss: 5.2378 bn loss: 0.4762 av loss: 0.4776 text loss: 0.5143
2025-12-26 22:43:09,074 - MMSA [INFO] - VAL-(msalm) >>  Mult_acc_2: 0.7522  Mult_acc_3: 0.6184  Mult_acc_5: 0.3596  F1_score: 0.7514  MAE: 0.4440  Corr: 0.5774  Loss: 0.4799 
2025-12-26 22:43:15,698 - MMSA [INFO] - TRAIN-(msalm) [2/10/4] >> loss: 0.4234  Mult_acc_2: 0.7851  Mult_acc_3: 0.6667  Mult_acc_5: 0.3984  F1_score: 0.7807  MAE: 0.4064  Corr: 0.6474  clm loss: 3.3299 total loss: 5.1824 bn loss: 0.4607 av loss: 0.4653 text loss: 0.503
2025-12-26 22:43:17,451 - MMSA [INFO] - VAL-(msalm) >>  Mult_acc_2: 0.7478  Mult_acc_3: 0.6096  Mult_acc_5: 0.3596  F1_score: 0.7504  MAE: 0.4389  Corr: 0.5841  Loss: 0.4649 
2025-12-26 22:43:25,090 - MMSA [INFO] - TRAIN-(msalm) [1/11/4] >> loss: 0.4164  Mult_acc_2: 0.7785  Mult_acc_3: 0.6674  Mult_acc_5: 0.3787  F1_score: 0.7767  MAE: 0.4030  Corr: 0.6679  clm loss: 3.2669 total loss: 5.1066 bn loss: 0.4536 av loss: 0.4698 text loss: 0.5
2025-12-26 22:43:26,794 - MMSA [INFO] - VAL-(msalm) >>  Mult_acc_2: 0.7610  Mult_acc_3: 0.6228  Mult_acc_5: 0.3421  F1_score: 0.7626  MAE: 0.4313  Corr: 0.5940  Loss: 0.4405 
2025-12-26 22:43:34,486 - MMSA [INFO] - TRAIN-(msalm) [1/12/4] >> loss: 0.4165  Mult_acc_2: 0.7822  Mult_acc_3: 0.6747  Mult_acc_5: 0.3794  F1_score: 0.7829  MAE: 0.4076  Corr: 0.6544  clm loss: 3.2659 total loss: 5.0716 bn loss: 0.4489 av loss: 0.4662 text loss: 0.4741
2025-12-26 22:43:36,244 - MMSA [INFO] - VAL-(msalm) >>  Mult_acc_2: 0.7434  Mult_acc_3: 0.6075  Mult_acc_5: 0.3465  F1_score: 0.7473  MAE: 0.4358  Corr: 0.5936  Loss: 0.4593 
2025-12-26 22:43:42,861 - MMSA [INFO] - TRAIN-(msalm) [2/13/4] >> loss: 0.4008  Mult_acc_2: 0.7909  Mult_acc_3: 0.6762  Mult_acc_5: 0.4050  F1_score: 0.7919  MAE: 0.3846  Corr: 0.6867  clm loss: 3.2383 total loss: 4.9958 bn loss: 0.4355 av loss: 0.4641 text loss: 0.457
2025-12-26 22:43:44,560 - MMSA [INFO] - VAL-(msalm) >>  Mult_acc_2: 0.7697  Mult_acc_3: 0.6228  Mult_acc_5: 0.4013  F1_score: 0.7695  MAE: 0.4388  Corr: 0.5756  Loss: 0.4738 
2025-12-26 22:43:51,183 - MMSA [INFO] - TRAIN-(msalm) [3/14/4] >> loss: 0.3829  Mult_acc_2: 0.7909  Mult_acc_3: 0.6857  Mult_acc_5: 0.4342  F1_score: 0.7934  MAE: 0.3664  Corr: 0.7191  clm loss: 3.1641 total loss: 4.8922 bn loss: 0.4257 av loss: 0.4642 text loss: 0.4554
2025-12-26 22:43:52,896 - MMSA [INFO] - VAL-(msalm) >>  Mult_acc_2: 0.7632  Mult_acc_3: 0.6513  Mult_acc_5: 0.3904  F1_score: 0.7645  MAE: 0.4225  Corr: 0.6088  Loss: 0.4509 
2025-12-26 22:43:59,686 - MMSA [INFO] - TRAIN-(msalm) [4/15/4] >> loss: 0.3779  Mult_acc_2: 0.8048  Mult_acc_3: 0.6944  Mult_acc_5: 0.4276  F1_score: 0.8067  MAE: 0.3661  Corr: 0.7196  clm loss: 3.1491 total loss: 4.8686 bn loss: 0.4083 av loss: 0.4635 text loss: 0.4698
2025-12-26 22:44:01,430 - MMSA [INFO] - VAL-(msalm) >>  Mult_acc_2: 0.7632  Mult_acc_3: 0.6491  Mult_acc_5: 0.3947  F1_score: 0.7676  MAE: 0.4167  Corr: 0.6137  Loss: 0.4402 
2025-12-26 22:44:09,069 - MMSA [INFO] - TRAIN-(msalm) [1/16/4] >> loss: 0.3589  Mult_acc_2: 0.8056  Mult_acc_3: 0.7091  Mult_acc_5: 0.4474  F1_score: 0.8085  MAE: 0.3437  Corr: 0.7501  clm loss: 3.14 total loss: 4.7601 bn loss: 0.3924 av loss: 0.4487 text loss: 0.4202
2025-12-26 22:44:10,910 - MMSA [INFO] - VAL-(msalm) >>  Mult_acc_2: 0.7500  Mult_acc_3: 0.6447  Mult_acc_5: 0.3925  F1_score: 0.7568  MAE: 0.4196  Corr: 0.6230  Loss: 0.4628 
2025-12-26 22:44:17,535 - MMSA [INFO] - TRAIN-(msalm) [2/17/4] >> loss: 0.36  Mult_acc_2: 0.8114  Mult_acc_3: 0.7069  Mult_acc_5: 0.4554  F1_score: 0.8147  MAE: 0.3418  Corr: 0.7502  clm loss: 3.1281 total loss: 4.7602 bn loss: 0.3959 av loss: 0.4607 text loss: 0.4154
2025-12-26 22:44:19,255 - MMSA [INFO] - VAL-(msalm) >>  Mult_acc_2: 0.7675  Mult_acc_3: 0.6425  Mult_acc_5: 0.3794  F1_score: 0.7712  MAE: 0.4181  Corr: 0.6292  Loss: 0.4312 
2025-12-26 22:44:26,982 - MMSA [INFO] - TRAIN-(msalm) [1/18/4] >> loss: 0.3505  Mult_acc_2: 0.8231  Mult_acc_3: 0.7200  Mult_acc_5: 0.4525  F1_score: 0.8267  MAE: 0.3421  Corr: 0.7674  clm loss: 3.0623 total loss: 4.6554 bn loss: 0.3776 av loss: 0.4644 text loss: 0.4006
2025-12-26 22:44:28,760 - MMSA [INFO] - VAL-(msalm) >>  Mult_acc_2: 0.7873  Mult_acc_3: 0.6513  Mult_acc_5: 0.3640  F1_score: 0.7895  MAE: 0.4050  Corr: 0.6469  Loss: 0.4259 
2025-12-26 22:44:36,443 - MMSA [INFO] - TRAIN-(msalm) [1/19/4] >> loss: 0.3404  Mult_acc_2: 0.8238  Mult_acc_3: 0.7281  Mult_acc_5: 0.4656  F1_score: 0.8279  MAE: 0.3233  Corr: 0.7754  clm loss: 3.0589 total loss: 4.6143 bn loss: 0.3693 av loss: 0.4636 text loss: 0.3821
2025-12-26 22:44:38,157 - MMSA [INFO] - VAL-(msalm) >>  Mult_acc_2: 0.7500  Mult_acc_3: 0.6689  Mult_acc_5: 0.4101  F1_score: 0.7568  MAE: 0.3995  Corr: 0.6567  Loss: 0.4174 
2025-12-26 22:44:45,872 - MMSA [INFO] - TRAIN-(msalm) [1/20/4] >> loss: 0.3308  Mult_acc_2: 0.8238  Mult_acc_3: 0.7303  Mult_acc_5: 0.4854  F1_score: 0.8269  MAE: 0.3143  Corr: 0.7891  clm loss: 3.0301 total loss: 4.5522 bn loss: 0.3602 av loss: 0.4618 text loss: 0.3691
2025-12-26 22:44:47,570 - MMSA [INFO] - VAL-(msalm) >>  Mult_acc_2: 0.7544  Mult_acc_3: 0.6623  Mult_acc_5: 0.3991  F1_score: 0.7613  MAE: 0.4089  Corr: 0.6521  Loss: 0.4191 
2025-12-26 22:44:54,351 - MMSA [INFO] - TRAIN-(msalm) [2/21/4] >> loss: 0.3219  Mult_acc_2: 0.8399  Mult_acc_3: 0.7405  Mult_acc_5: 0.4985  F1_score: 0.8420  MAE: 0.3116  Corr: 0.7941  clm loss: 2.9636 total loss: 4.4488 bn loss: 0.3386 av loss: 0.4528 text loss: 0.3719
2025-12-26 22:44:56,154 - MMSA [INFO] - VAL-(msalm) >>  Mult_acc_2: 0.7675  Mult_acc_3: 0.6557  Mult_acc_5: 0.3925  F1_score: 0.7731  MAE: 0.4032  Corr: 0.6493  Loss: 0.4143 
2025-12-26 22:45:03,794 - MMSA [INFO] - TRAIN-(msalm) [1/22/4] >> loss: 0.3137  Mult_acc_2: 0.8333  Mult_acc_3: 0.7376  Mult_acc_5: 0.4839  F1_score: 0.8364  MAE: 0.3011  Corr: 0.8083  clm loss: 2.9859 total loss: 4.4473 bn loss: 0.3386 av loss: 0.4553 text loss: 0.3537
2025-12-26 22:45:05,562 - MMSA [INFO] - VAL-(msalm) >>  Mult_acc_2: 0.7588  Mult_acc_3: 0.6491  Mult_acc_5: 0.4101  F1_score: 0.7648  MAE: 0.3991  Corr: 0.6501  Loss: 0.4122 
2025-12-26 22:45:13,237 - MMSA [INFO] - TRAIN-(msalm) [1/23/4] >> loss: 0.3039  Mult_acc_2: 0.8509  Mult_acc_3: 0.7639  Mult_acc_5: 0.5256  F1_score: 0.8539  MAE: 0.2887  Corr: 0.8245  clm loss: 2.9439 total loss: 4.4219 bn loss: 0.3351 av loss: 0.4503 text loss: 0.3887
2025-12-26 22:45:15,113 - MMSA [INFO] - VAL-(msalm) >>  Mult_acc_2: 0.7171  Mult_acc_3: 0.6513  Mult_acc_5: 0.3969  F1_score: 0.7278  MAE: 0.4020  Corr: 0.6501  Loss: 0.4180 
2025-12-26 22:45:21,787 - MMSA [INFO] - TRAIN-(msalm) [2/24/4] >> loss: 0.2988  Mult_acc_2: 0.8297  Mult_acc_3: 0.7478  Mult_acc_5: 0.5322  F1_score: 0.8331  MAE: 0.2826  Corr: 0.8285  clm loss: 2.9055 total loss: 4.3743 bn loss: 0.316 av loss: 0.4522 text loss: 0.4019
2025-12-26 22:45:23,496 - MMSA [INFO] - VAL-(msalm) >>  Mult_acc_2: 0.7259  Mult_acc_3: 0.6447  Mult_acc_5: 0.3925  F1_score: 0.7358  MAE: 0.4057  Corr: 0.6490  Loss: 0.4131 
2025-12-26 22:45:30,138 - MMSA [INFO] - TRAIN-(msalm) [3/25/4] >> loss: 0.2875  Mult_acc_2: 0.8385  Mult_acc_3: 0.7573  Mult_acc_5: 0.5351  F1_score: 0.8422  MAE: 0.2716  Corr: 0.8361  clm loss: 2.8676 total loss: 4.27 bn loss: 0.3075 av loss: 0.4512 text loss: 0.3561
2025-12-26 22:45:31,848 - MMSA [INFO] - VAL-(msalm) >>  Mult_acc_2: 0.7478  Mult_acc_3: 0.6447  Mult_acc_5: 0.4167  F1_score: 0.7557  MAE: 0.4013  Corr: 0.6527  Loss: 0.4214 
2025-12-26 22:45:38,486 - MMSA [INFO] - TRAIN-(msalm) [4/26/4] >> loss: 0.2925  Mult_acc_2: 0.8414  Mult_acc_3: 0.7420  Mult_acc_5: 0.5168  F1_score: 0.8442  MAE: 0.2792  Corr: 0.8334  clm loss: 2.8698 total loss: 4.2655 bn loss: 0.3246 av loss: 0.4507 text loss: 0.3279
2025-12-26 22:45:40,184 - MMSA [INFO] - VAL-(msalm) >>  Mult_acc_2: 0.7566  Mult_acc_3: 0.6535  Mult_acc_5: 0.3969  F1_score: 0.7642  MAE: 0.3960  Corr: 0.6600  Loss: 0.4093 
2025-12-26 22:45:47,896 - MMSA [INFO] - TRAIN-(msalm) [1/27/4] >> loss: 0.274  Mult_acc_2: 0.8618  Mult_acc_3: 0.7792  Mult_acc_5: 0.5570  F1_score: 0.8650  MAE: 0.2596  Corr: 0.8597  clm loss: 2.819 total loss: 4.1465 bn loss: 0.297 av loss: 0.4497 text loss: 0.3068
2025-12-26 22:45:49,587 - MMSA [INFO] - VAL-(msalm) >>  Mult_acc_2: 0.7610  Mult_acc_3: 0.6689  Mult_acc_5: 0.3925  F1_score: 0.7685  MAE: 0.3988  Corr: 0.6544  Loss: 0.4172 
2025-12-26 22:45:56,390 - MMSA [INFO] - TRAIN-(msalm) [2/28/4] >> loss: 0.2604  Mult_acc_2: 0.8465  Mult_acc_3: 0.7770  Mult_acc_5: 0.5848  F1_score: 0.8503  MAE: 0.2463  Corr: 0.8686  clm loss: 2.7845 total loss: 4.1136 bn loss: 0.2822 av loss: 0.4544 text loss: 0.332
2025-12-26 22:45:58,159 - MMSA [INFO] - VAL-(msalm) >>  Mult_acc_2: 0.7675  Mult_acc_3: 0.6776  Mult_acc_5: 0.4211  F1_score: 0.7748  MAE: 0.3950  Corr: 0.6590  Loss: 0.4081 
2025-12-26 22:46:05,812 - MMSA [INFO] - TRAIN-(msalm) [1/29/4] >> loss: 0.2513  Mult_acc_2: 0.8662  Mult_acc_3: 0.7858  Mult_acc_5: 0.5899  F1_score: 0.8696  MAE: 0.2365  Corr: 0.8777  clm loss: 2.7713 total loss: 4.0706 bn loss: 0.2873 av loss: 0.4486 text loss: 0.3121
2025-12-26 22:46:07,529 - MMSA [INFO] - VAL-(msalm) >>  Mult_acc_2: 0.7434  Mult_acc_3: 0.6535  Mult_acc_5: 0.4298  F1_score: 0.7527  MAE: 0.4009  Corr: 0.6550  Loss: 0.4084 
2025-12-26 22:46:14,174 - MMSA [INFO] - TRAIN-(msalm) [2/30/4] >> loss: 0.2555  Mult_acc_2: 0.8575  Mult_acc_3: 0.7924  Mult_acc_5: 0.5826  F1_score: 0.8606  MAE: 0.2433  Corr: 0.8775  clm loss: 2.7539 total loss: 4.041 bn loss: 0.2877 av loss: 0.4539 text loss: 0.2898
2025-12-26 22:46:15,881 - MMSA [INFO] - VAL-(msalm) >>  Mult_acc_2: 0.7566  Mult_acc_3: 0.6732  Mult_acc_5: 0.4320  F1_score: 0.7650  MAE: 0.4011  Corr: 0.6560  Loss: 0.4192 
2025-12-26 22:46:22,521 - MMSA [INFO] - TRAIN-(msalm) [3/31/4] >> loss: 0.2405  Mult_acc_2: 0.8582  Mult_acc_3: 0.7924  Mult_acc_5: 0.6031  F1_score: 0.8621  MAE: 0.2266  Corr: 0.8865  clm loss: 2.7284 total loss: 3.9942 bn loss: 0.2676 av loss: 0.4532 text loss: 0.3045
2025-12-26 22:46:24,225 - MMSA [INFO] - VAL-(msalm) >>  Mult_acc_2: 0.7895  Mult_acc_3: 0.6776  Mult_acc_5: 0.4364  F1_score: 0.7934  MAE: 0.3921  Corr: 0.6607  Loss: 0.4177 
2025-12-26 22:46:30,848 - MMSA [INFO] - TRAIN-(msalm) [4/32/4] >> loss: 0.23  Mult_acc_2: 0.8611  Mult_acc_3: 0.8026  Mult_acc_5: 0.6382  F1_score: 0.8648  MAE: 0.2110  Corr: 0.9002  clm loss: 2.6711 total loss: 3.9086 bn loss: 0.2673 av loss: 0.447 text loss: 0.2932
2025-12-26 22:46:32,543 - MMSA [INFO] - VAL-(msalm) >>  Mult_acc_2: 0.7873  Mult_acc_3: 0.6732  Mult_acc_5: 0.4474  F1_score: 0.7911  MAE: 0.3921  Corr: 0.6553  Loss: 0.4179 
2025-12-26 22:46:39,201 - MMSA [INFO] - TRAIN-(msalm) [5/33/4] >> loss: 0.2228  Mult_acc_2: 0.8633  Mult_acc_3: 0.8004  Mult_acc_5: 0.6308  F1_score: 0.8665  MAE: 0.2085  Corr: 0.9042  clm loss: 2.6447 total loss: 3.8252 bn loss: 0.2378 av loss: 0.4477 text loss: 0.2723
2025-12-26 22:46:40,972 - MMSA [INFO] - VAL-(msalm) >>  Mult_acc_2: 0.7412  Mult_acc_3: 0.6535  Mult_acc_5: 0.4167  F1_score: 0.7502  MAE: 0.4030  Corr: 0.6530  Loss: 0.4137 
2025-12-26 22:46:47,626 - MMSA [INFO] - TRAIN-(msalm) [6/34/4] >> loss: 0.2235  Mult_acc_2: 0.8779  Mult_acc_3: 0.8209  Mult_acc_5: 0.6396  F1_score: 0.8807  MAE: 0.2093  Corr: 0.9039  clm loss: 2.627 total loss: 3.809 bn loss: 0.2341 av loss: 0.4461 text loss: 0.2783
2025-12-26 22:46:49,386 - MMSA [INFO] - VAL-(msalm) >>  Mult_acc_2: 0.7522  Mult_acc_3: 0.6623  Mult_acc_5: 0.4145  F1_score: 0.7602  MAE: 0.4005  Corr: 0.6569  Loss: 0.4092 
2025-12-26 22:46:56,155 - MMSA [INFO] - TRAIN-(msalm) [7/35/4] >> loss: 0.2033  Mult_acc_2: 0.8743  Mult_acc_3: 0.8202  Mult_acc_5: 0.6579  F1_score: 0.8777  MAE: 0.1881  Corr: 0.9260  clm loss: 2.5667 total loss: 3.6852 bn loss: 0.2256 av loss: 0.4446 text loss: 0.245
2025-12-26 22:46:57,838 - MMSA [INFO] - VAL-(msalm) >>  Mult_acc_2: 0.7588  Mult_acc_3: 0.6645  Mult_acc_5: 0.4101  F1_score: 0.7663  MAE: 0.4036  Corr: 0.6547  Loss: 0.4053 
2025-12-26 22:47:05,520 - MMSA [INFO] - TRAIN-(msalm) [1/36/4] >> loss: 0.2067  Mult_acc_2: 0.8713  Mult_acc_3: 0.8114  Mult_acc_5: 0.6367  F1_score: 0.8745  MAE: 0.1919  Corr: 0.9247  clm loss: 2.5444 total loss: 3.6423 bn loss: 0.2083 av loss: 0.4454 text loss: 0.2374
2025-12-26 22:47:07,307 - MMSA [INFO] - VAL-(msalm) >>  Mult_acc_2: 0.7654  Mult_acc_3: 0.6535  Mult_acc_5: 0.4145  F1_score: 0.7723  MAE: 0.4020  Corr: 0.6564  Loss: 0.4011 
2025-12-26 22:47:15,001 - MMSA [INFO] - TRAIN-(msalm) [1/37/4] >> loss: 0.2174  Mult_acc_2: 0.8772  Mult_acc_3: 0.8019  Mult_acc_5: 0.6250  F1_score: 0.8800  MAE: 0.2029  Corr: 0.9140  clm loss: 2.5403 total loss: 3.6684 bn loss: 0.2156 av loss: 0.4443 text loss: 0.2509
2025-12-26 22:47:16,718 - MMSA [INFO] - VAL-(msalm) >>  Mult_acc_2: 0.7237  Mult_acc_3: 0.6491  Mult_acc_5: 0.4035  F1_score: 0.7345  MAE: 0.4228  Corr: 0.6521  Loss: 0.4394 
2025-12-26 22:47:23,319 - MMSA [INFO] - TRAIN-(msalm) [2/38/4] >> loss: 0.2137  Mult_acc_2: 0.8633  Mult_acc_3: 0.8041  Mult_acc_5: 0.6411  F1_score: 0.8671  MAE: 0.1932  Corr: 0.9233  clm loss: 2.4781 total loss: 3.593 bn loss: 0.2013 av loss: 0.4487 text loss: 0.2513
2025-12-26 22:47:25,024 - MMSA [INFO] - VAL-(msalm) >>  Mult_acc_2: 0.7588  Mult_acc_3: 0.6667  Mult_acc_5: 0.4211  F1_score: 0.7665  MAE: 0.4011  Corr: 0.6539  Loss: 0.4095 
2025-12-26 22:47:31,671 - MMSA [INFO] - TRAIN-(msalm) [3/39/4] >> loss: 0.1825  Mult_acc_2: 0.8882  Mult_acc_3: 0.8392  Mult_acc_5: 0.6988  F1_score: 0.8911  MAE: 0.1683  Corr: 0.9387  clm loss: 2.4626 total loss: 3.5226 bn loss: 0.197 av loss: 0.4367 text loss: 0.2437
2025-12-26 22:47:33,368 - MMSA [INFO] - VAL-(msalm) >>  Mult_acc_2: 0.7741  Mult_acc_3: 0.6776  Mult_acc_5: 0.4320  F1_score: 0.7796  MAE: 0.3984  Corr: 0.6559  Loss: 0.4120 
2025-12-26 22:47:39,980 - MMSA [INFO] - TRAIN-(msalm) [4/40/4] >> loss: 0.1857  Mult_acc_2: 0.8860  Mult_acc_3: 0.8392  Mult_acc_5: 0.6915  F1_score: 0.8891  MAE: 0.1718  Corr: 0.9384  clm loss: 2.4248 total loss: 3.474 bn loss: 0.193 av loss: 0.449 text loss: 0.2215
2025-12-26 22:47:41,727 - MMSA [INFO] - VAL-(msalm) >>  Mult_acc_2: 0.7719  Mult_acc_3: 0.6776  Mult_acc_5: 0.4364  F1_score: 0.7771  MAE: 0.3933  Corr: 0.6591  Loss: 0.4045 
2025-12-26 22:47:48,365 - MMSA [INFO] - TRAIN-(msalm) [5/41/4] >> loss: 0.2012  Mult_acc_2: 0.8779  Mult_acc_3: 0.8238  Mult_acc_5: 0.6703  F1_score: 0.8813  MAE: 0.1807  Corr: 0.9324  clm loss: 2.4037 total loss: 3.4517 bn loss: 0.1851 av loss: 0.4508 text loss: 0.2109
2025-12-26 22:47:50,394 - MMSA [INFO] - VAL-(msalm) >>  Mult_acc_2: 0.7522  Mult_acc_3: 0.6579  Mult_acc_5: 0.4189  F1_score: 0.7602  MAE: 0.4041  Corr: 0.6569  Loss: 0.4172 
2025-12-26 22:47:57,004 - MMSA [INFO] - TRAIN-(msalm) [6/42/4] >> loss: 0.1715  Mult_acc_2: 0.8801  Mult_acc_3: 0.8289  Mult_acc_5: 0.7025  F1_score: 0.8832  MAE: 0.1558  Corr: 0.9484  clm loss: 2.335 total loss: 3.3337 bn loss: 0.1771 av loss: 0.4445 text loss: 0.2055
2025-12-26 22:47:58,740 - MMSA [INFO] - VAL-(msalm) >>  Mult_acc_2: 0.7478  Mult_acc_3: 0.6491  Mult_acc_5: 0.4101  F1_score: 0.7559  MAE: 0.4072  Corr: 0.6564  Loss: 0.4018 
2025-12-26 22:48:05,363 - MMSA [INFO] - TRAIN-(msalm) [7/43/4] >> loss: 0.1793  Mult_acc_2: 0.8801  Mult_acc_3: 0.8158  Mult_acc_5: 0.6988  F1_score: 0.8831  MAE: 0.1640  Corr: 0.9443  clm loss: 2.299 total loss: 3.2864 bn loss: 0.1725 av loss: 0.4398 text loss: 0.1958
2025-12-26 22:48:07,082 - MMSA [INFO] - VAL-(msalm) >>  Mult_acc_2: 0.7522  Mult_acc_3: 0.6469  Mult_acc_5: 0.4079  F1_score: 0.7602  MAE: 0.4069  Corr: 0.6608  Loss: 0.4131 
2025-12-26 22:48:13,680 - MMSA [INFO] - TRAIN-(msalm) [8/44/4] >> loss: 0.1715  Mult_acc_2: 0.8933  Mult_acc_3: 0.8428  Mult_acc_5: 0.7295  F1_score: 0.8960  MAE: 0.1527  Corr: 0.9521  clm loss: 2.2857 total loss: 3.2578 bn loss: 0.1717 av loss: 0.4382 text loss: 0.1907
2025-12-26 22:48:15,426 - MMSA [INFO] - VAL-(msalm) >>  Mult_acc_2: 0.7741  Mult_acc_3: 0.6732  Mult_acc_5: 0.4320  F1_score: 0.7802  MAE: 0.3980  Corr: 0.6587  Loss: 0.3991 
2025-12-26 22:48:23,060 - MMSA [INFO] - TRAIN-(msalm) [1/45/4] >> loss: 0.1601  Mult_acc_2: 0.8925  Mult_acc_3: 0.8480  Mult_acc_5: 0.7420  F1_score: 0.8953  MAE: 0.1444  Corr: 0.9552  clm loss: 2.2648 total loss: 3.2163 bn loss: 0.1644 av loss: 0.4373 text loss: 0.1897
2025-12-26 22:48:24,761 - MMSA [INFO] - VAL-(msalm) >>  Mult_acc_2: 0.7675  Mult_acc_3: 0.6798  Mult_acc_5: 0.4342  F1_score: 0.7731  MAE: 0.3935  Corr: 0.6627  Loss: 0.3898 
2025-12-26 22:48:32,426 - MMSA [INFO] - TRAIN-(msalm) [1/46/4] >> loss: 0.1683  Mult_acc_2: 0.8918  Mult_acc_3: 0.8392  Mult_acc_5: 0.7266  F1_score: 0.8946  MAE: 0.1511  Corr: 0.9519  clm loss: 2.215 total loss: 3.1895 bn loss: 0.1642 av loss: 0.4523 text loss: 0.1897
2025-12-26 22:48:34,146 - MMSA [INFO] - VAL-(msalm) >>  Mult_acc_2: 0.7763  Mult_acc_3: 0.6776  Mult_acc_5: 0.4342  F1_score: 0.7811  MAE: 0.3924  Corr: 0.6609  Loss: 0.3918 
2025-12-26 22:48:40,748 - MMSA [INFO] - TRAIN-(msalm) [2/47/4] >> loss: 0.1613  Mult_acc_2: 0.8969  Mult_acc_3: 0.8443  Mult_acc_5: 0.7434  F1_score: 0.8997  MAE: 0.1433  Corr: 0.9546  clm loss: 2.1729 total loss: 3.1365 bn loss: 0.1685 av loss: 0.4397 text loss: 0.194
2025-12-26 22:48:42,443 - MMSA [INFO] - VAL-(msalm) >>  Mult_acc_2: 0.7544  Mult_acc_3: 0.6557  Mult_acc_5: 0.4079  F1_score: 0.7624  MAE: 0.4000  Corr: 0.6561  Loss: 0.4116 
2025-12-26 22:48:49,057 - MMSA [INFO] - TRAIN-(msalm) [3/48/4] >> loss: 0.1538  Mult_acc_2: 0.9115  Mult_acc_3: 0.8633  Mult_acc_5: 0.7595  F1_score: 0.9138  MAE: 0.1379  Corr: 0.9609  clm loss: 2.131 total loss: 3.1032 bn loss: 0.1562 av loss: 0.4477 text loss: 0.2145
2025-12-26 22:48:50,808 - MMSA [INFO] - VAL-(msalm) >>  Mult_acc_2: 0.7588  Mult_acc_3: 0.6601  Mult_acc_5: 0.4211  F1_score: 0.7668  MAE: 0.4061  Corr: 0.6605  Loss: 0.4129 
2025-12-26 22:48:57,777 - MMSA [INFO] - TRAIN-(msalm) [4/49/4] >> loss: 0.1577  Mult_acc_2: 0.8962  Mult_acc_3: 0.8494  Mult_acc_5: 0.7500  F1_score: 0.8986  MAE: 0.1430  Corr: 0.9583  clm loss: 2.1139 total loss: 3.0768 bn loss: 0.1619 av loss: 0.443 text loss: 0.2002
2025-12-26 22:48:59,531 - MMSA [INFO] - VAL-(msalm) >>  Mult_acc_2: 0.7456  Mult_acc_3: 0.6557  Mult_acc_5: 0.4254  F1_score: 0.7548  MAE: 0.4052  Corr: 0.6656  Loss: 0.4113 
2025-12-26 22:49:06,166 - MMSA [INFO] - TRAIN-(msalm) [5/50/4] >> loss: 0.1631  Mult_acc_2: 0.8940  Mult_acc_3: 0.8414  Mult_acc_5: 0.7142  F1_score: 0.8971  MAE: 0.1481  Corr: 0.9541  clm loss: 2.1257 total loss: 3.0746 bn loss: 0.167 av loss: 0.4416 text loss: 0.1773
2025-12-26 22:49:07,858 - MMSA [INFO] - VAL-(msalm) >>  Mult_acc_2: 0.7588  Mult_acc_3: 0.6557  Mult_acc_5: 0.4101  F1_score: 0.7665  MAE: 0.3967  Corr: 0.6710  Loss: 0.3941 
2025-12-26 22:49:14,497 - MMSA [INFO] - TRAIN-(msalm) [6/51/4] >> loss: 0.1452  Mult_acc_2: 0.8904  Mult_acc_3: 0.8538  Mult_acc_5: 0.7500  F1_score: 0.8934  MAE: 0.1315  Corr: 0.9642  clm loss: 2.0484 total loss: 2.9516 bn loss: 0.1484 av loss: 0.4345 text loss: 0.175
2025-12-26 22:49:16,194 - MMSA [INFO] - VAL-(msalm) >>  Mult_acc_2: 0.7741  Mult_acc_3: 0.6667  Mult_acc_5: 0.4320  F1_score: 0.7808  MAE: 0.3913  Corr: 0.6717  Loss: 0.3961 
2025-12-26 22:49:22,820 - MMSA [INFO] - TRAIN-(msalm) [7/52/4] >> loss: 0.1483  Mult_acc_2: 0.8962  Mult_acc_3: 0.8501  Mult_acc_5: 0.7537  F1_score: 0.8989  MAE: 0.1333  Corr: 0.9638  clm loss: 2.0205 total loss: 2.9102 bn loss: 0.1376 av loss: 0.4415 text loss: 0.1622
2025-12-26 22:49:24,521 - MMSA [INFO] - VAL-(msalm) >>  Mult_acc_2: 0.7741  Mult_acc_3: 0.6732  Mult_acc_5: 0.4211  F1_score: 0.7799  MAE: 0.3856  Corr: 0.6726  Loss: 0.3856 
2025-12-26 22:49:32,178 - MMSA [INFO] - TRAIN-(msalm) [1/53/4] >> loss: 0.154  Mult_acc_2: 0.8874  Mult_acc_3: 0.8487  Mult_acc_5: 0.7412  F1_score: 0.8907  MAE: 0.1377  Corr: 0.9600  clm loss: 1.9822 total loss: 2.8821 bn loss: 0.1406 av loss: 0.4437 text loss: 0.1616
2025-12-26 22:49:33,877 - MMSA [INFO] - VAL-(msalm) >>  Mult_acc_2: 0.7522  Mult_acc_3: 0.6557  Mult_acc_5: 0.4232  F1_score: 0.7593  MAE: 0.3963  Corr: 0.6657  Loss: 0.4141 
2025-12-26 22:49:40,479 - MMSA [INFO] - TRAIN-(msalm) [2/54/4] >> loss: 0.1474  Mult_acc_2: 0.8962  Mult_acc_3: 0.8553  Mult_acc_5: 0.7558  F1_score: 0.8989  MAE: 0.1338  Corr: 0.9631  clm loss: 1.9651 total loss: 2.8586 bn loss: 0.1428 av loss: 0.4332 text loss: 0.17
2025-12-26 22:49:42,178 - MMSA [INFO] - VAL-(msalm) >>  Mult_acc_2: 0.7654  Mult_acc_3: 0.6689  Mult_acc_5: 0.4298  F1_score: 0.7716  MAE: 0.3896  Corr: 0.6744  Loss: 0.3985 
2025-12-26 22:49:48,802 - MMSA [INFO] - TRAIN-(msalm) [3/55/4] >> loss: 0.1475  Mult_acc_2: 0.9013  Mult_acc_3: 0.8655  Mult_acc_5: 0.7683  F1_score: 0.9037  MAE: 0.1318  Corr: 0.9636  clm loss: 1.941 total loss: 2.8327 bn loss: 0.1387 av loss: 0.4412 text loss: 0.1643
2025-12-26 22:49:50,807 - MMSA [INFO] - VAL-(msalm) >>  Mult_acc_2: 0.7719  Mult_acc_3: 0.6711  Mult_acc_5: 0.4254  F1_score: 0.7768  MAE: 0.3907  Corr: 0.6729  Loss: 0.3846 
2025-12-26 22:49:58,448 - MMSA [INFO] - TRAIN-(msalm) [1/56/4] >> loss: 0.1516  Mult_acc_2: 0.8940  Mult_acc_3: 0.8575  Mult_acc_5: 0.7412  F1_score: 0.8968  MAE: 0.1369  Corr: 0.9617  clm loss: 1.9225 total loss: 2.8124 bn loss: 0.1417 av loss: 0.4428 text loss: 0.1538
2025-12-26 22:50:00,210 - MMSA [INFO] - VAL-(msalm) >>  Mult_acc_2: 0.7566  Mult_acc_3: 0.6645  Mult_acc_5: 0.4254  F1_score: 0.7633  MAE: 0.3956  Corr: 0.6698  Loss: 0.4036 
2025-12-26 22:50:06,896 - MMSA [INFO] - TRAIN-(msalm) [2/57/4] >> loss: 0.1494  Mult_acc_2: 0.9072  Mult_acc_3: 0.8560  Mult_acc_5: 0.7551  F1_score: 0.9096  MAE: 0.1363  Corr: 0.9638  clm loss: 1.8629 total loss: 2.7475 bn loss: 0.1362 av loss: 0.4412 text loss: 0.1579
2025-12-26 22:50:08,609 - MMSA [INFO] - VAL-(msalm) >>  Mult_acc_2: 0.7610  Mult_acc_3: 0.6667  Mult_acc_5: 0.4342  F1_score: 0.7678  MAE: 0.3919  Corr: 0.6731  Loss: 0.3983 
2025-12-26 22:50:15,239 - MMSA [INFO] - TRAIN-(msalm) [3/58/4] >> loss: 0.1605  Mult_acc_2: 0.8969  Mult_acc_3: 0.8436  Mult_acc_5: 0.7405  F1_score: 0.8997  MAE: 0.1445  Corr: 0.9588  clm loss: 1.8698 total loss: 2.7667 bn loss: 0.1381 av loss: 0.4358 text loss: 0.1624
2025-12-26 22:50:16,936 - MMSA [INFO] - VAL-(msalm) >>  Mult_acc_2: 0.7610  Mult_acc_3: 0.6645  Mult_acc_5: 0.4474  F1_score: 0.7673  MAE: 0.3932  Corr: 0.6690  Loss: 0.3929 
2025-12-26 22:50:23,583 - MMSA [INFO] - TRAIN-(msalm) [4/59/4] >> loss: 0.1364  Mult_acc_2: 0.9035  Mult_acc_3: 0.8713  Mult_acc_5: 0.7763  F1_score: 0.9061  MAE: 0.1207  Corr: 0.9707  clm loss: 1.8192 total loss: 2.6685 bn loss: 0.1273 av loss: 0.4305 text loss: 0.1551
2025-12-26 22:50:25,371 - MMSA [INFO] - VAL-(msalm) >>  Mult_acc_2: 0.7697  Mult_acc_3: 0.6689  Mult_acc_5: 0.4408  F1_score: 0.7754  MAE: 0.3932  Corr: 0.6722  Loss: 0.3966 
2025-12-26 22:50:31,988 - MMSA [INFO] - TRAIN-(msalm) [5/60/4] >> loss: 0.1525  Mult_acc_2: 0.8947  Mult_acc_3: 0.8428  Mult_acc_5: 0.7310  F1_score: 0.8977  MAE: 0.1365  Corr: 0.9623  clm loss: 1.7845 total loss: 2.6588 bn loss: 0.1337 av loss: 0.4362 text loss: 0.1518
2025-12-26 22:50:33,743 - MMSA [INFO] - VAL-(msalm) >>  Mult_acc_2: 0.7632  Mult_acc_3: 0.6711  Mult_acc_5: 0.4518  F1_score: 0.7705  MAE: 0.3907  Corr: 0.6762  Loss: 0.3997 
2025-12-26 22:50:40,396 - MMSA [INFO] - TRAIN-(msalm) [6/61/4] >> loss: 0.1587  Mult_acc_2: 0.9130  Mult_acc_3: 0.8567  Mult_acc_5: 0.7588  F1_score: 0.9150  MAE: 0.1426  Corr: 0.9608  clm loss: 1.7417 total loss: 2.6351 bn loss: 0.1303 av loss: 0.4449 text loss: 0.1595
2025-12-26 22:50:42,088 - MMSA [INFO] - VAL-(msalm) >>  Mult_acc_2: 0.7763  Mult_acc_3: 0.6798  Mult_acc_5: 0.4430  F1_score: 0.7798  MAE: 0.3833  Corr: 0.6770  Loss: 0.3853 
2025-12-26 22:50:48,713 - MMSA [INFO] - TRAIN-(msalm) [7/62/4] >> loss: 0.1386  Mult_acc_2: 0.9079  Mult_acc_3: 0.8677  Mult_acc_5: 0.7792  F1_score: 0.9103  MAE: 0.1253  Corr: 0.9693  clm loss: 1.7517 total loss: 2.6121 bn loss: 0.1306 av loss: 0.4379 text loss: 0.1532
2025-12-26 22:50:50,426 - MMSA [INFO] - VAL-(msalm) >>  Mult_acc_2: 0.7697  Mult_acc_3: 0.6776  Mult_acc_5: 0.4430  F1_score: 0.7735  MAE: 0.3839  Corr: 0.6728  Loss: 0.3874 
2025-12-26 22:50:57,190 - MMSA [INFO] - TRAIN-(msalm) [8/63/4] >> loss: 0.1493  Mult_acc_2: 0.9028  Mult_acc_3: 0.8662  Mult_acc_5: 0.7719  F1_score: 0.9054  MAE: 0.1286  Corr: 0.9643  clm loss: 1.6836 total loss: 2.5648 bn loss: 0.1336 av loss: 0.4423 text loss: 0.1559
2025-12-26 22:50:58,890 - MMSA [INFO] - VAL-(msalm) >>  Mult_acc_2: 0.7719  Mult_acc_3: 0.6776  Mult_acc_5: 0.4430  F1_score: 0.7771  MAE: 0.3838  Corr: 0.6737  Loss: 0.3890 
2025-12-26 22:51:05,515 - MMSA [INFO] - TRAIN-(msalm) [9/64/4] >> loss: 0.1429  Mult_acc_2: 0.8904  Mult_acc_3: 0.8618  Mult_acc_5: 0.7617  F1_score: 0.8934  MAE: 0.1272  Corr: 0.9669  clm loss: 1.6737 total loss: 2.5474 bn loss: 0.128 av loss: 0.433 text loss: 0.1698
2025-12-26 22:51:07,211 - MMSA [INFO] - VAL-(msalm) >>  Mult_acc_2: 0.7719  Mult_acc_3: 0.6842  Mult_acc_5: 0.4452  F1_score: 0.7762  MAE: 0.3824  Corr: 0.6747  Loss: 0.3874 
2025-12-26 22:51:13,826 - MMSA [INFO] - TRAIN-(msalm) [10/65/4] >> loss: 0.152  Mult_acc_2: 0.9064  Mult_acc_3: 0.8487  Mult_acc_5: 0.7522  F1_score: 0.9088  MAE: 0.1379  Corr: 0.9641  clm loss: 1.6462 total loss: 2.5491 bn loss: 0.1347 av loss: 0.44 text loss: 0.1762
2025-12-26 22:51:15,616 - MMSA [INFO] - VAL-(msalm) >>  Mult_acc_2: 0.7741  Mult_acc_3: 0.6820  Mult_acc_5: 0.4408  F1_score: 0.7785  MAE: 0.3837  Corr: 0.6722  Loss: 0.3815 
2025-12-26 22:51:23,425 - MMSA [INFO] - TRAIN-(msalm) [1/66/4] >> loss: 0.1527  Mult_acc_2: 0.9035  Mult_acc_3: 0.8545  Mult_acc_5: 0.7420  F1_score: 0.9058  MAE: 0.1391  Corr: 0.9618  clm loss: 1.6579 total loss: 2.5407 bn loss: 0.1271 av loss: 0.444 text loss: 0.159
2025-12-26 22:51:25,150 - MMSA [INFO] - VAL-(msalm) >>  Mult_acc_2: 0.7544  Mult_acc_3: 0.6579  Mult_acc_5: 0.4276  F1_score: 0.7620  MAE: 0.3944  Corr: 0.6684  Loss: 0.3985 
2025-12-26 22:51:31,809 - MMSA [INFO] - TRAIN-(msalm) [2/67/4] >> loss: 0.1485  Mult_acc_2: 0.8911  Mult_acc_3: 0.8458  Mult_acc_5: 0.7427  F1_score: 0.8941  MAE: 0.1319  Corr: 0.9655  clm loss: 1.6209 total loss: 2.497 bn loss: 0.1279 av loss: 0.44 text loss: 0.1596
2025-12-26 22:51:33,517 - MMSA [INFO] - VAL-(msalm) >>  Mult_acc_2: 0.7456  Mult_acc_3: 0.6623  Mult_acc_5: 0.4167  F1_score: 0.7545  MAE: 0.3967  Corr: 0.6745  Loss: 0.4021 
2025-12-26 22:51:40,134 - MMSA [INFO] - TRAIN-(msalm) [3/68/4] >> loss: 0.1407  Mult_acc_2: 0.9028  Mult_acc_3: 0.8604  Mult_acc_5: 0.7675  F1_score: 0.9053  MAE: 0.1244  Corr: 0.9686  clm loss: 1.6163 total loss: 2.4814 bn loss: 0.1276 av loss: 0.4446 text loss: 0.1522
2025-12-26 22:51:41,905 - MMSA [INFO] - VAL-(msalm) >>  Mult_acc_2: 0.7610  Mult_acc_3: 0.6689  Mult_acc_5: 0.4320  F1_score: 0.7673  MAE: 0.3875  Corr: 0.6791  Loss: 0.3897 
2025-12-26 22:51:48,503 - MMSA [INFO] - TRAIN-(msalm) [4/69/4] >> loss: 0.136  Mult_acc_2: 0.8940  Mult_acc_3: 0.8575  Mult_acc_5: 0.7705  F1_score: 0.8971  MAE: 0.1210  Corr: 0.9716  clm loss: 1.5447 total loss: 2.3752 bn loss: 0.1218 av loss: 0.4354 text loss: 0.1374
2025-12-26 22:51:50,241 - MMSA [INFO] - VAL-(msalm) >>  Mult_acc_2: 0.7697  Mult_acc_3: 0.6776  Mult_acc_5: 0.4430  F1_score: 0.7751  MAE: 0.3853  Corr: 0.6804  Loss: 0.3924 
2025-12-26 22:51:57,211 - MMSA [INFO] - TRAIN-(msalm) [5/70/4] >> loss: 0.1314  Mult_acc_2: 0.9079  Mult_acc_3: 0.8772  Mult_acc_5: 0.7902  F1_score: 0.9103  MAE: 0.1172  Corr: 0.9722  clm loss: 1.5064 total loss: 2.3222 bn loss: 0.1141 av loss: 0.4364 text loss: 0.1339
2025-12-26 22:51:58,894 - MMSA [INFO] - VAL-(msalm) >>  Mult_acc_2: 0.7544  Mult_acc_3: 0.6711  Mult_acc_5: 0.4430  F1_score: 0.7611  MAE: 0.3877  Corr: 0.6799  Loss: 0.3864 
2025-12-26 22:52:05,525 - MMSA [INFO] - TRAIN-(msalm) [6/71/4] >> loss: 0.1508  Mult_acc_2: 0.8955  Mult_acc_3: 0.8480  Mult_acc_5: 0.7376  F1_score: 0.8984  MAE: 0.1348  Corr: 0.9645  clm loss: 1.5495 total loss: 2.4026 bn loss: 0.1205 av loss: 0.4386 text loss: 0.1431
2025-12-26 22:52:07,283 - MMSA [INFO] - VAL-(msalm) >>  Mult_acc_2: 0.7632  Mult_acc_3: 0.6711  Mult_acc_5: 0.4276  F1_score: 0.7691  MAE: 0.3881  Corr: 0.6779  Loss: 0.3918 
2025-12-26 22:52:13,901 - MMSA [INFO] - TRAIN-(msalm) [7/72/4] >> loss: 0.1491  Mult_acc_2: 0.8984  Mult_acc_3: 0.8626  Mult_acc_5: 0.7580  F1_score: 0.9012  MAE: 0.1335  Corr: 0.9662  clm loss: 1.5082 total loss: 2.35 bn loss: 0.1136 av loss: 0.4439 text loss: 0.1351
2025-12-26 22:52:15,585 - MMSA [INFO] - VAL-(msalm) >>  Mult_acc_2: 0.7588  Mult_acc_3: 0.6667  Mult_acc_5: 0.4276  F1_score: 0.7663  MAE: 0.3905  Corr: 0.6770  Loss: 0.3871 
2025-12-26 22:52:22,177 - MMSA [INFO] - TRAIN-(msalm) [8/73/4] >> loss: 0.1473  Mult_acc_2: 0.9057  Mult_acc_3: 0.8582  Mult_acc_5: 0.7500  F1_score: 0.9082  MAE: 0.1339  Corr: 0.9646  clm loss: 1.5091 total loss: 2.3415 bn loss: 0.1148 av loss: 0.4402 text loss: 0.1301
2025-12-26 22:52:23,870 - MMSA [INFO] - VAL-(msalm) >>  Mult_acc_2: 0.7588  Mult_acc_3: 0.6623  Mult_acc_5: 0.4101  F1_score: 0.7665  MAE: 0.3948  Corr: 0.6764  Loss: 0.4027 
2025-12-26 22:52:30,465 - MMSA [INFO] - TRAIN-(msalm) [9/74/4] >> loss: 0.1349  Mult_acc_2: 0.9159  Mult_acc_3: 0.8560  Mult_acc_5: 0.7602  F1_score: 0.9180  MAE: 0.1228  Corr: 0.9723  clm loss: 1.4664 total loss: 2.2818 bn loss: 0.1135 av loss: 0.4326 text loss: 0.1344
2025-12-26 22:52:32,162 - MMSA [INFO] - VAL-(msalm) >>  Mult_acc_2: 0.7697  Mult_acc_3: 0.6689  Mult_acc_5: 0.4430  F1_score: 0.7756  MAE: 0.3860  Corr: 0.6791  Loss: 0.4098 
2025-12-26 22:52:38,790 - MMSA [INFO] - TRAIN-(msalm) [10/75/4] >> loss: 0.149  Mult_acc_2: 0.9130  Mult_acc_3: 0.8735  Mult_acc_5: 0.7719  F1_score: 0.9151  MAE: 0.1334  Corr: 0.9651  clm loss: 1.4259 total loss: 2.2508 bn loss: 0.1084 av loss: 0.4374 text loss: 0.1302
2025-12-26 22:52:40,528 - MMSA [INFO] - VAL-(msalm) >>  Mult_acc_2: 0.7566  Mult_acc_3: 0.6732  Mult_acc_5: 0.4364  F1_score: 0.7640  MAE: 0.3885  Corr: 0.6803  Loss: 0.3939 
2025-12-26 22:52:42,784 - MMSA [INFO] - TEST-(msalm) >>  Mult_acc_2: 0.8271  Mult_acc_3: 0.6915  Mult_acc_5: 0.4464  F1_score: 0.8294  MAE: 0.3649  Corr: 0.7096  Loss: 0.3695 
2025-12-26 22:52:44,078 - MMSA [INFO] - Result for seed 1993: {'Mult_acc_2': 0.8271, 'Mult_acc_3': 0.6915, 'Mult_acc_5': 0.4464, 'F1_score': 0.8294, 'MAE': 0.3649, 'Corr': 0.7096, 'Loss': 0.3695, 'seed': 1993}
2025-12-26 22:52:44,081 - MMSA [INFO] - ------------------------------ Running with seed 1994 [5/5] ------------------------------
2025-12-26 22:54:00,647 - MMSA [INFO] - The model has 160460348 trainable parameters
2025-12-26 22:54:07,289 - MMSA [INFO] - TRAIN-(msalm) [1/1/5] >> loss: 0.6657  Mult_acc_2: 0.5051  Mult_acc_3: 0.3560  Mult_acc_5: 0.1696  F1_score: 0.5234  MAE: 0.6662  Corr: 0.0356  clm loss: 7.4217 total loss: 10.776 bn loss: 1.1479 av loss: 0.5713 text loss: 0.9696
2025-12-26 22:54:09,058 - MMSA [INFO] - VAL-(msalm) >>  Mult_acc_2: 0.5614  Mult_acc_3: 0.4013  Mult_acc_5: 0.1754  F1_score: 0.5788  MAE: 0.6179  Corr: 0.2051  Loss: 0.6202 
2025-12-26 22:54:16,744 - MMSA [INFO] - TRAIN-(msalm) [1/2/5] >> loss: 0.5786  Mult_acc_2: 0.6001  Mult_acc_3: 0.4737  Mult_acc_5: 0.2222  F1_score: 0.6156  MAE: 0.5743  Corr: 0.3533  clm loss: 5.8112 total loss: 8.6297 bn loss: 0.8891 av loss: 0.5502 text loss: 0.8007
2025-12-26 22:54:18,443 - MMSA [INFO] - VAL-(msalm) >>  Mult_acc_2: 0.7193  Mult_acc_3: 0.5877  Mult_acc_5: 0.2675  F1_score: 0.7219  MAE: 0.5210  Corr: 0.4559  Loss: 0.5172 
2025-12-26 22:54:26,114 - MMSA [INFO] - TRAIN-(msalm) [1/3/5] >> loss: 0.551  Mult_acc_2: 0.6776  Mult_acc_3: 0.5694  Mult_acc_5: 0.3121  F1_score: 0.6898  MAE: 0.5223  Corr: 0.4818  clm loss: 4.5427 total loss: 6.928 bn loss: 0.6332 av loss: 0.5258 text loss: 0.6754
2025-12-26 22:54:27,820 - MMSA [INFO] - VAL-(msalm) >>  Mult_acc_2: 0.6908  Mult_acc_3: 0.5724  Mult_acc_5: 0.2961  F1_score: 0.7005  MAE: 0.5297  Corr: 0.4696  Loss: 0.5556 
2025-12-26 22:54:34,481 - MMSA [INFO] - TRAIN-(msalm) [2/4/5] >> loss: 0.5181  Mult_acc_2: 0.6901  Mult_acc_3: 0.5877  Mult_acc_5: 0.3070  F1_score: 0.7012  MAE: 0.4974  Corr: 0.5269  clm loss: 4.1028 total loss: 6.2783 bn loss: 0.5365 av loss: 0.5017 text loss: 0.6192
2025-12-26 22:54:36,175 - MMSA [INFO] - VAL-(msalm) >>  Mult_acc_2: 0.6228  Mult_acc_3: 0.5132  Mult_acc_5: 0.2610  F1_score: 0.6370  MAE: 0.5462  Corr: 0.4911  Loss: 0.5561 
2025-12-26 22:54:42,787 - MMSA [INFO] - TRAIN-(msalm) [3/5/5] >> loss: 0.4981  Mult_acc_2: 0.6930  Mult_acc_3: 0.5877  Mult_acc_5: 0.3092  F1_score: 0.7037  MAE: 0.4927  Corr: 0.5206  clm loss: 3.9101 total loss: 6.0377 bn loss: 0.5226 av loss: 0.494 text loss: 0.6128
2025-12-26 22:54:44,508 - MMSA [INFO] - VAL-(msalm) >>  Mult_acc_2: 0.7018  Mult_acc_3: 0.5921  Mult_acc_5: 0.3180  F1_score: 0.7126  MAE: 0.4931  Corr: 0.5229  Loss: 0.4961 
2025-12-26 22:54:52,189 - MMSA [INFO] - TRAIN-(msalm) [1/6/5] >> loss: 0.4801  Mult_acc_2: 0.7200  Mult_acc_3: 0.6096  Mult_acc_5: 0.3297  F1_score: 0.7288  MAE: 0.4683  Corr: 0.5603  clm loss: 3.8043 total loss: 5.9124 bn loss: 0.5363 av loss: 0.4944 text loss: 0.5972
2025-12-26 22:54:53,880 - MMSA [INFO] - VAL-(msalm) >>  Mult_acc_2: 0.7412  Mult_acc_3: 0.6140  Mult_acc_5: 0.3377  F1_score: 0.7436  MAE: 0.4702  Corr: 0.5344  Loss: 0.4954 
2025-12-26 22:55:01,603 - MMSA [INFO] - TRAIN-(msalm) [1/7/5] >> loss: 0.4525  Mult_acc_2: 0.7558  Mult_acc_3: 0.6491  Mult_acc_5: 0.3487  F1_score: 0.7619  MAE: 0.4416  Corr: 0.6107  clm loss: 3.6409 total loss: 5.6694 bn loss: 0.5081 av loss: 0.4777 text loss: 0.5902
2025-12-26 22:55:03,289 - MMSA [INFO] - VAL-(msalm) >>  Mult_acc_2: 0.7237  Mult_acc_3: 0.6184  Mult_acc_5: 0.3355  F1_score: 0.7292  MAE: 0.4643  Corr: 0.5484  Loss: 0.4723 
2025-12-26 22:55:11,090 - MMSA [INFO] - TRAIN-(msalm) [1/8/5] >> loss: 0.4575  Mult_acc_2: 0.7493  Mult_acc_3: 0.6338  Mult_acc_5: 0.3472  F1_score: 0.7546  MAE: 0.4438  Corr: 0.6004  clm loss: 3.4699 total loss: 5.4787 bn loss: 0.4963 av loss: 0.4803 text loss: 0.5747
2025-12-26 22:55:12,805 - MMSA [INFO] - VAL-(msalm) >>  Mult_acc_2: 0.6930  Mult_acc_3: 0.6075  Mult_acc_5: 0.3399  F1_score: 0.7022  MAE: 0.4647  Corr: 0.5517  Loss: 0.4864 
2025-12-26 22:55:19,450 - MMSA [INFO] - TRAIN-(msalm) [2/9/5] >> loss: 0.4388  Mult_acc_2: 0.7639  Mult_acc_3: 0.6345  Mult_acc_5: 0.3582  F1_score: 0.7691  MAE: 0.4285  Corr: 0.6127  clm loss: 3.3474 total loss: 5.3074 bn loss: 0.4838 av loss: 0.4787 text loss: 0.5587
2025-12-26 22:55:21,225 - MMSA [INFO] - VAL-(msalm) >>  Mult_acc_2: 0.6864  Mult_acc_3: 0.5921  Mult_acc_5: 0.3311  F1_score: 0.6972  MAE: 0.4691  Corr: 0.5528  Loss: 0.4898 
2025-12-26 22:55:27,852 - MMSA [INFO] - TRAIN-(msalm) [3/10/5] >> loss: 0.4293  Mult_acc_2: 0.7749  Mult_acc_3: 0.6623  Mult_acc_5: 0.3896  F1_score: 0.7786  MAE: 0.4130  Corr: 0.6439  clm loss: 3.3396 total loss: 5.2558 bn loss: 0.4804 av loss: 0.4744 text loss: 0.5321
2025-12-26 22:55:29,599 - MMSA [INFO] - VAL-(msalm) >>  Mult_acc_2: 0.7456  Mult_acc_3: 0.6294  Mult_acc_5: 0.3794  F1_score: 0.7475  MAE: 0.4451  Corr: 0.5708  Loss: 0.4834 
2025-12-26 22:55:36,179 - MMSA [INFO] - TRAIN-(msalm) [4/11/5] >> loss: 0.4143  Mult_acc_2: 0.7807  Mult_acc_3: 0.6725  Mult_acc_5: 0.4020  F1_score: 0.7842  MAE: 0.4020  Corr: 0.6564  clm loss: 3.2919 total loss: 5.1726 bn loss: 0.4754 av loss: 0.4686 text loss: 0.5224
2025-12-26 22:55:37,859 - MMSA [INFO] - VAL-(msalm) >>  Mult_acc_2: 0.7610  Mult_acc_3: 0.6338  Mult_acc_5: 0.3640  F1_score: 0.7602  MAE: 0.4356  Corr: 0.5835  Loss: 0.4493 
2025-12-26 22:55:45,513 - MMSA [INFO] - TRAIN-(msalm) [1/12/5] >> loss: 0.4187  Mult_acc_2: 0.7844  Mult_acc_3: 0.6681  Mult_acc_5: 0.3955  F1_score: 0.7860  MAE: 0.4033  Corr: 0.6576  clm loss: 3.263 total loss: 5.1633 bn loss: 0.4807 av loss: 0.4705 text loss: 0.5303
2025-12-26 22:55:47,191 - MMSA [INFO] - VAL-(msalm) >>  Mult_acc_2: 0.7829  Mult_acc_3: 0.6425  Mult_acc_5: 0.3947  F1_score: 0.7763  MAE: 0.4455  Corr: 0.5772  Loss: 0.4832 
2025-12-26 22:55:53,805 - MMSA [INFO] - TRAIN-(msalm) [2/13/5] >> loss: 0.4066  Mult_acc_2: 0.7763  Mult_acc_3: 0.6762  Mult_acc_5: 0.3955  F1_score: 0.7785  MAE: 0.3906  Corr: 0.6809  clm loss: 3.2251 total loss: 5.103 bn loss: 0.4651 av loss: 0.4729 text loss: 0.5334
2025-12-26 22:55:55,550 - MMSA [INFO] - VAL-(msalm) >>  Mult_acc_2: 0.7697  Mult_acc_3: 0.6294  Mult_acc_5: 0.3596  F1_score: 0.7640  MAE: 0.4361  Corr: 0.5858  Loss: 0.4479 
2025-12-26 22:56:03,192 - MMSA [INFO] - TRAIN-(msalm) [1/14/5] >> loss: 0.3946  Mult_acc_2: 0.7858  Mult_acc_3: 0.6762  Mult_acc_5: 0.4094  F1_score: 0.7879  MAE: 0.3816  Corr: 0.6915  clm loss: 3.2361 total loss: 5.0495 bn loss: 0.4452 av loss: 0.4577 text loss: 0.5159
2025-12-26 22:56:04,888 - MMSA [INFO] - VAL-(msalm) >>  Mult_acc_2: 0.7346  Mult_acc_3: 0.6338  Mult_acc_5: 0.3640  F1_score: 0.7414  MAE: 0.4460  Corr: 0.5783  Loss: 0.4675 
2025-12-26 22:56:11,676 - MMSA [INFO] - TRAIN-(msalm) [2/15/5] >> loss: 0.3977  Mult_acc_2: 0.7968  Mult_acc_3: 0.6776  Mult_acc_5: 0.4152  F1_score: 0.8000  MAE: 0.3817  Corr: 0.6927  clm loss: 3.1898 total loss: 4.9956 bn loss: 0.4508 av loss: 0.4696 text loss: 0.4877
2025-12-26 22:56:13,370 - MMSA [INFO] - VAL-(msalm) >>  Mult_acc_2: 0.7456  Mult_acc_3: 0.6557  Mult_acc_5: 0.3904  F1_score: 0.7535  MAE: 0.4312  Corr: 0.6034  Loss: 0.4367 
2025-12-26 22:56:20,996 - MMSA [INFO] - TRAIN-(msalm) [1/16/5] >> loss: 0.3837  Mult_acc_2: 0.7975  Mult_acc_3: 0.6908  Mult_acc_5: 0.4057  F1_score: 0.8005  MAE: 0.3732  Corr: 0.7121  clm loss: 3.1558 total loss: 4.9196 bn loss: 0.4456 av loss: 0.4667 text loss: 0.4679
2025-12-26 22:56:22,683 - MMSA [INFO] - VAL-(msalm) >>  Mult_acc_2: 0.7390  Mult_acc_3: 0.6557  Mult_acc_5: 0.3969  F1_score: 0.7478  MAE: 0.4208  Corr: 0.6242  Loss: 0.4447 
2025-12-26 22:56:29,298 - MMSA [INFO] - TRAIN-(msalm) [2/17/5] >> loss: 0.3733  Mult_acc_2: 0.8041  Mult_acc_3: 0.7039  Mult_acc_5: 0.4452  F1_score: 0.8069  MAE: 0.3540  Corr: 0.7359  clm loss: 3.1253 total loss: 4.794 bn loss: 0.4186 av loss: 0.4598 text loss: 0.4171
2025-12-26 22:56:31,022 - MMSA [INFO] - VAL-(msalm) >>  Mult_acc_2: 0.7697  Mult_acc_3: 0.6689  Mult_acc_5: 0.4079  F1_score: 0.7766  MAE: 0.4135  Corr: 0.6387  Loss: 0.4317 
2025-12-26 22:56:38,661 - MMSA [INFO] - TRAIN-(msalm) [1/18/5] >> loss: 0.3595  Mult_acc_2: 0.8158  Mult_acc_3: 0.7083  Mult_acc_5: 0.4503  F1_score: 0.8186  MAE: 0.3427  Corr: 0.7514  clm loss: 3.0696 total loss: 4.6789 bn loss: 0.4055 av loss: 0.4575 text loss: 0.3868
2025-12-26 22:56:40,356 - MMSA [INFO] - VAL-(msalm) >>  Mult_acc_2: 0.7500  Mult_acc_3: 0.6754  Mult_acc_5: 0.4145  F1_score: 0.7584  MAE: 0.4180  Corr: 0.6349  Loss: 0.4312 
2025-12-26 22:56:48,025 - MMSA [INFO] - TRAIN-(msalm) [1/19/5] >> loss: 0.3624  Mult_acc_2: 0.8246  Mult_acc_3: 0.7083  Mult_acc_5: 0.4327  F1_score: 0.8269  MAE: 0.3514  Corr: 0.7483  clm loss: 3.0952 total loss: 4.7205 bn loss: 0.4042 av loss: 0.4549 text loss: 0.4038
2025-12-26 22:56:49,710 - MMSA [INFO] - VAL-(msalm) >>  Mult_acc_2: 0.7895  Mult_acc_3: 0.6667  Mult_acc_5: 0.3925  F1_score: 0.7934  MAE: 0.4118  Corr: 0.6291  Loss: 0.4188 
2025-12-26 22:56:57,375 - MMSA [INFO] - TRAIN-(msalm) [1/20/5] >> loss: 0.3503  Mult_acc_2: 0.8121  Mult_acc_3: 0.7200  Mult_acc_5: 0.4715  F1_score: 0.8152  MAE: 0.3348  Corr: 0.7532  clm loss: 3.0333 total loss: 4.6308 bn loss: 0.3966 av loss: 0.4585 text loss: 0.392
2025-12-26 22:56:59,202 - MMSA [INFO] - VAL-(msalm) >>  Mult_acc_2: 0.7982  Mult_acc_3: 0.6513  Mult_acc_5: 0.3838  F1_score: 0.7970  MAE: 0.4094  Corr: 0.6437  Loss: 0.4522 
2025-12-26 22:57:05,846 - MMSA [INFO] - TRAIN-(msalm) [2/21/5] >> loss: 0.3432  Mult_acc_2: 0.8282  Mult_acc_3: 0.7266  Mult_acc_5: 0.4803  F1_score: 0.8305  MAE: 0.3282  Corr: 0.7688  clm loss: 3.0125 total loss: 4.5694 bn loss: 0.3798 av loss: 0.4507 text loss: 0.3833
2025-12-26 22:57:07,539 - MMSA [INFO] - VAL-(msalm) >>  Mult_acc_2: 0.8070  Mult_acc_3: 0.6645  Mult_acc_5: 0.3947  F1_score: 0.8088  MAE: 0.3963  Corr: 0.6577  Loss: 0.4112 
2025-12-26 22:57:15,241 - MMSA [INFO] - TRAIN-(msalm) [1/22/5] >> loss: 0.3344  Mult_acc_2: 0.8202  Mult_acc_3: 0.7288  Mult_acc_5: 0.4766  F1_score: 0.8238  MAE: 0.3222  Corr: 0.7840  clm loss: 2.9961 total loss: 4.5331 bn loss: 0.3667 av loss: 0.4546 text loss: 0.3813
2025-12-26 22:57:16,959 - MMSA [INFO] - VAL-(msalm) >>  Mult_acc_2: 0.7632  Mult_acc_3: 0.6732  Mult_acc_5: 0.4079  F1_score: 0.7709  MAE: 0.4065  Corr: 0.6442  Loss: 0.4287 
2025-12-26 22:57:23,572 - MMSA [INFO] - TRAIN-(msalm) [2/23/5] >> loss: 0.3244  Mult_acc_2: 0.8260  Mult_acc_3: 0.7317  Mult_acc_5: 0.4985  F1_score: 0.8292  MAE: 0.3057  Corr: 0.7943  clm loss: 2.951 total loss: 4.456 bn loss: 0.3566 av loss: 0.4566 text loss: 0.3675
2025-12-26 22:57:25,343 - MMSA [INFO] - VAL-(msalm) >>  Mult_acc_2: 0.7127  Mult_acc_3: 0.6425  Mult_acc_5: 0.3794  F1_score: 0.7241  MAE: 0.4357  Corr: 0.6404  Loss: 0.4569 
2025-12-26 22:57:31,953 - MMSA [INFO] - TRAIN-(msalm) [3/24/5] >> loss: 0.3169  Mult_acc_2: 0.8414  Mult_acc_3: 0.7471  Mult_acc_5: 0.4978  F1_score: 0.8435  MAE: 0.3004  Corr: 0.8029  clm loss: 2.94 total loss: 4.4114 bn loss: 0.3466 av loss: 0.4515 text loss: 0.3563
2025-12-26 22:57:33,782 - MMSA [INFO] - VAL-(msalm) >>  Mult_acc_2: 0.7610  Mult_acc_3: 0.6667  Mult_acc_5: 0.4079  F1_score: 0.7676  MAE: 0.4058  Corr: 0.6437  Loss: 0.4299 
2025-12-26 22:57:40,385 - MMSA [INFO] - TRAIN-(msalm) [4/25/5] >> loss: 0.3173  Mult_acc_2: 0.8282  Mult_acc_3: 0.7361  Mult_acc_5: 0.4920  F1_score: 0.8312  MAE: 0.3067  Corr: 0.7969  clm loss: 2.8814 total loss: 4.3414 bn loss: 0.3395 av loss: 0.4526 text loss: 0.3505
2025-12-26 22:57:42,069 - MMSA [INFO] - VAL-(msalm) >>  Mult_acc_2: 0.7412  Mult_acc_3: 0.6557  Mult_acc_5: 0.3925  F1_score: 0.7502  MAE: 0.4108  Corr: 0.6521  Loss: 0.4177 
2025-12-26 22:57:48,669 - MMSA [INFO] - TRAIN-(msalm) [5/26/5] >> loss: 0.3013  Mult_acc_2: 0.8377  Mult_acc_3: 0.7558  Mult_acc_5: 0.5205  F1_score: 0.8408  MAE: 0.2879  Corr: 0.8259  clm loss: 2.866 total loss: 4.2788 bn loss: 0.3245 av loss: 0.4493 text loss: 0.3377
2025-12-26 22:57:50,362 - MMSA [INFO] - VAL-(msalm) >>  Mult_acc_2: 0.7895  Mult_acc_3: 0.6711  Mult_acc_5: 0.4167  F1_score: 0.7934  MAE: 0.3945  Corr: 0.6616  Loss: 0.3999 
2025-12-26 22:57:58,024 - MMSA [INFO] - TRAIN-(msalm) [1/27/5] >> loss: 0.2842  Mult_acc_2: 0.8414  Mult_acc_3: 0.7712  Mult_acc_5: 0.5599  F1_score: 0.8442  MAE: 0.2660  Corr: 0.8395  clm loss: 2.8443 total loss: 4.2293 bn loss: 0.3127 av loss: 0.4493 text loss: 0.3387
2025-12-26 22:58:00,094 - MMSA [INFO] - VAL-(msalm) >>  Mult_acc_2: 0.7610  Mult_acc_3: 0.6645  Mult_acc_5: 0.4101  F1_score: 0.7676  MAE: 0.4020  Corr: 0.6557  Loss: 0.4159 
2025-12-26 22:58:06,708 - MMSA [INFO] - TRAIN-(msalm) [2/28/5] >> loss: 0.269  Mult_acc_2: 0.8531  Mult_acc_3: 0.7697  Mult_acc_5: 0.5614  F1_score: 0.8558  MAE: 0.2520  Corr: 0.8551  clm loss: 2.7982 total loss: 4.1304 bn loss: 0.2961 av loss: 0.4463 text loss: 0.3207
2025-12-26 22:58:08,421 - MMSA [INFO] - VAL-(msalm) >>  Mult_acc_2: 0.7851  Mult_acc_3: 0.6689  Mult_acc_5: 0.3969  F1_score: 0.7891  MAE: 0.4016  Corr: 0.6523  Loss: 0.4232 
2025-12-26 22:58:15,033 - MMSA [INFO] - TRAIN-(msalm) [3/29/5] >> loss: 0.2758  Mult_acc_2: 0.8589  Mult_acc_3: 0.7741  Mult_acc_5: 0.5490  F1_score: 0.8612  MAE: 0.2630  Corr: 0.8528  clm loss: 2.7573 total loss: 4.1007 bn loss: 0.299 av loss: 0.4503 text loss: 0.3182
2025-12-26 22:58:16,712 - MMSA [INFO] - VAL-(msalm) >>  Mult_acc_2: 0.7566  Mult_acc_3: 0.6579  Mult_acc_5: 0.4101  F1_score: 0.7650  MAE: 0.4107  Corr: 0.6538  Loss: 0.4342 
2025-12-26 22:58:23,347 - MMSA [INFO] - TRAIN-(msalm) [4/30/5] >> loss: 0.272  Mult_acc_2: 0.8618  Mult_acc_3: 0.7851  Mult_acc_5: 0.5614  F1_score: 0.8646  MAE: 0.2568  Corr: 0.8571  clm loss: 2.7164 total loss: 4.0647 bn loss: 0.2926 av loss: 0.4556 text loss: 0.3281
2025-12-26 22:58:25,115 - MMSA [INFO] - VAL-(msalm) >>  Mult_acc_2: 0.7895  Mult_acc_3: 0.6535  Mult_acc_5: 0.3947  F1_score: 0.7925  MAE: 0.3955  Corr: 0.6602  Loss: 0.4027 
2025-12-26 22:58:31,736 - MMSA [INFO] - TRAIN-(msalm) [5/31/5] >> loss: 0.2647  Mult_acc_2: 0.8545  Mult_acc_3: 0.7865  Mult_acc_5: 0.5724  F1_score: 0.8579  MAE: 0.2498  Corr: 0.8636  clm loss: 2.7579 total loss: 4.0828 bn loss: 0.2991 av loss: 0.4435 text loss: 0.3176
2025-12-26 22:58:33,424 - MMSA [INFO] - VAL-(msalm) >>  Mult_acc_2: 0.7763  Mult_acc_3: 0.6776  Mult_acc_5: 0.4408  F1_score: 0.7826  MAE: 0.4001  Corr: 0.6519  Loss: 0.4050 
2025-12-26 22:58:40,029 - MMSA [INFO] - TRAIN-(msalm) [6/32/5] >> loss: 0.2409  Mult_acc_2: 0.8604  Mult_acc_3: 0.7990  Mult_acc_5: 0.6016  F1_score: 0.8634  MAE: 0.2282  Corr: 0.8849  clm loss: 2.6883 total loss: 3.965 bn loss: 0.283 av loss: 0.4516 text loss: 0.3011
2025-12-26 22:58:41,729 - MMSA [INFO] - VAL-(msalm) >>  Mult_acc_2: 0.7741  Mult_acc_3: 0.6732  Mult_acc_5: 0.4232  F1_score: 0.7810  MAE: 0.4014  Corr: 0.6565  Loss: 0.4014 
2025-12-26 22:58:48,332 - MMSA [INFO] - TRAIN-(msalm) [7/33/5] >> loss: 0.2422  Mult_acc_2: 0.8575  Mult_acc_3: 0.7975  Mult_acc_5: 0.6096  F1_score: 0.8603  MAE: 0.2295  Corr: 0.8791  clm loss: 2.6333 total loss: 3.8696 bn loss: 0.2638 av loss: 0.4477 text loss: 0.2825
2025-12-26 22:58:50,037 - MMSA [INFO] - VAL-(msalm) >>  Mult_acc_2: 0.7829  Mult_acc_3: 0.6557  Mult_acc_5: 0.4145  F1_score: 0.7874  MAE: 0.3939  Corr: 0.6576  Loss: 0.4018 
2025-12-26 22:58:56,651 - MMSA [INFO] - TRAIN-(msalm) [8/34/5] >> loss: 0.2301  Mult_acc_2: 0.8633  Mult_acc_3: 0.8034  Mult_acc_5: 0.6265  F1_score: 0.8659  MAE: 0.2154  Corr: 0.8972  clm loss: 2.609 total loss: 3.8123 bn loss: 0.2571 av loss: 0.4427 text loss: 0.2733
2025-12-26 22:58:58,370 - MMSA [INFO] - VAL-(msalm) >>  Mult_acc_2: 0.7478  Mult_acc_3: 0.6601  Mult_acc_5: 0.4013  F1_score: 0.7565  MAE: 0.4087  Corr: 0.6538  Loss: 0.4121 
2025-12-26 22:59:05,147 - MMSA [INFO] - TRAIN-(msalm) [9/35/5] >> loss: 0.2298  Mult_acc_2: 0.8750  Mult_acc_3: 0.8085  Mult_acc_5: 0.6418  F1_score: 0.8780  MAE: 0.2122  Corr: 0.8989  clm loss: 2.5795 total loss: 3.7921 bn loss: 0.2503 av loss: 0.4468 text loss: 0.2856
2025-12-26 22:59:06,816 - MMSA [INFO] - VAL-(msalm) >>  Mult_acc_2: 0.7829  Mult_acc_3: 0.6732  Mult_acc_5: 0.4298  F1_score: 0.7855  MAE: 0.3938  Corr: 0.6594  Loss: 0.4072 
2025-12-26 22:59:13,427 - MMSA [INFO] - TRAIN-(msalm) [10/36/5] >> loss: 0.2255  Mult_acc_2: 0.8728  Mult_acc_3: 0.8158  Mult_acc_5: 0.6250  F1_score: 0.8760  MAE: 0.2131  Corr: 0.9018  clm loss: 2.5752 total loss: 3.7665 bn loss: 0.2408 av loss: 0.4439 text loss: 0.2811
2025-12-26 22:59:15,120 - MMSA [INFO] - VAL-(msalm) >>  Mult_acc_2: 0.7807  Mult_acc_3: 0.6513  Mult_acc_5: 0.4123  F1_score: 0.7824  MAE: 0.3976  Corr: 0.6574  Loss: 0.3949 
2025-12-26 22:59:22,753 - MMSA [INFO] - TRAIN-(msalm) [1/37/5] >> loss: 0.2098  Mult_acc_2: 0.8808  Mult_acc_3: 0.8129  Mult_acc_5: 0.6542  F1_score: 0.8834  MAE: 0.1963  Corr: 0.9154  clm loss: 2.526 total loss: 3.6944 bn loss: 0.2342 av loss: 0.4455 text loss: 0.279
2025-12-26 22:59:24,455 - MMSA [INFO] - VAL-(msalm) >>  Mult_acc_2: 0.7610  Mult_acc_3: 0.6579  Mult_acc_5: 0.4123  F1_score: 0.7678  MAE: 0.4017  Corr: 0.6602  Loss: 0.4082 
2025-12-26 22:59:31,075 - MMSA [INFO] - TRAIN-(msalm) [2/38/5] >> loss: 0.2067  Mult_acc_2: 0.8655  Mult_acc_3: 0.8209  Mult_acc_5: 0.6732  F1_score: 0.8687  MAE: 0.1887  Corr: 0.9158  clm loss: 2.5023 total loss: 3.649 bn loss: 0.2308 av loss: 0.4466 text loss: 0.2627
2025-12-26 22:59:32,796 - MMSA [INFO] - VAL-(msalm) >>  Mult_acc_2: 0.7544  Mult_acc_3: 0.6557  Mult_acc_5: 0.3991  F1_score: 0.7626  MAE: 0.4048  Corr: 0.6599  Loss: 0.4184 
2025-12-26 22:59:39,402 - MMSA [INFO] - TRAIN-(msalm) [3/39/5] >> loss: 0.2073  Mult_acc_2: 0.8787  Mult_acc_3: 0.8187  Mult_acc_5: 0.6623  F1_score: 0.8818  MAE: 0.1949  Corr: 0.9196  clm loss: 2.4535 total loss: 3.5827 bn loss: 0.2265 av loss: 0.4476 text loss: 0.2477
2025-12-26 22:59:41,178 - MMSA [INFO] - VAL-(msalm) >>  Mult_acc_2: 0.7368  Mult_acc_3: 0.6645  Mult_acc_5: 0.3925  F1_score: 0.7460  MAE: 0.4160  Corr: 0.6506  Loss: 0.4232 
2025-12-26 22:59:47,794 - MMSA [INFO] - TRAIN-(msalm) [4/40/5] >> loss: 0.1966  Mult_acc_2: 0.8830  Mult_acc_3: 0.8260  Mult_acc_5: 0.6798  F1_score: 0.8856  MAE: 0.1829  Corr: 0.9288  clm loss: 2.4275 total loss: 3.5352 bn loss: 0.2166 av loss: 0.4471 text loss: 0.2474
2025-12-26 22:59:49,473 - MMSA [INFO] - VAL-(msalm) >>  Mult_acc_2: 0.7412  Mult_acc_3: 0.6557  Mult_acc_5: 0.4013  F1_score: 0.7505  MAE: 0.4172  Corr: 0.6535  Loss: 0.4329 
2025-12-26 22:59:56,059 - MMSA [INFO] - TRAIN-(msalm) [5/41/5] >> loss: 0.2109  Mult_acc_2: 0.8860  Mult_acc_3: 0.8165  Mult_acc_5: 0.6447  F1_score: 0.8885  MAE: 0.1929  Corr: 0.9193  clm loss: 2.3883 total loss: 3.4851 bn loss: 0.2017 av loss: 0.4487 text loss: 0.2355
2025-12-26 22:59:57,744 - MMSA [INFO] - VAL-(msalm) >>  Mult_acc_2: 0.7500  Mult_acc_3: 0.6623  Mult_acc_5: 0.3925  F1_score: 0.7573  MAE: 0.3995  Corr: 0.6572  Loss: 0.3991 
2025-12-26 23:00:04,528 - MMSA [INFO] - TRAIN-(msalm) [6/42/5] >> loss: 0.1946  Mult_acc_2: 0.8867  Mult_acc_3: 0.8253  Mult_acc_5: 0.6776  F1_score: 0.8896  MAE: 0.1777  Corr: 0.9304  clm loss: 2.3733 total loss: 3.4536 bn loss: 0.1964 av loss: 0.4548 text loss: 0.2344
2025-12-26 23:00:06,205 - MMSA [INFO] - VAL-(msalm) >>  Mult_acc_2: 0.7719  Mult_acc_3: 0.6535  Mult_acc_5: 0.4101  F1_score: 0.7762  MAE: 0.3984  Corr: 0.6536  Loss: 0.4064 
2025-12-26 23:00:12,818 - MMSA [INFO] - TRAIN-(msalm) [7/43/5] >> loss: 0.1886  Mult_acc_2: 0.8845  Mult_acc_3: 0.8187  Mult_acc_5: 0.6798  F1_score: 0.8871  MAE: 0.1755  Corr: 0.9352  clm loss: 2.3415 total loss: 3.3784 bn loss: 0.1921 av loss: 0.4403 text loss: 0.2158
2025-12-26 23:00:14,571 - MMSA [INFO] - VAL-(msalm) >>  Mult_acc_2: 0.7632  Mult_acc_3: 0.6404  Mult_acc_5: 0.3991  F1_score: 0.7685  MAE: 0.3992  Corr: 0.6573  Loss: 0.3998 
2025-12-26 23:00:21,179 - MMSA [INFO] - TRAIN-(msalm) [8/44/5] >> loss: 0.1886  Mult_acc_2: 0.8925  Mult_acc_3: 0.8406  Mult_acc_5: 0.6820  F1_score: 0.8951  MAE: 0.1744  Corr: 0.9346  clm loss: 2.3264 total loss: 3.3748 bn loss: 0.1908 av loss: 0.4465 text loss: 0.2226
2025-12-26 23:00:22,910 - MMSA [INFO] - VAL-(msalm) >>  Mult_acc_2: 0.7566  Mult_acc_3: 0.6623  Mult_acc_5: 0.4035  F1_score: 0.7633  MAE: 0.4025  Corr: 0.6542  Loss: 0.4120 
2025-12-26 23:00:29,525 - MMSA [INFO] - TRAIN-(msalm) [9/45/5] >> loss: 0.1869  Mult_acc_2: 0.8918  Mult_acc_3: 0.8253  Mult_acc_5: 0.6754  F1_score: 0.8944  MAE: 0.1691  Corr: 0.9399  clm loss: 2.2837 total loss: 3.322 bn loss: 0.1924 av loss: 0.4455 text loss: 0.2134
2025-12-26 23:00:31,292 - MMSA [INFO] - VAL-(msalm) >>  Mult_acc_2: 0.7368  Mult_acc_3: 0.6535  Mult_acc_5: 0.4035  F1_score: 0.7460  MAE: 0.4094  Corr: 0.6563  Loss: 0.4203 
2025-12-26 23:00:37,969 - MMSA [INFO] - TRAIN-(msalm) [10/46/5] >> loss: 0.2058  Mult_acc_2: 0.8677  Mult_acc_3: 0.8231  Mult_acc_5: 0.6630  F1_score: 0.8714  MAE: 0.1862  Corr: 0.9265  clm loss: 2.2441 total loss: 3.3382 bn loss: 0.2 av loss: 0.4535 text loss: 0.2348
2025-12-26 23:00:39,650 - MMSA [INFO] - VAL-(msalm) >>  Mult_acc_2: 0.7632  Mult_acc_3: 0.6623  Mult_acc_5: 0.4101  F1_score: 0.7701  MAE: 0.4054  Corr: 0.6553  Loss: 0.4144 
2025-12-26 23:00:41,799 - MMSA [INFO] - TEST-(msalm) >>  Mult_acc_2: 0.8293  Mult_acc_3: 0.6980  Mult_acc_5: 0.4551  F1_score: 0.8303  MAE: 0.3742  Corr: 0.6921  Loss: 0.3812 
2025-12-26 23:00:43,097 - MMSA [INFO] - Result for seed 1994: {'Mult_acc_2': 0.8293, 'Mult_acc_3': 0.698, 'Mult_acc_5': 0.4551, 'F1_score': 0.8303, 'MAE': 0.3742, 'Corr': 0.6921, 'Loss': 0.3812, 'seed': 1994}
2025-12-26 23:00:43,110 - MMSA [INFO] - Results saved to MMSA/results/deepmlf-with-sa/deepmlf-with-sa/normal/sims_avg.csv.
