2025-12-24 18:25:51,216 - MMSA [INFO] - ======================================== Program Start ========================================
2025-12-24 18:25:51,286 - MMSA [INFO] - Running with args:
2025-12-24 18:25:51,286 - MMSA [INFO] - {'model_name': 'msalm', 'dataset_name': 'sims', 'featurePath': '/leonardo_work/EUHPC_A04_051/alexfil/MSA-Datasets/CH-SIMS/unaligned_39.pkl', 'seq_lens': [39, 400, 55], 'feature_dims': [768, 33, 709], 'train_samples': 1368, 'num_classes': 3, 'language': 'cn', 'KeyEval': 'Loss', 'missing_rate': [0.0, 0.0, 0.0], 'missing_seed': [1111, 1111, 1111], 'need_data_aligned': False, 'need_model_aligned': False, 'early_stop': 10, 'use_bert': False, 'use_bert_finetune': False, 'attn_mask': True, 'excludeZero': True, 'update_epochs': 8, 'use_augmentation': False, 'use_m3xup': False, 'hfPath': False, 'use_ulgm': False, 'update_labels_patience': 1, 'H': 3.0, 'del_model': True, 'max_token_len': 39, 'pad_token': '<|endoftext|>', 'lm': '/leonardo_work/EUHPC_A04_051/alexfil/gpt2-chinese-cluecorpussmall', 'use_bf16': False, 'task_out': 1, 'use_clm': True, 'gamma': 1.0, 'l_bn': 1.0, 'l_av': 1.0, 'l_t': 1.0, 'warmup_epochs': 1, 'max_epochs': 100, 'beta_1': 0.9, 'beta_2': 0.95, 'use_lnorm': True, 'rescale': False, 'rescaler': 'sqrt', 'use_seqaug': True, 'n_bn_fusion': 16, 'modded_loss': True, 'embedding_attr_name': 'transformer.wte', 'decoder_layers_attr_name': 'transformer.h', 'mmgpt': {'type': 'gpt2', 'd_out': 64, 'combine': True, 'dropout': 0.1, 'mm_layer': [5, 6, 7, 8, 9, 10, 11], 'layer_dropout': 0.0, 'dense': True, 'tie_ffn': True, 'n_embd': 768, 'bias': True, 'kv_dim': 30, 'n_head': 16, 'd_mm': 768, 'gating': 'sigmoid', 'init_gate': [0.0, 0.0, 0.0, 0.0, 0.0, 0.0, 0.0, 0.0, 0.0, 0.0], 'use_softperm': True, 'p_perm': 0.3, 'p_apply': 0.25, 'use_lora': False, 'lora': {'lora_alpha': 128, 'r': 64, 'lora_dropout': 0.05}}, 'av_enc': {'finetune': True, 'from_pretrained': True, 'path_to_pretrained': '/leonardo_work/EUHPC_A04_051/alexfil/DeepMLF-Reprod/checkpoints/bienc-sims-1990/bienc-sims-1990.pth', 'feature_dims': [768, 33, 709], 'd_enc': 30, 'n_embd': 30, 'n_head': 6, 'nlevels': 3, 'd_enc_out': 30, 'maxlen': 55, 'p_mask': 0.15, 'enc_attn_dropout': 0.1, 'enc_res_dropout': 0.1, 'enc_dropout': 0.1, 'use_softperm': True, 'p_perm': 0.2, 'mask_perm_ratio': 0.5, 'tf_fusion': False, 'use_bn': True, 'use_ln': False}, 'gpt': {'vocab_size': 50257, 'block_size': 1024, 'bias': True, 'n_embd': 1024, 'n_layer': 24, 'n_head': 16, 'dropout': 0.0}, 'batch_size': 32, 'grad_clip': 5.0, 'patience': 10, 'weight_decay_mmgpt': 0.1, 'weight_decay_av': 0.1, 'learning_rate_av': 0.0002, 'learning_rate_mmgpt': 0.0002, 'device': device(type='cuda', index=0), 'train_mode': 'regression', 'custom_feature': None, 'feature_T': '', 'feature_A': '', 'feature_V': ''}
2025-12-24 18:25:51,286 - MMSA [INFO] - Seeds: [1990, 1991, 1992, 1993, 1994]
2025-12-24 18:25:51,287 - MMSA [INFO] - ------------------------------ Running with seed 1990 [1/5] ------------------------------
2025-12-24 18:27:07,158 - MMSA [INFO] - The model has 143941027 trainable parameters
2025-12-24 18:27:15,032 - MMSA [INFO] - TRAIN-(msalm) [1/1/1] >> loss: 0.6556  Mult_acc_2: 0.5051  Mult_acc_3: 0.3567  Mult_acc_5: 0.1594  F1_score: 0.5242  MAE: 0.6560  Corr: 0.0273  clm loss: 7.5908 total loss: 10.7231 bn loss: 0.9865 av loss: 0.6028 text loss: 0.8875
2025-12-24 18:27:16,633 - MMSA [INFO] - VAL-(msalm) >>  Mult_acc_2: 0.6316  Mult_acc_3: 0.4649  Mult_acc_5: 0.2018  F1_score: 0.6032  MAE: 0.6227  Corr: 0.0355  Loss: 0.6256 
2025-12-24 18:27:23,684 - MMSA [INFO] - TRAIN-(msalm) [1/2/1] >> loss: 0.607  Mult_acc_2: 0.5760  Mult_acc_3: 0.4444  Mult_acc_5: 0.2054  F1_score: 0.5922  MAE: 0.6065  Corr: 0.2067  clm loss: 6.4123 total loss: 9.1756 bn loss: 0.7984 av loss: 0.573 text loss: 0.7848
2025-12-24 18:27:25,293 - MMSA [INFO] - VAL-(msalm) >>  Mult_acc_2: 0.6842  Mult_acc_3: 0.5439  Mult_acc_5: 0.2412  F1_score: 0.6558  MAE: 0.5511  Corr: 0.3190  Loss: 0.5499 
2025-12-24 18:27:32,257 - MMSA [INFO] - TRAIN-(msalm) [1/3/1] >> loss: 0.5305  Mult_acc_2: 0.6798  Mult_acc_3: 0.5577  Mult_acc_5: 0.2895  F1_score: 0.6918  MAE: 0.5262  Corr: 0.4390  clm loss: 5.1683 total loss: 7.543 bn loss: 0.6574 av loss: 0.5365 text loss: 0.6504
2025-12-24 18:27:33,869 - MMSA [INFO] - VAL-(msalm) >>  Mult_acc_2: 0.7083  Mult_acc_3: 0.5833  Mult_acc_5: 0.2807  F1_score: 0.7140  MAE: 0.4997  Corr: 0.4929  Loss: 0.4990 
2025-12-24 18:27:40,813 - MMSA [INFO] - TRAIN-(msalm) [1/4/1] >> loss: 0.4995  Mult_acc_2: 0.7061  Mult_acc_3: 0.5994  Mult_acc_5: 0.3209  F1_score: 0.7160  MAE: 0.4865  Corr: 0.5274  clm loss: 4.4506 total loss: 6.6643 bn loss: 0.5792 av loss: 0.5042 text loss: 0.6308
2025-12-24 18:27:42,681 - MMSA [INFO] - VAL-(msalm) >>  Mult_acc_2: 0.7412  Mult_acc_3: 0.6096  Mult_acc_5: 0.3202  F1_score: 0.7436  MAE: 0.4926  Corr: 0.5213  Loss: 0.5140 
2025-12-24 18:27:48,752 - MMSA [INFO] - TRAIN-(msalm) [2/5/1] >> loss: 0.491  Mult_acc_2: 0.7376  Mult_acc_3: 0.6213  Mult_acc_5: 0.3443  F1_score: 0.7439  MAE: 0.4763  Corr: 0.5439  clm loss: 3.9985 total loss: 6.1376 bn loss: 0.5622 av loss: 0.5004 text loss: 0.5855
2025-12-24 18:27:50,356 - MMSA [INFO] - VAL-(msalm) >>  Mult_acc_2: 0.7544  Mult_acc_3: 0.6294  Mult_acc_5: 0.3399  F1_score: 0.7539  MAE: 0.4716  Corr: 0.5469  Loss: 0.4975 
2025-12-24 18:27:57,275 - MMSA [INFO] - TRAIN-(msalm) [1/6/1] >> loss: 0.4716  Mult_acc_2: 0.7537  Mult_acc_3: 0.6177  Mult_acc_5: 0.3136  F1_score: 0.7573  MAE: 0.4600  Corr: 0.5734  clm loss: 3.7359 total loss: 5.7936 bn loss: 0.5204 av loss: 0.488 text loss: 0.5778
2025-12-24 18:27:58,885 - MMSA [INFO] - VAL-(msalm) >>  Mult_acc_2: 0.7566  Mult_acc_3: 0.6294  Mult_acc_5: 0.3355  F1_score: 0.7558  MAE: 0.4671  Corr: 0.5467  Loss: 0.4734 
2025-12-24 18:28:05,834 - MMSA [INFO] - TRAIN-(msalm) [1/7/1] >> loss: 0.465  Mult_acc_2: 0.7310  Mult_acc_3: 0.6082  Mult_acc_5: 0.3092  F1_score: 0.7347  MAE: 0.4595  Corr: 0.5697  clm loss: 3.6028 total loss: 5.6172 bn loss: 0.5144 av loss: 0.4813 text loss: 0.5538
2025-12-24 18:28:07,420 - MMSA [INFO] - VAL-(msalm) >>  Mult_acc_2: 0.7259  Mult_acc_3: 0.6272  Mult_acc_5: 0.3487  F1_score: 0.7312  MAE: 0.4631  Corr: 0.5585  Loss: 0.4817 
2025-12-24 18:28:13,467 - MMSA [INFO] - TRAIN-(msalm) [2/8/1] >> loss: 0.4526  Mult_acc_2: 0.7588  Mult_acc_3: 0.6455  Mult_acc_5: 0.3465  F1_score: 0.7622  MAE: 0.4406  Corr: 0.6005  clm loss: 3.4662 total loss: 5.4606 bn loss: 0.5043 av loss: 0.4735 text loss: 0.564
2025-12-24 18:28:15,085 - MMSA [INFO] - VAL-(msalm) >>  Mult_acc_2: 0.7018  Mult_acc_3: 0.5724  Mult_acc_5: 0.3333  F1_score: 0.7128  MAE: 0.4749  Corr: 0.5653  Loss: 0.5031 
2025-12-24 18:28:21,141 - MMSA [INFO] - TRAIN-(msalm) [3/9/1] >> loss: 0.4345  Mult_acc_2: 0.7551  Mult_acc_3: 0.6528  Mult_acc_5: 0.3925  F1_score: 0.7599  MAE: 0.4127  Corr: 0.6396  clm loss: 3.3322 total loss: 5.2918 bn loss: 0.4964 av loss: 0.4668 text loss: 0.5618
2025-12-24 18:28:22,750 - MMSA [INFO] - VAL-(msalm) >>  Mult_acc_2: 0.7105  Mult_acc_3: 0.5943  Mult_acc_5: 0.3487  F1_score: 0.7193  MAE: 0.4536  Corr: 0.5665  Loss: 0.4920 
2025-12-24 18:28:28,786 - MMSA [INFO] - TRAIN-(msalm) [4/10/1] >> loss: 0.4362  Mult_acc_2: 0.7588  Mult_acc_3: 0.6367  Mult_acc_5: 0.3699  F1_score: 0.7623  MAE: 0.4162  Corr: 0.6400  clm loss: 3.3034 total loss: 5.2508 bn loss: 0.485 av loss: 0.4699 text loss: 0.5563
2025-12-24 18:28:30,362 - MMSA [INFO] - VAL-(msalm) >>  Mult_acc_2: 0.7610  Mult_acc_3: 0.6623  Mult_acc_5: 0.4035  F1_score: 0.7569  MAE: 0.4340  Corr: 0.5827  Loss: 0.4480 
2025-12-24 18:28:37,296 - MMSA [INFO] - TRAIN-(msalm) [1/11/1] >> loss: 0.4303  Mult_acc_2: 0.7873  Mult_acc_3: 0.6594  Mult_acc_5: 0.3670  F1_score: 0.7898  MAE: 0.4142  Corr: 0.6468  clm loss: 3.2475 total loss: 5.1555 bn loss: 0.4761 av loss: 0.467 text loss: 0.5346
2025-12-24 18:28:39,199 - MMSA [INFO] - VAL-(msalm) >>  Mult_acc_2: 0.7456  Mult_acc_3: 0.6316  Mult_acc_5: 0.3750  F1_score: 0.7461  MAE: 0.4378  Corr: 0.5767  Loss: 0.4413 
2025-12-24 18:28:46,139 - MMSA [INFO] - TRAIN-(msalm) [1/12/1] >> loss: 0.4214  Mult_acc_2: 0.7741  Mult_acc_3: 0.6718  Mult_acc_5: 0.3743  F1_score: 0.7761  MAE: 0.4102  Corr: 0.6483  clm loss: 3.2449 total loss: 5.1294 bn loss: 0.4703 av loss: 0.4597 text loss: 0.5331
2025-12-24 18:28:47,783 - MMSA [INFO] - VAL-(msalm) >>  Mult_acc_2: 0.6754  Mult_acc_3: 0.5921  Mult_acc_5: 0.3355  F1_score: 0.6871  MAE: 0.4588  Corr: 0.5828  Loss: 0.4738 
2025-12-24 18:28:53,791 - MMSA [INFO] - TRAIN-(msalm) [2/13/1] >> loss: 0.4195  Mult_acc_2: 0.8004  Mult_acc_3: 0.6652  Mult_acc_5: 0.3721  F1_score: 0.8015  MAE: 0.4011  Corr: 0.6688  clm loss: 3.185 total loss: 5.0125 bn loss: 0.4518 av loss: 0.4595 text loss: 0.4967
2025-12-24 18:28:55,350 - MMSA [INFO] - VAL-(msalm) >>  Mult_acc_2: 0.7412  Mult_acc_3: 0.6162  Mult_acc_5: 0.3706  F1_score: 0.7474  MAE: 0.4358  Corr: 0.6013  Loss: 0.4753 
2025-12-24 18:29:01,414 - MMSA [INFO] - TRAIN-(msalm) [3/14/1] >> loss: 0.4021  Mult_acc_2: 0.7873  Mult_acc_3: 0.6806  Mult_acc_5: 0.4079  F1_score: 0.7887  MAE: 0.3838  Corr: 0.6896  clm loss: 3.1652 total loss: 4.9669 bn loss: 0.4482 av loss: 0.4612 text loss: 0.4904
2025-12-24 18:29:03,035 - MMSA [INFO] - VAL-(msalm) >>  Mult_acc_2: 0.7215  Mult_acc_3: 0.6316  Mult_acc_5: 0.3925  F1_score: 0.7295  MAE: 0.4265  Corr: 0.6139  Loss: 0.4713 
2025-12-24 18:29:09,134 - MMSA [INFO] - TRAIN-(msalm) [4/15/1] >> loss: 0.4007  Mult_acc_2: 0.7909  Mult_acc_3: 0.6871  Mult_acc_5: 0.4028  F1_score: 0.7933  MAE: 0.3790  Corr: 0.6991  clm loss: 3.163 total loss: 4.9308 bn loss: 0.4365 av loss: 0.4574 text loss: 0.4732
2025-12-24 18:29:10,736 - MMSA [INFO] - VAL-(msalm) >>  Mult_acc_2: 0.7368  Mult_acc_3: 0.6404  Mult_acc_5: 0.3925  F1_score: 0.7454  MAE: 0.4238  Corr: 0.6222  Loss: 0.4697 
2025-12-24 18:29:16,792 - MMSA [INFO] - TRAIN-(msalm) [5/16/1] >> loss: 0.3831  Mult_acc_2: 0.8041  Mult_acc_3: 0.7054  Mult_acc_5: 0.4386  F1_score: 0.8068  MAE: 0.3654  Corr: 0.7220  clm loss: 3.14 total loss: 4.8726 bn loss: 0.4263 av loss: 0.4541 text loss: 0.4692
2025-12-24 18:29:18,432 - MMSA [INFO] - VAL-(msalm) >>  Mult_acc_2: 0.7456  Mult_acc_3: 0.6447  Mult_acc_5: 0.3991  F1_score: 0.7525  MAE: 0.4188  Corr: 0.6270  Loss: 0.4720 
2025-12-24 18:29:24,476 - MMSA [INFO] - TRAIN-(msalm) [6/17/1] >> loss: 0.3829  Mult_acc_2: 0.7968  Mult_acc_3: 0.6966  Mult_acc_5: 0.4035  F1_score: 0.7985  MAE: 0.3684  Corr: 0.7259  clm loss: 3.1097 total loss: 4.8417 bn loss: 0.4217 av loss: 0.4608 text loss: 0.4666
2025-12-24 18:29:26,104 - MMSA [INFO] - VAL-(msalm) >>  Mult_acc_2: 0.7763  Mult_acc_3: 0.6689  Mult_acc_5: 0.4057  F1_score: 0.7784  MAE: 0.4055  Corr: 0.6358  Loss: 0.4370 
2025-12-24 18:29:32,977 - MMSA [INFO] - TRAIN-(msalm) [1/18/1] >> loss: 0.3813  Mult_acc_2: 0.8194  Mult_acc_3: 0.7025  Mult_acc_5: 0.4181  F1_score: 0.8214  MAE: 0.3632  Corr: 0.7257  clm loss: 3.0994 total loss: 4.7773 bn loss: 0.3989 av loss: 0.4468 text loss: 0.4509
2025-12-24 18:29:34,624 - MMSA [INFO] - VAL-(msalm) >>  Mult_acc_2: 0.7588  Mult_acc_3: 0.6667  Mult_acc_5: 0.4254  F1_score: 0.7660  MAE: 0.4035  Corr: 0.6393  Loss: 0.4497 
2025-12-24 18:29:40,799 - MMSA [INFO] - TRAIN-(msalm) [2/19/1] >> loss: 0.3724  Mult_acc_2: 0.8041  Mult_acc_3: 0.6886  Mult_acc_5: 0.4159  F1_score: 0.8073  MAE: 0.3539  Corr: 0.7410  clm loss: 3.1215 total loss: 4.7998 bn loss: 0.4043 av loss: 0.4539 text loss: 0.4477
2025-12-24 18:29:42,495 - MMSA [INFO] - VAL-(msalm) >>  Mult_acc_2: 0.7588  Mult_acc_3: 0.6425  Mult_acc_5: 0.3991  F1_score: 0.7651  MAE: 0.4052  Corr: 0.6389  Loss: 0.4433 
2025-12-24 18:29:48,560 - MMSA [INFO] - TRAIN-(msalm) [3/20/1] >> loss: 0.3635  Mult_acc_2: 0.8129  Mult_acc_3: 0.7120  Mult_acc_5: 0.4430  F1_score: 0.8153  MAE: 0.3481  Corr: 0.7495  clm loss: 3.0607 total loss: 4.7365 bn loss: 0.3998 av loss: 0.4601 text loss: 0.4525
2025-12-24 18:29:50,173 - MMSA [INFO] - VAL-(msalm) >>  Mult_acc_2: 0.7654  Mult_acc_3: 0.6404  Mult_acc_5: 0.4101  F1_score: 0.7696  MAE: 0.4062  Corr: 0.6355  Loss: 0.4306 
2025-12-24 18:29:57,069 - MMSA [INFO] - TRAIN-(msalm) [1/21/1] >> loss: 0.3523  Mult_acc_2: 0.8165  Mult_acc_3: 0.7076  Mult_acc_5: 0.4525  F1_score: 0.8193  MAE: 0.3380  Corr: 0.7602  clm loss: 3.0074 total loss: 4.6262 bn loss: 0.3858 av loss: 0.4528 text loss: 0.4279
2025-12-24 18:29:58,639 - MMSA [INFO] - VAL-(msalm) >>  Mult_acc_2: 0.7807  Mult_acc_3: 0.6579  Mult_acc_5: 0.4232  F1_score: 0.7851  MAE: 0.3954  Corr: 0.6544  Loss: 0.4279 
2025-12-24 18:30:05,594 - MMSA [INFO] - TRAIN-(msalm) [1/22/1] >> loss: 0.3425  Mult_acc_2: 0.8231  Mult_acc_3: 0.7208  Mult_acc_5: 0.4854  F1_score: 0.8255  MAE: 0.3244  Corr: 0.7745  clm loss: 2.9785 total loss: 4.576 bn loss: 0.3755 av loss: 0.4493 text loss: 0.4302
2025-12-24 18:30:07,149 - MMSA [INFO] - VAL-(msalm) >>  Mult_acc_2: 0.7763  Mult_acc_3: 0.6667  Mult_acc_5: 0.4276  F1_score: 0.7805  MAE: 0.3957  Corr: 0.6558  Loss: 0.4291 
2025-12-24 18:30:13,210 - MMSA [INFO] - TRAIN-(msalm) [2/23/1] >> loss: 0.337  Mult_acc_2: 0.8151  Mult_acc_3: 0.7244  Mult_acc_5: 0.4846  F1_score: 0.8181  MAE: 0.3246  Corr: 0.7727  clm loss: 2.958 total loss: 4.5584 bn loss: 0.3749 av loss: 0.4584 text loss: 0.4301
2025-12-24 18:30:14,805 - MMSA [INFO] - VAL-(msalm) >>  Mult_acc_2: 0.7719  Mult_acc_3: 0.6842  Mult_acc_5: 0.4342  F1_score: 0.7768  MAE: 0.3950  Corr: 0.6599  Loss: 0.4302 
2025-12-24 18:30:20,891 - MMSA [INFO] - TRAIN-(msalm) [3/24/1] >> loss: 0.325  Mult_acc_2: 0.8224  Mult_acc_3: 0.7273  Mult_acc_5: 0.4839  F1_score: 0.8250  MAE: 0.3117  Corr: 0.7951  clm loss: 2.9863 total loss: 4.5493 bn loss: 0.3674 av loss: 0.4521 text loss: 0.4186
2025-12-24 18:30:22,475 - MMSA [INFO] - VAL-(msalm) >>  Mult_acc_2: 0.7763  Mult_acc_3: 0.6776  Mult_acc_5: 0.4232  F1_score: 0.7829  MAE: 0.3931  Corr: 0.6665  Loss: 0.4338 
2025-12-24 18:30:28,504 - MMSA [INFO] - TRAIN-(msalm) [4/25/1] >> loss: 0.3289  Mult_acc_2: 0.8304  Mult_acc_3: 0.7398  Mult_acc_5: 0.5073  F1_score: 0.8335  MAE: 0.3099  Corr: 0.7942  clm loss: 2.9156 total loss: 4.4594 bn loss: 0.3561 av loss: 0.4501 text loss: 0.4086
2025-12-24 18:30:30,126 - MMSA [INFO] - VAL-(msalm) >>  Mult_acc_2: 0.7785  Mult_acc_3: 0.6732  Mult_acc_5: 0.4232  F1_score: 0.7860  MAE: 0.3978  Corr: 0.6615  Loss: 0.4284 
2025-12-24 18:30:36,349 - MMSA [INFO] - TRAIN-(msalm) [5/26/1] >> loss: 0.3164  Mult_acc_2: 0.8363  Mult_acc_3: 0.7420  Mult_acc_5: 0.4963  F1_score: 0.8391  MAE: 0.3010  Corr: 0.8104  clm loss: 2.8733 total loss: 4.3865 bn loss: 0.3421 av loss: 0.4511 text loss: 0.4036
2025-12-24 18:30:38,017 - MMSA [INFO] - VAL-(msalm) >>  Mult_acc_2: 0.7873  Mult_acc_3: 0.6667  Mult_acc_5: 0.4035  F1_score: 0.7940  MAE: 0.3978  Corr: 0.6590  Loss: 0.4319 
2025-12-24 18:30:44,039 - MMSA [INFO] - TRAIN-(msalm) [6/27/1] >> loss: 0.3154  Mult_acc_2: 0.8509  Mult_acc_3: 0.7515  Mult_acc_5: 0.4846  F1_score: 0.8538  MAE: 0.3019  Corr: 0.8149  clm loss: 2.8867 total loss: 4.4077 bn loss: 0.3439 av loss: 0.4527 text loss: 0.409
2025-12-24 18:30:45,661 - MMSA [INFO] - VAL-(msalm) >>  Mult_acc_2: 0.7851  Mult_acc_3: 0.6645  Mult_acc_5: 0.4232  F1_score: 0.7907  MAE: 0.3908  Corr: 0.6634  Loss: 0.4291 
2025-12-24 18:30:51,677 - MMSA [INFO] - TRAIN-(msalm) [7/28/1] >> loss: 0.3108  Mult_acc_2: 0.8311  Mult_acc_3: 0.7412  Mult_acc_5: 0.5073  F1_score: 0.8345  MAE: 0.2921  Corr: 0.8223  clm loss: 2.8396 total loss: 4.3404 bn loss: 0.3344 av loss: 0.4454 text loss: 0.4101
2025-12-24 18:30:53,267 - MMSA [INFO] - VAL-(msalm) >>  Mult_acc_2: 0.8026  Mult_acc_3: 0.6886  Mult_acc_5: 0.4342  F1_score: 0.8048  MAE: 0.3889  Corr: 0.6634  Loss: 0.4224 
2025-12-24 18:31:00,142 - MMSA [INFO] - TRAIN-(msalm) [1/29/1] >> loss: 0.3024  Mult_acc_2: 0.8355  Mult_acc_3: 0.7551  Mult_acc_5: 0.5102  F1_score: 0.8389  MAE: 0.2862  Corr: 0.8278  clm loss: 2.8303 total loss: 4.3215 bn loss: 0.3366 av loss: 0.4509 text loss: 0.4013
2025-12-24 18:31:01,811 - MMSA [INFO] - VAL-(msalm) >>  Mult_acc_2: 0.8048  Mult_acc_3: 0.6754  Mult_acc_5: 0.4408  F1_score: 0.8083  MAE: 0.3876  Corr: 0.6654  Loss: 0.4151 
2025-12-24 18:31:08,749 - MMSA [INFO] - TRAIN-(msalm) [1/30/1] >> loss: 0.299  Mult_acc_2: 0.8428  Mult_acc_3: 0.7463  Mult_acc_5: 0.5409  F1_score: 0.8461  MAE: 0.2834  Corr: 0.8194  clm loss: 2.831 total loss: 4.3012 bn loss: 0.3292 av loss: 0.4507 text loss: 0.3914
2025-12-24 18:31:10,349 - MMSA [INFO] - VAL-(msalm) >>  Mult_acc_2: 0.7982  Mult_acc_3: 0.6754  Mult_acc_5: 0.4320  F1_score: 0.8028  MAE: 0.3878  Corr: 0.6681  Loss: 0.4143 
2025-12-24 18:31:17,251 - MMSA [INFO] - TRAIN-(msalm) [1/31/1] >> loss: 0.2825  Mult_acc_2: 0.8509  Mult_acc_3: 0.7734  Mult_acc_5: 0.5665  F1_score: 0.8540  MAE: 0.2638  Corr: 0.8449  clm loss: 2.7907 total loss: 4.2073 bn loss: 0.312 av loss: 0.446 text loss: 0.376
2025-12-24 18:31:18,893 - MMSA [INFO] - VAL-(msalm) >>  Mult_acc_2: 0.7763  Mult_acc_3: 0.6842  Mult_acc_5: 0.4386  F1_score: 0.7836  MAE: 0.3942  Corr: 0.6649  Loss: 0.4097 
2025-12-24 18:31:25,819 - MMSA [INFO] - TRAIN-(msalm) [1/32/1] >> loss: 0.2734  Mult_acc_2: 0.8538  Mult_acc_3: 0.7683  Mult_acc_5: 0.5548  F1_score: 0.8568  MAE: 0.2586  Corr: 0.8529  clm loss: 2.7591 total loss: 4.1401 bn loss: 0.3047 av loss: 0.4512 text loss: 0.3517
2025-12-24 18:31:27,510 - MMSA [INFO] - VAL-(msalm) >>  Mult_acc_2: 0.7697  Mult_acc_3: 0.6820  Mult_acc_5: 0.4079  F1_score: 0.7775  MAE: 0.3997  Corr: 0.6668  Loss: 0.4229 
2025-12-24 18:31:33,645 - MMSA [INFO] - TRAIN-(msalm) [2/33/1] >> loss: 0.2631  Mult_acc_2: 0.8604  Mult_acc_3: 0.7909  Mult_acc_5: 0.5899  F1_score: 0.8639  MAE: 0.2484  Corr: 0.8652  clm loss: 2.7482 total loss: 4.1054 bn loss: 0.3024 av loss: 0.4479 text loss: 0.3438
2025-12-24 18:31:35,209 - MMSA [INFO] - VAL-(msalm) >>  Mult_acc_2: 0.8026  Mult_acc_3: 0.6908  Mult_acc_5: 0.4167  F1_score: 0.8071  MAE: 0.3939  Corr: 0.6628  Loss: 0.4123 
2025-12-24 18:31:41,230 - MMSA [INFO] - TRAIN-(msalm) [3/34/1] >> loss: 0.253  Mult_acc_2: 0.8626  Mult_acc_3: 0.7902  Mult_acc_5: 0.5811  F1_score: 0.8649  MAE: 0.2423  Corr: 0.8738  clm loss: 2.677 total loss: 4.008 bn loss: 0.2973 av loss: 0.4406 text loss: 0.3401
2025-12-24 18:31:42,819 - MMSA [INFO] - VAL-(msalm) >>  Mult_acc_2: 0.8004  Mult_acc_3: 0.6820  Mult_acc_5: 0.4320  F1_score: 0.8065  MAE: 0.3919  Corr: 0.6655  Loss: 0.4049 
2025-12-24 18:31:49,655 - MMSA [INFO] - TRAIN-(msalm) [1/35/1] >> loss: 0.2593  Mult_acc_2: 0.8596  Mult_acc_3: 0.7756  Mult_acc_5: 0.5811  F1_score: 0.8628  MAE: 0.2411  Corr: 0.8714  clm loss: 2.6683 total loss: 3.9992 bn loss: 0.2869 av loss: 0.4447 text loss: 0.34
2025-12-24 18:31:51,218 - MMSA [INFO] - VAL-(msalm) >>  Mult_acc_2: 0.7785  Mult_acc_3: 0.6842  Mult_acc_5: 0.4298  F1_score: 0.7858  MAE: 0.3899  Corr: 0.6638  Loss: 0.4076 
2025-12-24 18:31:57,235 - MMSA [INFO] - TRAIN-(msalm) [2/36/1] >> loss: 0.2595  Mult_acc_2: 0.8443  Mult_acc_3: 0.7800  Mult_acc_5: 0.5819  F1_score: 0.8482  MAE: 0.2421  Corr: 0.8726  clm loss: 2.6463 total loss: 3.9795 bn loss: 0.2877 av loss: 0.4454 text loss: 0.3406
2025-12-24 18:31:58,801 - MMSA [INFO] - VAL-(msalm) >>  Mult_acc_2: 0.7588  Mult_acc_3: 0.6908  Mult_acc_5: 0.4189  F1_score: 0.7674  MAE: 0.4031  Corr: 0.6578  Loss: 0.4075 
2025-12-24 18:32:04,762 - MMSA [INFO] - TRAIN-(msalm) [3/37/1] >> loss: 0.2554  Mult_acc_2: 0.8721  Mult_acc_3: 0.7931  Mult_acc_5: 0.5782  F1_score: 0.8748  MAE: 0.2422  Corr: 0.8769  clm loss: 2.643 total loss: 3.9753 bn loss: 0.2957 av loss: 0.4429 text loss: 0.3383
2025-12-24 18:32:06,327 - MMSA [INFO] - VAL-(msalm) >>  Mult_acc_2: 0.7697  Mult_acc_3: 0.6820  Mult_acc_5: 0.4298  F1_score: 0.7781  MAE: 0.3982  Corr: 0.6606  Loss: 0.4131 
2025-12-24 18:32:12,326 - MMSA [INFO] - TRAIN-(msalm) [4/38/1] >> loss: 0.2315  Mult_acc_2: 0.8633  Mult_acc_3: 0.7909  Mult_acc_5: 0.6126  F1_score: 0.8666  MAE: 0.2190  Corr: 0.8955  clm loss: 2.6057 total loss: 3.8908 bn loss: 0.2779 av loss: 0.4465 text loss: 0.3291
2025-12-24 18:32:13,945 - MMSA [INFO] - VAL-(msalm) >>  Mult_acc_2: 0.7588  Mult_acc_3: 0.6754  Mult_acc_5: 0.4189  F1_score: 0.7674  MAE: 0.4021  Corr: 0.6575  Loss: 0.4145 
2025-12-24 18:32:19,945 - MMSA [INFO] - TRAIN-(msalm) [5/39/1] >> loss: 0.2376  Mult_acc_2: 0.8684  Mult_acc_3: 0.7997  Mult_acc_5: 0.6184  F1_score: 0.8712  MAE: 0.2205  Corr: 0.8959  clm loss: 2.6061 total loss: 3.8904 bn loss: 0.2733 av loss: 0.4463 text loss: 0.3271
2025-12-24 18:32:21,531 - MMSA [INFO] - VAL-(msalm) >>  Mult_acc_2: 0.7544  Mult_acc_3: 0.6798  Mult_acc_5: 0.4232  F1_score: 0.7629  MAE: 0.3944  Corr: 0.6592  Loss: 0.4181 
2025-12-24 18:32:27,651 - MMSA [INFO] - TRAIN-(msalm) [6/40/1] >> loss: 0.2313  Mult_acc_2: 0.8655  Mult_acc_3: 0.7880  Mult_acc_5: 0.6023  F1_score: 0.8683  MAE: 0.2138  Corr: 0.8989  clm loss: 2.5952 total loss: 3.8412 bn loss: 0.2549 av loss: 0.4464 text loss: 0.3134
2025-12-24 18:32:29,263 - MMSA [INFO] - VAL-(msalm) >>  Mult_acc_2: 0.7632  Mult_acc_3: 0.6732  Mult_acc_5: 0.4211  F1_score: 0.7703  MAE: 0.3973  Corr: 0.6521  Loss: 0.4108 
2025-12-24 18:32:35,199 - MMSA [INFO] - TRAIN-(msalm) [7/41/1] >> loss: 0.2198  Mult_acc_2: 0.8728  Mult_acc_3: 0.8056  Mult_acc_5: 0.6323  F1_score: 0.8756  MAE: 0.2047  Corr: 0.9049  clm loss: 2.5444 total loss: 3.7555 bn loss: 0.2487 av loss: 0.4389 text loss: 0.3037
2025-12-24 18:32:36,807 - MMSA [INFO] - VAL-(msalm) >>  Mult_acc_2: 0.7654  Mult_acc_3: 0.6842  Mult_acc_5: 0.4254  F1_score: 0.7719  MAE: 0.3953  Corr: 0.6539  Loss: 0.4007 
2025-12-24 18:32:43,686 - MMSA [INFO] - TRAIN-(msalm) [1/42/1] >> loss: 0.2255  Mult_acc_2: 0.8677  Mult_acc_3: 0.8034  Mult_acc_5: 0.6111  F1_score: 0.8709  MAE: 0.2131  Corr: 0.9032  clm loss: 2.5245 total loss: 3.7348 bn loss: 0.2432 av loss: 0.4448 text loss: 0.2967
2025-12-24 18:32:45,238 - MMSA [INFO] - VAL-(msalm) >>  Mult_acc_2: 0.7544  Mult_acc_3: 0.6732  Mult_acc_5: 0.4079  F1_score: 0.7629  MAE: 0.3985  Corr: 0.6578  Loss: 0.4093 
2025-12-24 18:32:51,222 - MMSA [INFO] - TRAIN-(msalm) [2/43/1] >> loss: 0.2216  Mult_acc_2: 0.8830  Mult_acc_3: 0.8099  Mult_acc_5: 0.6455  F1_score: 0.8856  MAE: 0.2060  Corr: 0.9060  clm loss: 2.5268 total loss: 3.7456 bn loss: 0.2533 av loss: 0.4453 text loss: 0.2986
2025-12-24 18:32:52,799 - MMSA [INFO] - VAL-(msalm) >>  Mult_acc_2: 0.7675  Mult_acc_3: 0.6798  Mult_acc_5: 0.4254  F1_score: 0.7739  MAE: 0.3963  Corr: 0.6534  Loss: 0.4142 
2025-12-24 18:32:58,776 - MMSA [INFO] - TRAIN-(msalm) [3/44/1] >> loss: 0.2052  Mult_acc_2: 0.8808  Mult_acc_3: 0.8165  Mult_acc_5: 0.6667  F1_score: 0.8837  MAE: 0.1894  Corr: 0.9232  clm loss: 2.4178 total loss: 3.5923 bn loss: 0.2404 av loss: 0.4415 text loss: 0.2875
2025-12-24 18:33:00,360 - MMSA [INFO] - VAL-(msalm) >>  Mult_acc_2: 0.7566  Mult_acc_3: 0.6798  Mult_acc_5: 0.4342  F1_score: 0.7646  MAE: 0.3946  Corr: 0.6606  Loss: 0.4098 
2025-12-24 18:33:06,383 - MMSA [INFO] - TRAIN-(msalm) [4/45/1] >> loss: 0.2071  Mult_acc_2: 0.8713  Mult_acc_3: 0.8180  Mult_acc_5: 0.6630  F1_score: 0.8747  MAE: 0.1899  Corr: 0.9194  clm loss: 2.4366 total loss: 3.6009 bn loss: 0.224 av loss: 0.4446 text loss: 0.2885
2025-12-24 18:33:07,971 - MMSA [INFO] - VAL-(msalm) >>  Mult_acc_2: 0.7456  Mult_acc_3: 0.6711  Mult_acc_5: 0.4232  F1_score: 0.7550  MAE: 0.3989  Corr: 0.6685  Loss: 0.4088 
2025-12-24 18:33:13,950 - MMSA [INFO] - TRAIN-(msalm) [5/46/1] >> loss: 0.2016  Mult_acc_2: 0.8728  Mult_acc_3: 0.8136  Mult_acc_5: 0.6557  F1_score: 0.8762  MAE: 0.1879  Corr: 0.9271  clm loss: 2.4161 total loss: 3.5592 bn loss: 0.2262 av loss: 0.4417 text loss: 0.2736
2025-12-24 18:33:15,568 - MMSA [INFO] - VAL-(msalm) >>  Mult_acc_2: 0.7566  Mult_acc_3: 0.6732  Mult_acc_5: 0.4189  F1_score: 0.7642  MAE: 0.3947  Corr: 0.6637  Loss: 0.4005 
2025-12-24 18:33:22,548 - MMSA [INFO] - TRAIN-(msalm) [1/47/1] >> loss: 0.2139  Mult_acc_2: 0.8648  Mult_acc_3: 0.8187  Mult_acc_5: 0.6477  F1_score: 0.8680  MAE: 0.2033  Corr: 0.9151  clm loss: 2.411 total loss: 3.5735 bn loss: 0.2295 av loss: 0.4527 text loss: 0.2664
2025-12-24 18:33:24,094 - MMSA [INFO] - VAL-(msalm) >>  Mult_acc_2: 0.7522  Mult_acc_3: 0.6667  Mult_acc_5: 0.4123  F1_score: 0.7596  MAE: 0.3938  Corr: 0.6593  Loss: 0.3962 
2025-12-24 18:33:30,931 - MMSA [INFO] - TRAIN-(msalm) [1/48/1] >> loss: 0.1958  Mult_acc_2: 0.8867  Mult_acc_3: 0.8246  Mult_acc_5: 0.6747  F1_score: 0.8895  MAE: 0.1802  Corr: 0.9325  clm loss: 2.3631 total loss: 3.4837 bn loss: 0.2236 av loss: 0.4363 text loss: 0.2649
2025-12-24 18:33:32,493 - MMSA [INFO] - VAL-(msalm) >>  Mult_acc_2: 0.7741  Mult_acc_3: 0.6776  Mult_acc_5: 0.4408  F1_score: 0.7799  MAE: 0.3845  Corr: 0.6694  Loss: 0.3882 
2025-12-24 18:33:39,329 - MMSA [INFO] - TRAIN-(msalm) [1/49/1] >> loss: 0.1994  Mult_acc_2: 0.8801  Mult_acc_3: 0.8121  Mult_acc_5: 0.6572  F1_score: 0.8829  MAE: 0.1795  Corr: 0.9291  clm loss: 2.3224 total loss: 3.4182 bn loss: 0.2077 av loss: 0.4383 text loss: 0.2505
2025-12-24 18:33:40,932 - MMSA [INFO] - VAL-(msalm) >>  Mult_acc_2: 0.7829  Mult_acc_3: 0.6732  Mult_acc_5: 0.4057  F1_score: 0.7879  MAE: 0.3915  Corr: 0.6669  Loss: 0.3930 
2025-12-24 18:33:46,905 - MMSA [INFO] - TRAIN-(msalm) [2/50/1] >> loss: 0.1881  Mult_acc_2: 0.8706  Mult_acc_3: 0.8260  Mult_acc_5: 0.6915  F1_score: 0.8742  MAE: 0.1739  Corr: 0.9370  clm loss: 2.3077 total loss: 3.4055 bn loss: 0.2123 av loss: 0.437 text loss: 0.2604
2025-12-24 18:33:48,486 - MMSA [INFO] - VAL-(msalm) >>  Mult_acc_2: 0.7829  Mult_acc_3: 0.6667  Mult_acc_5: 0.4189  F1_score: 0.7874  MAE: 0.3932  Corr: 0.6595  Loss: 0.4017 
2025-12-24 18:33:54,489 - MMSA [INFO] - TRAIN-(msalm) [3/51/1] >> loss: 0.2064  Mult_acc_2: 0.8860  Mult_acc_3: 0.8224  Mult_acc_5: 0.6513  F1_score: 0.8888  MAE: 0.1909  Corr: 0.9266  clm loss: 2.3187 total loss: 3.4562 bn loss: 0.2177 av loss: 0.4473 text loss: 0.2662
2025-12-24 18:33:56,068 - MMSA [INFO] - VAL-(msalm) >>  Mult_acc_2: 0.7675  Mult_acc_3: 0.6732  Mult_acc_5: 0.4430  F1_score: 0.7722  MAE: 0.3986  Corr: 0.6476  Loss: 0.4157 
2025-12-24 18:34:02,024 - MMSA [INFO] - TRAIN-(msalm) [4/52/1] >> loss: 0.2002  Mult_acc_2: 0.8735  Mult_acc_3: 0.8165  Mult_acc_5: 0.6594  F1_score: 0.8769  MAE: 0.1857  Corr: 0.9331  clm loss: 2.2543 total loss: 3.3312 bn loss: 0.1986 av loss: 0.4348 text loss: 0.2434
2025-12-24 18:34:03,618 - MMSA [INFO] - VAL-(msalm) >>  Mult_acc_2: 0.7697  Mult_acc_3: 0.6667  Mult_acc_5: 0.4298  F1_score: 0.7754  MAE: 0.3912  Corr: 0.6600  Loss: 0.4042 
2025-12-24 18:34:09,611 - MMSA [INFO] - TRAIN-(msalm) [5/53/1] >> loss: 0.1789  Mult_acc_2: 0.8867  Mult_acc_3: 0.8436  Mult_acc_5: 0.7010  F1_score: 0.8896  MAE: 0.1624  Corr: 0.9426  clm loss: 2.2796 total loss: 3.3549 bn loss: 0.1988 av loss: 0.4356 text loss: 0.262
2025-12-24 18:34:11,362 - MMSA [INFO] - VAL-(msalm) >>  Mult_acc_2: 0.7610  Mult_acc_3: 0.6689  Mult_acc_5: 0.4211  F1_score: 0.7683  MAE: 0.3912  Corr: 0.6644  Loss: 0.3933 
2025-12-24 18:34:17,614 - MMSA [INFO] - TRAIN-(msalm) [6/54/1] >> loss: 0.1766  Mult_acc_2: 0.8801  Mult_acc_3: 0.8333  Mult_acc_5: 0.7083  F1_score: 0.8831  MAE: 0.1604  Corr: 0.9456  clm loss: 2.2321 total loss: 3.2936 bn loss: 0.1975 av loss: 0.4391 text loss: 0.2482
2025-12-24 18:34:19,209 - MMSA [INFO] - VAL-(msalm) >>  Mult_acc_2: 0.7807  Mult_acc_3: 0.6776  Mult_acc_5: 0.4539  F1_score: 0.7838  MAE: 0.3930  Corr: 0.6569  Loss: 0.3920 
2025-12-24 18:34:25,202 - MMSA [INFO] - TRAIN-(msalm) [7/55/1] >> loss: 0.1736  Mult_acc_2: 0.8977  Mult_acc_3: 0.8297  Mult_acc_5: 0.6952  F1_score: 0.9000  MAE: 0.1601  Corr: 0.9481  clm loss: 2.1731 total loss: 3.1965 bn loss: 0.1852 av loss: 0.4324 text loss: 0.2322
2025-12-24 18:34:26,758 - MMSA [INFO] - VAL-(msalm) >>  Mult_acc_2: 0.7675  Mult_acc_3: 0.6711  Mult_acc_5: 0.4254  F1_score: 0.7736  MAE: 0.3925  Corr: 0.6561  Loss: 0.4011 
2025-12-24 18:34:32,767 - MMSA [INFO] - TRAIN-(msalm) [8/56/1] >> loss: 0.1784  Mult_acc_2: 0.8918  Mult_acc_3: 0.8414  Mult_acc_5: 0.7149  F1_score: 0.8946  MAE: 0.1614  Corr: 0.9438  clm loss: 2.1778 total loss: 3.209 bn loss: 0.1824 av loss: 0.4336 text loss: 0.2368
2025-12-24 18:34:34,317 - MMSA [INFO] - VAL-(msalm) >>  Mult_acc_2: 0.7588  Mult_acc_3: 0.6557  Mult_acc_5: 0.4232  F1_score: 0.7663  MAE: 0.3926  Corr: 0.6636  Loss: 0.3881 
2025-12-24 18:34:41,140 - MMSA [INFO] - TRAIN-(msalm) [1/57/1] >> loss: 0.1778  Mult_acc_2: 0.8808  Mult_acc_3: 0.8428  Mult_acc_5: 0.7039  F1_score: 0.8841  MAE: 0.1624  Corr: 0.9438  clm loss: 2.1851 total loss: 3.2332 bn loss: 0.1872 av loss: 0.4468 text loss: 0.2362
2025-12-24 18:34:42,729 - MMSA [INFO] - VAL-(msalm) >>  Mult_acc_2: 0.7610  Mult_acc_3: 0.6535  Mult_acc_5: 0.4167  F1_score: 0.7671  MAE: 0.3890  Corr: 0.6659  Loss: 0.3926 
2025-12-24 18:34:48,706 - MMSA [INFO] - TRAIN-(msalm) [2/58/1] >> loss: 0.1653  Mult_acc_2: 0.9020  Mult_acc_3: 0.8487  Mult_acc_5: 0.7288  F1_score: 0.9043  MAE: 0.1517  Corr: 0.9515  clm loss: 2.1737 total loss: 3.1902 bn loss: 0.1782 av loss: 0.4297 text loss: 0.2433
2025-12-24 18:34:50,278 - MMSA [INFO] - VAL-(msalm) >>  Mult_acc_2: 0.7588  Mult_acc_3: 0.6645  Mult_acc_5: 0.4254  F1_score: 0.7653  MAE: 0.3912  Corr: 0.6627  Loss: 0.3910 
2025-12-24 18:34:56,234 - MMSA [INFO] - TRAIN-(msalm) [3/59/1] >> loss: 0.1725  Mult_acc_2: 0.8918  Mult_acc_3: 0.8385  Mult_acc_5: 0.7171  F1_score: 0.8946  MAE: 0.1579  Corr: 0.9484  clm loss: 2.1372 total loss: 3.1472 bn loss: 0.1814 av loss: 0.434 text loss: 0.2222
2025-12-24 18:34:57,797 - MMSA [INFO] - VAL-(msalm) >>  Mult_acc_2: 0.7632  Mult_acc_3: 0.6513  Mult_acc_5: 0.3991  F1_score: 0.7691  MAE: 0.3931  Corr: 0.6625  Loss: 0.3919 
2025-12-24 18:35:03,798 - MMSA [INFO] - TRAIN-(msalm) [4/60/1] >> loss: 0.1706  Mult_acc_2: 0.8969  Mult_acc_3: 0.8348  Mult_acc_5: 0.7018  F1_score: 0.8996  MAE: 0.1558  Corr: 0.9494  clm loss: 2.0848 total loss: 3.1138 bn loss: 0.1797 av loss: 0.4382 text loss: 0.2405
2025-12-24 18:35:05,388 - MMSA [INFO] - VAL-(msalm) >>  Mult_acc_2: 0.7544  Mult_acc_3: 0.6623  Mult_acc_5: 0.4254  F1_score: 0.7608  MAE: 0.3944  Corr: 0.6568  Loss: 0.4115 
2025-12-24 18:35:11,527 - MMSA [INFO] - TRAIN-(msalm) [5/61/1] >> loss: 0.1726  Mult_acc_2: 0.8801  Mult_acc_3: 0.8472  Mult_acc_5: 0.7237  F1_score: 0.8835  MAE: 0.1587  Corr: 0.9502  clm loss: 2.0801 total loss: 3.0946 bn loss: 0.1785 av loss: 0.4336 text loss: 0.2298
2025-12-24 18:35:13,108 - MMSA [INFO] - VAL-(msalm) >>  Mult_acc_2: 0.7500  Mult_acc_3: 0.6601  Mult_acc_5: 0.4276  F1_score: 0.7575  MAE: 0.3920  Corr: 0.6634  Loss: 0.3995 
2025-12-24 18:35:19,111 - MMSA [INFO] - TRAIN-(msalm) [6/62/1] >> loss: 0.1708  Mult_acc_2: 0.8969  Mult_acc_3: 0.8399  Mult_acc_5: 0.7230  F1_score: 0.8994  MAE: 0.1556  Corr: 0.9513  clm loss: 2.0948 total loss: 3.091 bn loss: 0.1763 av loss: 0.4254 text loss: 0.2237
2025-12-24 18:35:20,655 - MMSA [INFO] - VAL-(msalm) >>  Mult_acc_2: 0.7522  Mult_acc_3: 0.6557  Mult_acc_5: 0.3991  F1_score: 0.7610  MAE: 0.3954  Corr: 0.6704  Loss: 0.3900 
2025-12-24 18:35:26,624 - MMSA [INFO] - TRAIN-(msalm) [7/63/1] >> loss: 0.1734  Mult_acc_2: 0.8823  Mult_acc_3: 0.8326  Mult_acc_5: 0.7025  F1_score: 0.8851  MAE: 0.1566  Corr: 0.9473  clm loss: 2.0734 total loss: 3.0963 bn loss: 0.1859 av loss: 0.4393 text loss: 0.2243
2025-12-24 18:35:28,202 - MMSA [INFO] - VAL-(msalm) >>  Mult_acc_2: 0.7697  Mult_acc_3: 0.6732  Mult_acc_5: 0.4320  F1_score: 0.7759  MAE: 0.3895  Corr: 0.6658  Loss: 0.3912 
2025-12-24 18:35:34,145 - MMSA [INFO] - TRAIN-(msalm) [8/64/1] >> loss: 0.1717  Mult_acc_2: 0.8830  Mult_acc_3: 0.8326  Mult_acc_5: 0.7142  F1_score: 0.8860  MAE: 0.1577  Corr: 0.9478  clm loss: 2.0244 total loss: 3.0216 bn loss: 0.1739 av loss: 0.4361 text loss: 0.2154
2025-12-24 18:35:35,730 - MMSA [INFO] - VAL-(msalm) >>  Mult_acc_2: 0.7719  Mult_acc_3: 0.6798  Mult_acc_5: 0.4386  F1_score: 0.7771  MAE: 0.3870  Corr: 0.6652  Loss: 0.3886 
2025-12-24 18:35:41,744 - MMSA [INFO] - TRAIN-(msalm) [9/65/1] >> loss: 0.1714  Mult_acc_2: 0.8816  Mult_acc_3: 0.8377  Mult_acc_5: 0.7164  F1_score: 0.8849  MAE: 0.1527  Corr: 0.9516  clm loss: 2.0397 total loss: 3.05 bn loss: 0.1699 av loss: 0.4424 text loss: 0.2266
2025-12-24 18:35:43,329 - MMSA [INFO] - VAL-(msalm) >>  Mult_acc_2: 0.7566  Mult_acc_3: 0.6711  Mult_acc_5: 0.4298  F1_score: 0.7633  MAE: 0.3894  Corr: 0.6641  Loss: 0.4030 
2025-12-24 18:35:49,323 - MMSA [INFO] - TRAIN-(msalm) [10/66/1] >> loss: 0.1649  Mult_acc_2: 0.8969  Mult_acc_3: 0.8494  Mult_acc_5: 0.7164  F1_score: 0.8995  MAE: 0.1484  Corr: 0.9528  clm loss: 2.0353 total loss: 3.0383 bn loss: 0.1695 av loss: 0.4411 text loss: 0.2275
2025-12-24 18:35:50,921 - MMSA [INFO] - VAL-(msalm) >>  Mult_acc_2: 0.7500  Mult_acc_3: 0.6513  Mult_acc_5: 0.4035  F1_score: 0.7588  MAE: 0.3986  Corr: 0.6659  Loss: 0.4070 
2025-12-24 18:35:52,828 - MMSA [INFO] - TEST-(msalm) >>  Mult_acc_2: 0.8184  Mult_acc_3: 0.7090  Mult_acc_5: 0.4880  F1_score: 0.8228  MAE: 0.3649  Corr: 0.7021  Loss: 0.3818 
2025-12-24 18:35:54,084 - MMSA [INFO] - Result for seed 1990: {'Mult_acc_2': 0.8184, 'Mult_acc_3': 0.709, 'Mult_acc_5': 0.488, 'F1_score': 0.8228, 'MAE': 0.3649, 'Corr': 0.7021, 'Loss': 0.3818, 'seed': 1990}
2025-12-24 18:35:54,086 - MMSA [INFO] - ------------------------------ Running with seed 1991 [2/5] ------------------------------
2025-12-24 18:37:06,234 - MMSA [INFO] - The model has 143941027 trainable parameters
2025-12-24 18:37:12,214 - MMSA [INFO] - TRAIN-(msalm) [1/1/2] >> loss: 0.7237  Mult_acc_2: 0.4327  Mult_acc_3: 0.3224  Mult_acc_5: 0.1652  F1_score: 0.4392  MAE: 0.7232  Corr: -0.0298  clm loss: 7.6159 total loss: 10.9071 bn loss: 0.9575 av loss: 0.688 text loss: 0.922
2025-12-24 18:37:13,761 - MMSA [INFO] - VAL-(msalm) >>  Mult_acc_2: 0.5044  Mult_acc_3: 0.3531  Mult_acc_5: 0.1601  F1_score: 0.5212  MAE: 0.6475  Corr: 0.1061  Loss: 0.6512 
2025-12-24 18:37:20,668 - MMSA [INFO] - TRAIN-(msalm) [1/2/2] >> loss: 0.6488  Mult_acc_2: 0.5022  Mult_acc_3: 0.3955  Mult_acc_5: 0.1966  F1_score: 0.5107  MAE: 0.6479  Corr: 0.2019  clm loss: 6.4102 total loss: 9.2545 bn loss: 0.7715 av loss: 0.6359 text loss: 0.7882
2025-12-24 18:37:22,284 - MMSA [INFO] - VAL-(msalm) >>  Mult_acc_2: 0.4978  Mult_acc_3: 0.3662  Mult_acc_5: 0.1469  F1_score: 0.5030  MAE: 0.6286  Corr: 0.2686  Loss: 0.6359 
2025-12-24 18:37:29,190 - MMSA [INFO] - TRAIN-(msalm) [1/3/2] >> loss: 0.6017  Mult_acc_2: 0.5651  Mult_acc_3: 0.4664  Mult_acc_5: 0.2215  F1_score: 0.5781  MAE: 0.5994  Corr: 0.3585  clm loss: 5.2211 total loss: 7.7398 bn loss: 0.6544 av loss: 0.5953 text loss: 0.6673
2025-12-24 18:37:30,790 - MMSA [INFO] - VAL-(msalm) >>  Mult_acc_2: 0.5373  Mult_acc_3: 0.4232  Mult_acc_5: 0.1952  F1_score: 0.5464  MAE: 0.6009  Corr: 0.3756  Loss: 0.6101 
2025-12-24 18:37:37,751 - MMSA [INFO] - TRAIN-(msalm) [1/4/2] >> loss: 0.5571  Mult_acc_2: 0.6067  Mult_acc_3: 0.5102  Mult_acc_5: 0.2712  F1_score: 0.6191  MAE: 0.5497  Corr: 0.4705  clm loss: 4.4687 total loss: 6.8088 bn loss: 0.6004 av loss: 0.5728 text loss: 0.6098
2025-12-24 18:37:39,376 - MMSA [INFO] - VAL-(msalm) >>  Mult_acc_2: 0.6557  Mult_acc_3: 0.5461  Mult_acc_5: 0.2829  F1_score: 0.6687  MAE: 0.5279  Corr: 0.4651  Loss: 0.5419 
2025-12-24 18:37:46,313 - MMSA [INFO] - TRAIN-(msalm) [1/5/2] >> loss: 0.5334  Mult_acc_2: 0.6630  Mult_acc_3: 0.5716  Mult_acc_5: 0.3012  F1_score: 0.6761  MAE: 0.5101  Corr: 0.5406  clm loss: 4.0565 total loss: 6.3068 bn loss: 0.567 av loss: 0.5497 text loss: 0.6003
2025-12-24 18:37:47,900 - MMSA [INFO] - VAL-(msalm) >>  Mult_acc_2: 0.6711  Mult_acc_3: 0.5636  Mult_acc_5: 0.3355  F1_score: 0.6797  MAE: 0.5206  Corr: 0.4748  Loss: 0.5737 
2025-12-24 18:37:53,997 - MMSA [INFO] - TRAIN-(msalm) [2/6/2] >> loss: 0.5204  Mult_acc_2: 0.6725  Mult_acc_3: 0.5709  Mult_acc_5: 0.3238  F1_score: 0.6853  MAE: 0.4932  Corr: 0.5521  clm loss: 3.7537 total loss: 5.8812 bn loss: 0.5233 av loss: 0.5207 text loss: 0.5631
2025-12-24 18:37:55,643 - MMSA [INFO] - VAL-(msalm) >>  Mult_acc_2: 0.6601  Mult_acc_3: 0.5724  Mult_acc_5: 0.3136  F1_score: 0.6735  MAE: 0.5220  Corr: 0.5011  Loss: 0.5521 
2025-12-24 18:38:01,756 - MMSA [INFO] - TRAIN-(msalm) [3/7/2] >> loss: 0.4981  Mult_acc_2: 0.7076  Mult_acc_3: 0.5789  Mult_acc_5: 0.3085  F1_score: 0.7184  MAE: 0.4851  Corr: 0.5561  clm loss: 3.5998 total loss: 5.6911 bn loss: 0.5142 av loss: 0.5093 text loss: 0.5697
2025-12-24 18:38:03,360 - MMSA [INFO] - VAL-(msalm) >>  Mult_acc_2: 0.7368  Mult_acc_3: 0.6162  Mult_acc_5: 0.3465  F1_score: 0.7352  MAE: 0.4662  Corr: 0.5398  Loss: 0.4864 
2025-12-24 18:38:10,385 - MMSA [INFO] - TRAIN-(msalm) [1/8/2] >> loss: 0.4742  Mult_acc_2: 0.7054  Mult_acc_3: 0.6184  Mult_acc_5: 0.3216  F1_score: 0.7164  MAE: 0.4669  Corr: 0.5809  clm loss: 3.4261 total loss: 5.4435 bn loss: 0.5025 av loss: 0.4961 text loss: 0.5446
2025-12-24 18:38:12,342 - MMSA [INFO] - VAL-(msalm) >>  Mult_acc_2: 0.7061  Mult_acc_3: 0.6053  Mult_acc_5: 0.3509  F1_score: 0.7141  MAE: 0.4710  Corr: 0.5419  Loss: 0.4908 
2025-12-24 18:38:18,441 - MMSA [INFO] - TRAIN-(msalm) [2/9/2] >> loss: 0.4719  Mult_acc_2: 0.7266  Mult_acc_3: 0.6294  Mult_acc_5: 0.3406  F1_score: 0.7363  MAE: 0.4577  Corr: 0.6060  clm loss: 3.3672 total loss: 5.3748 bn loss: 0.5077 av loss: 0.4881 text loss: 0.5399
2025-12-24 18:38:20,158 - MMSA [INFO] - VAL-(msalm) >>  Mult_acc_2: 0.7368  Mult_acc_3: 0.5987  Mult_acc_5: 0.3465  F1_score: 0.7410  MAE: 0.4684  Corr: 0.5460  Loss: 0.5003 
2025-12-24 18:38:26,402 - MMSA [INFO] - TRAIN-(msalm) [3/10/2] >> loss: 0.4669  Mult_acc_2: 0.7200  Mult_acc_3: 0.6272  Mult_acc_5: 0.3648  F1_score: 0.7302  MAE: 0.4472  Corr: 0.6012  clm loss: 3.2889 total loss: 5.2636 bn loss: 0.4941 av loss: 0.4782 text loss: 0.5354
2025-12-24 18:38:28,036 - MMSA [INFO] - VAL-(msalm) >>  Mult_acc_2: 0.7171  Mult_acc_3: 0.6096  Mult_acc_5: 0.3640  F1_score: 0.7260  MAE: 0.4482  Corr: 0.5675  Loss: 0.4811 
2025-12-24 18:38:34,994 - MMSA [INFO] - TRAIN-(msalm) [1/11/2] >> loss: 0.4487  Mult_acc_2: 0.7383  Mult_acc_3: 0.6308  Mult_acc_5: 0.3640  F1_score: 0.7467  MAE: 0.4291  Corr: 0.6200  clm loss: 3.2582 total loss: 5.22 bn loss: 0.4984 av loss: 0.4784 text loss: 0.5364
2025-12-24 18:38:36,594 - MMSA [INFO] - VAL-(msalm) >>  Mult_acc_2: 0.7149  Mult_acc_3: 0.6031  Mult_acc_5: 0.3596  F1_score: 0.7250  MAE: 0.4486  Corr: 0.5913  Loss: 0.4683 
2025-12-24 18:38:43,573 - MMSA [INFO] - TRAIN-(msalm) [1/12/2] >> loss: 0.435  Mult_acc_2: 0.7705  Mult_acc_3: 0.6425  Mult_acc_5: 0.3655  F1_score: 0.7761  MAE: 0.4201  Corr: 0.6428  clm loss: 3.2467 total loss: 5.1787 bn loss: 0.4919 av loss: 0.4706 text loss: 0.5345
2025-12-24 18:38:45,133 - MMSA [INFO] - VAL-(msalm) >>  Mult_acc_2: 0.6776  Mult_acc_3: 0.6031  Mult_acc_5: 0.3465  F1_score: 0.6904  MAE: 0.4536  Corr: 0.6006  Loss: 0.4623 
2025-12-24 18:38:52,020 - MMSA [INFO] - TRAIN-(msalm) [1/13/2] >> loss: 0.4197  Mult_acc_2: 0.7756  Mult_acc_3: 0.6542  Mult_acc_5: 0.3765  F1_score: 0.7811  MAE: 0.4082  Corr: 0.6627  clm loss: 3.196 total loss: 5.091 bn loss: 0.4854 av loss: 0.4746 text loss: 0.5152
2025-12-24 18:38:53,766 - MMSA [INFO] - VAL-(msalm) >>  Mult_acc_2: 0.7412  Mult_acc_3: 0.6294  Mult_acc_5: 0.3684  F1_score: 0.7468  MAE: 0.4195  Corr: 0.6138  Loss: 0.4446 
2025-12-24 18:39:00,782 - MMSA [INFO] - TRAIN-(msalm) [1/14/2] >> loss: 0.4227  Mult_acc_2: 0.7661  Mult_acc_3: 0.6572  Mult_acc_5: 0.3925  F1_score: 0.7718  MAE: 0.3987  Corr: 0.6632  clm loss: 3.1949 total loss: 5.0818 bn loss: 0.4696 av loss: 0.4715 text loss: 0.5231
2025-12-24 18:39:02,737 - MMSA [INFO] - VAL-(msalm) >>  Mult_acc_2: 0.7675  Mult_acc_3: 0.6360  Mult_acc_5: 0.3947  F1_score: 0.7697  MAE: 0.4193  Corr: 0.6118  Loss: 0.4600 
2025-12-24 18:39:08,880 - MMSA [INFO] - TRAIN-(msalm) [2/15/2] >> loss: 0.4072  Mult_acc_2: 0.7895  Mult_acc_3: 0.6864  Mult_acc_5: 0.4086  F1_score: 0.7943  MAE: 0.3852  Corr: 0.6959  clm loss: 3.1825 total loss: 4.9991 bn loss: 0.4582 av loss: 0.46 text loss: 0.4912
2025-12-24 18:39:10,472 - MMSA [INFO] - VAL-(msalm) >>  Mult_acc_2: 0.7522  Mult_acc_3: 0.6294  Mult_acc_5: 0.3772  F1_score: 0.7577  MAE: 0.4168  Corr: 0.6173  Loss: 0.4364 
2025-12-24 18:39:17,487 - MMSA [INFO] - TRAIN-(msalm) [1/16/2] >> loss: 0.3977  Mult_acc_2: 0.7953  Mult_acc_3: 0.6754  Mult_acc_5: 0.3882  F1_score: 0.7994  MAE: 0.3815  Corr: 0.7042  clm loss: 3.1447 total loss: 4.9312 bn loss: 0.4446 av loss: 0.4634 text loss: 0.4808
2025-12-24 18:39:19,115 - MMSA [INFO] - VAL-(msalm) >>  Mult_acc_2: 0.7675  Mult_acc_3: 0.6206  Mult_acc_5: 0.3728  F1_score: 0.7716  MAE: 0.4129  Corr: 0.6223  Loss: 0.4261 
2025-12-24 18:39:26,160 - MMSA [INFO] - TRAIN-(msalm) [1/17/2] >> loss: 0.403  Mult_acc_2: 0.7909  Mult_acc_3: 0.6732  Mult_acc_5: 0.3999  F1_score: 0.7951  MAE: 0.3883  Corr: 0.6887  clm loss: 3.1158 total loss: 4.8865 bn loss: 0.4402 av loss: 0.4561 text loss: 0.4713
2025-12-24 18:39:27,786 - MMSA [INFO] - VAL-(msalm) >>  Mult_acc_2: 0.7719  Mult_acc_3: 0.6360  Mult_acc_5: 0.3860  F1_score: 0.7748  MAE: 0.4043  Corr: 0.6341  Loss: 0.4293 
2025-12-24 18:39:33,889 - MMSA [INFO] - TRAIN-(msalm) [2/18/2] >> loss: 0.3799  Mult_acc_2: 0.8004  Mult_acc_3: 0.7039  Mult_acc_5: 0.4415  F1_score: 0.8041  MAE: 0.3582  Corr: 0.7299  clm loss: 3.0896 total loss: 4.8397 bn loss: 0.4393 av loss: 0.4623 text loss: 0.4687
2025-12-24 18:39:35,535 - MMSA [INFO] - VAL-(msalm) >>  Mult_acc_2: 0.7697  Mult_acc_3: 0.6623  Mult_acc_5: 0.4232  F1_score: 0.7756  MAE: 0.3978  Corr: 0.6501  Loss: 0.4451 
2025-12-24 18:39:41,661 - MMSA [INFO] - TRAIN-(msalm) [3/19/2] >> loss: 0.3749  Mult_acc_2: 0.8121  Mult_acc_3: 0.7098  Mult_acc_5: 0.4240  F1_score: 0.8162  MAE: 0.3532  Corr: 0.7471  clm loss: 3.0813 total loss: 4.8112 bn loss: 0.4131 av loss: 0.4546 text loss: 0.4872
2025-12-24 18:39:43,230 - MMSA [INFO] - VAL-(msalm) >>  Mult_acc_2: 0.8136  Mult_acc_3: 0.6579  Mult_acc_5: 0.4101  F1_score: 0.8138  MAE: 0.3986  Corr: 0.6562  Loss: 0.4375 
2025-12-24 18:39:49,336 - MMSA [INFO] - TRAIN-(msalm) [4/20/2] >> loss: 0.361  Mult_acc_2: 0.8341  Mult_acc_3: 0.7222  Mult_acc_5: 0.4554  F1_score: 0.8362  MAE: 0.3449  Corr: 0.7597  clm loss: 3.0691 total loss: 4.75 bn loss: 0.4105 av loss: 0.455 text loss: 0.4546
2025-12-24 18:39:50,941 - MMSA [INFO] - VAL-(msalm) >>  Mult_acc_2: 0.8004  Mult_acc_3: 0.6491  Mult_acc_5: 0.4035  F1_score: 0.8006  MAE: 0.3963  Corr: 0.6548  Loss: 0.4357 
2025-12-24 18:39:57,030 - MMSA [INFO] - TRAIN-(msalm) [5/21/2] >> loss: 0.3548  Mult_acc_2: 0.8151  Mult_acc_3: 0.7113  Mult_acc_5: 0.4678  F1_score: 0.8177  MAE: 0.3384  Corr: 0.7582  clm loss: 3.0237 total loss: 4.6602 bn loss: 0.4001 av loss: 0.4554 text loss: 0.4263
2025-12-24 18:39:58,627 - MMSA [INFO] - VAL-(msalm) >>  Mult_acc_2: 0.7961  Mult_acc_3: 0.6776  Mult_acc_5: 0.4386  F1_score: 0.7985  MAE: 0.3893  Corr: 0.6565  Loss: 0.4280 
2025-12-24 18:40:04,848 - MMSA [INFO] - TRAIN-(msalm) [6/22/2] >> loss: 0.3504  Mult_acc_2: 0.8231  Mult_acc_3: 0.7244  Mult_acc_5: 0.4700  F1_score: 0.8265  MAE: 0.3273  Corr: 0.7696  clm loss: 3.0098 total loss: 4.646 bn loss: 0.3983 av loss: 0.4524 text loss: 0.435
2025-12-24 18:40:06,460 - MMSA [INFO] - VAL-(msalm) >>  Mult_acc_2: 0.7303  Mult_acc_3: 0.6404  Mult_acc_5: 0.4013  F1_score: 0.7409  MAE: 0.4161  Corr: 0.6567  Loss: 0.4383 
2025-12-24 18:40:12,585 - MMSA [INFO] - TRAIN-(msalm) [7/23/2] >> loss: 0.3481  Mult_acc_2: 0.8136  Mult_acc_3: 0.7368  Mult_acc_5: 0.4715  F1_score: 0.8166  MAE: 0.3330  Corr: 0.7703  clm loss: 2.9845 total loss: 4.6002 bn loss: 0.393 av loss: 0.4551 text loss: 0.4195
2025-12-24 18:40:14,180 - MMSA [INFO] - VAL-(msalm) >>  Mult_acc_2: 0.8004  Mult_acc_3: 0.6886  Mult_acc_5: 0.4276  F1_score: 0.8021  MAE: 0.3926  Corr: 0.6560  Loss: 0.4337 
2025-12-24 18:40:20,271 - MMSA [INFO] - TRAIN-(msalm) [8/24/2] >> loss: 0.342  Mult_acc_2: 0.8311  Mult_acc_3: 0.7376  Mult_acc_5: 0.4963  F1_score: 0.8333  MAE: 0.3192  Corr: 0.7777  clm loss: 2.9713 total loss: 4.5931 bn loss: 0.3911 av loss: 0.4574 text loss: 0.4312
2025-12-24 18:40:21,864 - MMSA [INFO] - VAL-(msalm) >>  Mult_acc_2: 0.7390  Mult_acc_3: 0.6667  Mult_acc_5: 0.4101  F1_score: 0.7491  MAE: 0.4055  Corr: 0.6560  Loss: 0.4444 
2025-12-24 18:40:27,935 - MMSA [INFO] - TRAIN-(msalm) [9/25/2] >> loss: 0.3353  Mult_acc_2: 0.8253  Mult_acc_3: 0.7390  Mult_acc_5: 0.4664  F1_score: 0.8279  MAE: 0.3153  Corr: 0.7951  clm loss: 2.9524 total loss: 4.5596 bn loss: 0.371 av loss: 0.4598 text loss: 0.4412
2025-12-24 18:40:29,553 - MMSA [INFO] - VAL-(msalm) >>  Mult_acc_2: 0.7303  Mult_acc_3: 0.6579  Mult_acc_5: 0.3969  F1_score: 0.7409  MAE: 0.4100  Corr: 0.6601  Loss: 0.4298 
2025-12-24 18:40:35,634 - MMSA [INFO] - TRAIN-(msalm) [10/26/2] >> loss: 0.3114  Mult_acc_2: 0.8406  Mult_acc_3: 0.7463  Mult_acc_5: 0.5037  F1_score: 0.8437  MAE: 0.2967  Corr: 0.8186  clm loss: 2.9028 total loss: 4.4345 bn loss: 0.3613 av loss: 0.4515 text loss: 0.4075
2025-12-24 18:40:37,323 - MMSA [INFO] - VAL-(msalm) >>  Mult_acc_2: 0.8004  Mult_acc_3: 0.6952  Mult_acc_5: 0.4364  F1_score: 0.8058  MAE: 0.3898  Corr: 0.6638  Loss: 0.4109 
2025-12-24 18:40:44,274 - MMSA [INFO] - TRAIN-(msalm) [1/27/2] >> loss: 0.311  Mult_acc_2: 0.8494  Mult_acc_3: 0.7544  Mult_acc_5: 0.5117  F1_score: 0.8518  MAE: 0.2920  Corr: 0.8143  clm loss: 2.8927 total loss: 4.4312 bn loss: 0.3638 av loss: 0.4533 text loss: 0.4104
2025-12-24 18:40:45,956 - MMSA [INFO] - VAL-(msalm) >>  Mult_acc_2: 0.7807  Mult_acc_3: 0.6689  Mult_acc_5: 0.4145  F1_score: 0.7871  MAE: 0.3962  Corr: 0.6546  Loss: 0.4088 
2025-12-24 18:40:52,912 - MMSA [INFO] - TRAIN-(msalm) [1/28/2] >> loss: 0.316  Mult_acc_2: 0.8392  Mult_acc_3: 0.7485  Mult_acc_5: 0.4949  F1_score: 0.8420  MAE: 0.3004  Corr: 0.8161  clm loss: 2.8973 total loss: 4.4147 bn loss: 0.3552 av loss: 0.4534 text loss: 0.3928
2025-12-24 18:40:54,576 - MMSA [INFO] - VAL-(msalm) >>  Mult_acc_2: 0.7807  Mult_acc_3: 0.6886  Mult_acc_5: 0.4364  F1_score: 0.7879  MAE: 0.3983  Corr: 0.6552  Loss: 0.4028 
2025-12-24 18:41:01,629 - MMSA [INFO] - TRAIN-(msalm) [1/29/2] >> loss: 0.2961  Mult_acc_2: 0.8553  Mult_acc_3: 0.7588  Mult_acc_5: 0.5263  F1_score: 0.8581  MAE: 0.2813  Corr: 0.8379  clm loss: 2.8469 total loss: 4.3054 bn loss: 0.3321 av loss: 0.4474 text loss: 0.3829
2025-12-24 18:41:03,277 - MMSA [INFO] - VAL-(msalm) >>  Mult_acc_2: 0.7939  Mult_acc_3: 0.6667  Mult_acc_5: 0.4101  F1_score: 0.7985  MAE: 0.3940  Corr: 0.6543  Loss: 0.4153 
2025-12-24 18:41:09,392 - MMSA [INFO] - TRAIN-(msalm) [2/30/2] >> loss: 0.2951  Mult_acc_2: 0.8443  Mult_acc_3: 0.7580  Mult_acc_5: 0.5241  F1_score: 0.8478  MAE: 0.2797  Corr: 0.8412  clm loss: 2.8382 total loss: 4.3058 bn loss: 0.3397 av loss: 0.4597 text loss: 0.3732
2025-12-24 18:41:10,962 - MMSA [INFO] - VAL-(msalm) >>  Mult_acc_2: 0.8114  Mult_acc_3: 0.6645  Mult_acc_5: 0.3947  F1_score: 0.8121  MAE: 0.4012  Corr: 0.6483  Loss: 0.4103 
2025-12-24 18:41:17,011 - MMSA [INFO] - TRAIN-(msalm) [3/31/2] >> loss: 0.2765  Mult_acc_2: 0.8509  Mult_acc_3: 0.7734  Mult_acc_5: 0.5431  F1_score: 0.8538  MAE: 0.2610  Corr: 0.8582  clm loss: 2.8212 total loss: 4.2395 bn loss: 0.3314 av loss: 0.4454 text loss: 0.3649
2025-12-24 18:41:18,597 - MMSA [INFO] - VAL-(msalm) >>  Mult_acc_2: 0.7741  Mult_acc_3: 0.6776  Mult_acc_5: 0.4298  F1_score: 0.7808  MAE: 0.3976  Corr: 0.6500  Loss: 0.4165 
2025-12-24 18:41:24,696 - MMSA [INFO] - TRAIN-(msalm) [4/32/2] >> loss: 0.2842  Mult_acc_2: 0.8582  Mult_acc_3: 0.7624  Mult_acc_5: 0.5336  F1_score: 0.8609  MAE: 0.2668  Corr: 0.8462  clm loss: 2.7702 total loss: 4.2203 bn loss: 0.3278 av loss: 0.4546 text loss: 0.3833
2025-12-24 18:41:26,391 - MMSA [INFO] - VAL-(msalm) >>  Mult_acc_2: 0.7434  Mult_acc_3: 0.6425  Mult_acc_5: 0.3882  F1_score: 0.7533  MAE: 0.4214  Corr: 0.6425  Loss: 0.4221 
2025-12-24 18:41:32,453 - MMSA [INFO] - TRAIN-(msalm) [5/33/2] >> loss: 0.2692  Mult_acc_2: 0.8553  Mult_acc_3: 0.7756  Mult_acc_5: 0.5680  F1_score: 0.8584  MAE: 0.2516  Corr: 0.8643  clm loss: 2.7844 total loss: 4.2138 bn loss: 0.3363 av loss: 0.4447 text loss: 0.3792
2025-12-24 18:41:34,032 - MMSA [INFO] - VAL-(msalm) >>  Mult_acc_2: 0.7544  Mult_acc_3: 0.6579  Mult_acc_5: 0.3860  F1_score: 0.7628  MAE: 0.4161  Corr: 0.6335  Loss: 0.4391 
2025-12-24 18:41:40,124 - MMSA [INFO] - TRAIN-(msalm) [6/34/2] >> loss: 0.25  Mult_acc_2: 0.8516  Mult_acc_3: 0.7865  Mult_acc_5: 0.5943  F1_score: 0.8555  MAE: 0.2303  Corr: 0.8817  clm loss: 2.7326 total loss: 4.0856 bn loss: 0.3117 av loss: 0.444 text loss: 0.3472
2025-12-24 18:41:41,745 - MMSA [INFO] - VAL-(msalm) >>  Mult_acc_2: 0.7588  Mult_acc_3: 0.6623  Mult_acc_5: 0.4123  F1_score: 0.7673  MAE: 0.4114  Corr: 0.6411  Loss: 0.4262 
2025-12-24 18:41:47,834 - MMSA [INFO] - TRAIN-(msalm) [7/35/2] >> loss: 0.2636  Mult_acc_2: 0.8655  Mult_acc_3: 0.7887  Mult_acc_5: 0.5819  F1_score: 0.8683  MAE: 0.2459  Corr: 0.8731  clm loss: 2.7373 total loss: 4.1016 bn loss: 0.3073 av loss: 0.4491 text loss: 0.3443
2025-12-24 18:41:49,449 - MMSA [INFO] - VAL-(msalm) >>  Mult_acc_2: 0.7719  Mult_acc_3: 0.6579  Mult_acc_5: 0.3947  F1_score: 0.7784  MAE: 0.4095  Corr: 0.6385  Loss: 0.4240 
2025-12-24 18:41:55,674 - MMSA [INFO] - TRAIN-(msalm) [8/36/2] >> loss: 0.2571  Mult_acc_2: 0.8589  Mult_acc_3: 0.7865  Mult_acc_5: 0.5943  F1_score: 0.8620  MAE: 0.2393  Corr: 0.8808  clm loss: 2.6909 total loss: 4.0421 bn loss: 0.3038 av loss: 0.4537 text loss: 0.3368
2025-12-24 18:41:57,343 - MMSA [INFO] - VAL-(msalm) >>  Mult_acc_2: 0.7807  Mult_acc_3: 0.6711  Mult_acc_5: 0.4167  F1_score: 0.7835  MAE: 0.4018  Corr: 0.6407  Loss: 0.4170 
2025-12-24 18:42:03,411 - MMSA [INFO] - TRAIN-(msalm) [9/37/2] >> loss: 0.2432  Mult_acc_2: 0.8808  Mult_acc_3: 0.8004  Mult_acc_5: 0.6075  F1_score: 0.8838  MAE: 0.2223  Corr: 0.8965  clm loss: 2.6658 total loss: 3.9704 bn loss: 0.2818 av loss: 0.4502 text loss: 0.3295
2025-12-24 18:42:05,028 - MMSA [INFO] - VAL-(msalm) >>  Mult_acc_2: 0.7632  Mult_acc_3: 0.6732  Mult_acc_5: 0.4123  F1_score: 0.7701  MAE: 0.4027  Corr: 0.6420  Loss: 0.4231 
2025-12-24 18:42:11,128 - MMSA [INFO] - TRAIN-(msalm) [10/38/2] >> loss: 0.2373  Mult_acc_2: 0.8699  Mult_acc_3: 0.7931  Mult_acc_5: 0.6038  F1_score: 0.8729  MAE: 0.2165  Corr: 0.8996  clm loss: 2.6551 total loss: 3.957 bn loss: 0.2895 av loss: 0.4492 text loss: 0.3259
2025-12-24 18:42:12,837 - MMSA [INFO] - VAL-(msalm) >>  Mult_acc_2: 0.7675  Mult_acc_3: 0.6732  Mult_acc_5: 0.4276  F1_score: 0.7746  MAE: 0.4038  Corr: 0.6454  Loss: 0.4120 
2025-12-24 18:42:14,791 - MMSA [INFO] - TEST-(msalm) >>  Mult_acc_2: 0.8162  Mult_acc_3: 0.6827  Mult_acc_5: 0.4354  F1_score: 0.8203  MAE: 0.3748  Corr: 0.7079  Loss: 0.3995 
2025-12-24 18:42:16,063 - MMSA [INFO] - Result for seed 1991: {'Mult_acc_2': 0.8162, 'Mult_acc_3': 0.6827, 'Mult_acc_5': 0.4354, 'F1_score': 0.8203, 'MAE': 0.3748, 'Corr': 0.7079, 'Loss': 0.3995, 'seed': 1991}
2025-12-24 18:42:16,065 - MMSA [INFO] - ------------------------------ Running with seed 1992 [3/5] ------------------------------
2025-12-24 18:43:30,156 - MMSA [INFO] - The model has 143941027 trainable parameters
2025-12-24 18:43:36,237 - MMSA [INFO] - TRAIN-(msalm) [1/1/3] >> loss: 0.681  Mult_acc_2: 0.6506  Mult_acc_3: 0.4744  Mult_acc_5: 0.2332  F1_score: 0.5779  MAE: 0.6693  Corr: -0.0529  clm loss: 7.5807 total loss: 11.0445 bn loss: 1.1801 av loss: 0.63 text loss: 0.9727
2025-12-24 18:43:37,811 - MMSA [INFO] - VAL-(msalm) >>  Mult_acc_2: 0.6754  Mult_acc_3: 0.5000  Mult_acc_5: 0.2522  F1_score: 0.5780  MAE: 0.6564  Corr: 0.0062  Loss: 0.6595 
2025-12-24 18:43:44,906 - MMSA [INFO] - TRAIN-(msalm) [1/2/3] >> loss: 0.6229  Mult_acc_2: 0.6754  Mult_acc_3: 0.5000  Mult_acc_5: 0.2463  F1_score: 0.6199  MAE: 0.6107  Corr: 0.1461  clm loss: 6.5693 total loss: 9.5029 bn loss: 0.8884 av loss: 0.6023 text loss: 0.82
2025-12-24 18:43:46,467 - MMSA [INFO] - VAL-(msalm) >>  Mult_acc_2: 0.6798  Mult_acc_3: 0.4934  Mult_acc_5: 0.2193  F1_score: 0.6187  MAE: 0.5749  Corr: 0.2412  Loss: 0.5938 
2025-12-24 18:43:53,436 - MMSA [INFO] - TRAIN-(msalm) [1/3/3] >> loss: 0.5592  Mult_acc_2: 0.6930  Mult_acc_3: 0.5351  Mult_acc_5: 0.2814  F1_score: 0.6559  MAE: 0.5497  Corr: 0.3247  clm loss: 5.4016 total loss: 7.9774 bn loss: 0.7274 av loss: 0.5716 text loss: 0.7177
2025-12-24 18:43:55,003 - MMSA [INFO] - VAL-(msalm) >>  Mult_acc_2: 0.6820  Mult_acc_3: 0.5110  Mult_acc_5: 0.2171  F1_score: 0.6594  MAE: 0.5456  Corr: 0.3365  Loss: 0.5432 
2025-12-24 18:44:01,954 - MMSA [INFO] - TRAIN-(msalm) [1/4/3] >> loss: 0.5341  Mult_acc_2: 0.7105  Mult_acc_3: 0.5534  Mult_acc_5: 0.2968  F1_score: 0.6888  MAE: 0.5149  Corr: 0.4344  clm loss: 4.696 total loss: 7.0721 bn loss: 0.6349 av loss: 0.5501 text loss: 0.657
2025-12-24 18:44:03,629 - MMSA [INFO] - VAL-(msalm) >>  Mult_acc_2: 0.7018  Mult_acc_3: 0.5439  Mult_acc_5: 0.2873  F1_score: 0.6948  MAE: 0.5074  Corr: 0.4614  Loss: 0.5050 
2025-12-24 18:44:10,628 - MMSA [INFO] - TRAIN-(msalm) [1/5/3] >> loss: 0.5248  Mult_acc_2: 0.7325  Mult_acc_3: 0.5914  Mult_acc_5: 0.3194  F1_score: 0.7245  MAE: 0.4964  Corr: 0.4891  clm loss: 4.1927 total loss: 6.443 bn loss: 0.5817 av loss: 0.5217 text loss: 0.6222
2025-12-24 18:44:12,218 - MMSA [INFO] - VAL-(msalm) >>  Mult_acc_2: 0.7171  Mult_acc_3: 0.5921  Mult_acc_5: 0.3202  F1_score: 0.7237  MAE: 0.4860  Corr: 0.5190  Loss: 0.5244 
2025-12-24 18:44:18,286 - MMSA [INFO] - TRAIN-(msalm) [2/6/3] >> loss: 0.5073  Mult_acc_2: 0.7537  Mult_acc_3: 0.6257  Mult_acc_5: 0.3509  F1_score: 0.7499  MAE: 0.4802  Corr: 0.5218  clm loss: 3.9071 total loss: 6.0753 bn loss: 0.5502 av loss: 0.5069 text loss: 0.6038
2025-12-24 18:44:19,979 - MMSA [INFO] - VAL-(msalm) >>  Mult_acc_2: 0.7390  Mult_acc_3: 0.6096  Mult_acc_5: 0.3487  F1_score: 0.7417  MAE: 0.4688  Corr: 0.5385  Loss: 0.5050 
2025-12-24 18:44:26,072 - MMSA [INFO] - TRAIN-(msalm) [3/7/3] >> loss: 0.4917  Mult_acc_2: 0.7544  Mult_acc_3: 0.6126  Mult_acc_5: 0.3121  F1_score: 0.7497  MAE: 0.4713  Corr: 0.5421  clm loss: 3.7075 total loss: 5.8222 bn loss: 0.541 av loss: 0.4979 text loss: 0.5841
2025-12-24 18:44:27,690 - MMSA [INFO] - VAL-(msalm) >>  Mult_acc_2: 0.7083  Mult_acc_3: 0.6031  Mult_acc_5: 0.3202  F1_score: 0.7182  MAE: 0.4772  Corr: 0.5634  Loss: 0.4952 
2025-12-24 18:44:34,844 - MMSA [INFO] - TRAIN-(msalm) [1/8/3] >> loss: 0.4646  Mult_acc_2: 0.7778  Mult_acc_3: 0.6477  Mult_acc_5: 0.3421  F1_score: 0.7757  MAE: 0.4504  Corr: 0.5885  clm loss: 3.5696 total loss: 5.6034 bn loss: 0.5194 av loss: 0.486 text loss: 0.5637
2025-12-24 18:44:36,441 - MMSA [INFO] - VAL-(msalm) >>  Mult_acc_2: 0.7061  Mult_acc_3: 0.6118  Mult_acc_5: 0.3618  F1_score: 0.7144  MAE: 0.4542  Corr: 0.5896  Loss: 0.4727 
2025-12-24 18:44:43,391 - MMSA [INFO] - TRAIN-(msalm) [1/9/3] >> loss: 0.4582  Mult_acc_2: 0.7807  Mult_acc_3: 0.6440  Mult_acc_5: 0.3472  F1_score: 0.7796  MAE: 0.4412  Corr: 0.5936  clm loss: 3.4263 total loss: 5.4366 bn loss: 0.5121 av loss: 0.4771 text loss: 0.5629
2025-12-24 18:44:45,063 - MMSA [INFO] - VAL-(msalm) >>  Mult_acc_2: 0.7412  Mult_acc_3: 0.6250  Mult_acc_5: 0.3750  F1_score: 0.7422  MAE: 0.4442  Corr: 0.5950  Loss: 0.4548 
2025-12-24 18:44:52,018 - MMSA [INFO] - TRAIN-(msalm) [1/10/3] >> loss: 0.452  Mult_acc_2: 0.7675  Mult_acc_3: 0.6433  Mult_acc_5: 0.3662  F1_score: 0.7675  MAE: 0.4392  Corr: 0.5970  clm loss: 3.3427 total loss: 5.3217 bn loss: 0.501 av loss: 0.4717 text loss: 0.5544
2025-12-24 18:44:53,607 - MMSA [INFO] - VAL-(msalm) >>  Mult_acc_2: 0.7456  Mult_acc_3: 0.6404  Mult_acc_5: 0.3465  F1_score: 0.7466  MAE: 0.4399  Corr: 0.6019  Loss: 0.4560 
2025-12-24 18:44:59,635 - MMSA [INFO] - TRAIN-(msalm) [2/11/3] >> loss: 0.4226  Mult_acc_2: 0.7800  Mult_acc_3: 0.6608  Mult_acc_5: 0.4020  F1_score: 0.7817  MAE: 0.4040  Corr: 0.6468  clm loss: 3.2526 total loss: 5.174 bn loss: 0.5057 av loss: 0.4647 text loss: 0.5284
2025-12-24 18:45:01,223 - MMSA [INFO] - VAL-(msalm) >>  Mult_acc_2: 0.7346  Mult_acc_3: 0.6294  Mult_acc_5: 0.3596  F1_score: 0.7401  MAE: 0.4383  Corr: 0.6102  Loss: 0.4630 
2025-12-24 18:45:07,319 - MMSA [INFO] - TRAIN-(msalm) [3/12/3] >> loss: 0.437  Mult_acc_2: 0.7690  Mult_acc_3: 0.6542  Mult_acc_5: 0.4042  F1_score: 0.7710  MAE: 0.4107  Corr: 0.6437  clm loss: 3.2585 total loss: 5.2153 bn loss: 0.5118 av loss: 0.4672 text loss: 0.5408
2025-12-24 18:45:08,898 - MMSA [INFO] - VAL-(msalm) >>  Mult_acc_2: 0.7346  Mult_acc_3: 0.6272  Mult_acc_5: 0.3750  F1_score: 0.7428  MAE: 0.4337  Corr: 0.6219  Loss: 0.4631 
2025-12-24 18:45:15,001 - MMSA [INFO] - TRAIN-(msalm) [4/13/3] >> loss: 0.4321  Mult_acc_2: 0.7792  Mult_acc_3: 0.6572  Mult_acc_5: 0.3823  F1_score: 0.7801  MAE: 0.4119  Corr: 0.6452  clm loss: 3.2218 total loss: 5.1552 bn loss: 0.5196 av loss: 0.4629 text loss: 0.5188
2025-12-24 18:45:16,621 - MMSA [INFO] - VAL-(msalm) >>  Mult_acc_2: 0.7961  Mult_acc_3: 0.6601  Mult_acc_5: 0.3882  F1_score: 0.7945  MAE: 0.4097  Corr: 0.6403  Loss: 0.4350 
2025-12-24 18:45:23,627 - MMSA [INFO] - TRAIN-(msalm) [1/14/3] >> loss: 0.4155  Mult_acc_2: 0.7917  Mult_acc_3: 0.6718  Mult_acc_5: 0.3999  F1_score: 0.7935  MAE: 0.3986  Corr: 0.6651  clm loss: 3.1785 total loss: 5.0591 bn loss: 0.4814 av loss: 0.4693 text loss: 0.5144
2025-12-24 18:45:25,607 - MMSA [INFO] - VAL-(msalm) >>  Mult_acc_2: 0.7917  Mult_acc_3: 0.6689  Mult_acc_5: 0.4123  F1_score: 0.7853  MAE: 0.4158  Corr: 0.6330  Loss: 0.4696 
2025-12-24 18:45:31,710 - MMSA [INFO] - TRAIN-(msalm) [2/15/3] >> loss: 0.4215  Mult_acc_2: 0.7865  Mult_acc_3: 0.6637  Mult_acc_5: 0.3787  F1_score: 0.7886  MAE: 0.4042  Corr: 0.6612  clm loss: 3.1837 total loss: 5.042 bn loss: 0.4767 av loss: 0.4651 text loss: 0.4949
2025-12-24 18:45:33,310 - MMSA [INFO] - VAL-(msalm) >>  Mult_acc_2: 0.7917  Mult_acc_3: 0.6601  Mult_acc_5: 0.4079  F1_score: 0.7876  MAE: 0.4188  Corr: 0.6232  Loss: 0.4365 
2025-12-24 18:45:39,397 - MMSA [INFO] - TRAIN-(msalm) [3/16/3] >> loss: 0.4079  Mult_acc_2: 0.8034  Mult_acc_3: 0.6747  Mult_acc_5: 0.3816  F1_score: 0.8039  MAE: 0.3923  Corr: 0.6903  clm loss: 3.1418 total loss: 4.9652 bn loss: 0.4629 av loss: 0.4615 text loss: 0.4911
2025-12-24 18:45:41,020 - MMSA [INFO] - VAL-(msalm) >>  Mult_acc_2: 0.7961  Mult_acc_3: 0.6557  Mult_acc_5: 0.4232  F1_score: 0.7945  MAE: 0.4074  Corr: 0.6445  Loss: 0.4381 
2025-12-24 18:45:47,081 - MMSA [INFO] - TRAIN-(msalm) [4/17/3] >> loss: 0.3929  Mult_acc_2: 0.7997  Mult_acc_3: 0.7018  Mult_acc_5: 0.4254  F1_score: 0.8023  MAE: 0.3704  Corr: 0.7167  clm loss: 3.1012 total loss: 4.8708 bn loss: 0.4537 av loss: 0.461 text loss: 0.4619
2025-12-24 18:45:48,705 - MMSA [INFO] - VAL-(msalm) >>  Mult_acc_2: 0.7807  Mult_acc_3: 0.6754  Mult_acc_5: 0.4232  F1_score: 0.7831  MAE: 0.3920  Corr: 0.6588  Loss: 0.4287 
2025-12-24 18:45:55,643 - MMSA [INFO] - TRAIN-(msalm) [1/18/3] >> loss: 0.3746  Mult_acc_2: 0.8158  Mult_acc_3: 0.6886  Mult_acc_5: 0.4181  F1_score: 0.8167  MAE: 0.3585  Corr: 0.7294  clm loss: 3.1234 total loss: 4.8668 bn loss: 0.445 av loss: 0.458 text loss: 0.4658
2025-12-24 18:45:57,268 - MMSA [INFO] - VAL-(msalm) >>  Mult_acc_2: 0.8004  Mult_acc_3: 0.6842  Mult_acc_5: 0.4232  F1_score: 0.8014  MAE: 0.3888  Corr: 0.6657  Loss: 0.4135 
2025-12-24 18:46:04,237 - MMSA [INFO] - TRAIN-(msalm) [1/19/3] >> loss: 0.3748  Mult_acc_2: 0.8143  Mult_acc_3: 0.6923  Mult_acc_5: 0.4152  F1_score: 0.8166  MAE: 0.3549  Corr: 0.7441  clm loss: 3.0784 total loss: 4.7959 bn loss: 0.4223 av loss: 0.4518 text loss: 0.4687
2025-12-24 18:46:05,810 - MMSA [INFO] - VAL-(msalm) >>  Mult_acc_2: 0.8202  Mult_acc_3: 0.7018  Mult_acc_5: 0.4539  F1_score: 0.8190  MAE: 0.3883  Corr: 0.6739  Loss: 0.4211 
2025-12-24 18:46:11,870 - MMSA [INFO] - TRAIN-(msalm) [2/20/3] >> loss: 0.3718  Mult_acc_2: 0.8121  Mult_acc_3: 0.7032  Mult_acc_5: 0.4401  F1_score: 0.8148  MAE: 0.3509  Corr: 0.7385  clm loss: 3.0431 total loss: 4.7426 bn loss: 0.4124 av loss: 0.4519 text loss: 0.4634
2025-12-24 18:46:13,499 - MMSA [INFO] - VAL-(msalm) >>  Mult_acc_2: 0.7807  Mult_acc_3: 0.6820  Mult_acc_5: 0.4298  F1_score: 0.7859  MAE: 0.3886  Corr: 0.6707  Loss: 0.4124 
2025-12-24 18:46:20,635 - MMSA [INFO] - TRAIN-(msalm) [1/21/3] >> loss: 0.3584  Mult_acc_2: 0.8268  Mult_acc_3: 0.7251  Mult_acc_5: 0.4452  F1_score: 0.8282  MAE: 0.3432  Corr: 0.7579  clm loss: 3.0271 total loss: 4.7117 bn loss: 0.4078 av loss: 0.4565 text loss: 0.462
2025-12-24 18:46:22,215 - MMSA [INFO] - VAL-(msalm) >>  Mult_acc_2: 0.7807  Mult_acc_3: 0.6623  Mult_acc_5: 0.4189  F1_score: 0.7857  MAE: 0.3910  Corr: 0.6683  Loss: 0.3978 
2025-12-24 18:46:29,147 - MMSA [INFO] - TRAIN-(msalm) [1/22/3] >> loss: 0.3493  Mult_acc_2: 0.8297  Mult_acc_3: 0.7295  Mult_acc_5: 0.4708  F1_score: 0.8319  MAE: 0.3335  Corr: 0.7724  clm loss: 2.9939 total loss: 4.6466 bn loss: 0.399 av loss: 0.4575 text loss: 0.447
2025-12-24 18:46:30,753 - MMSA [INFO] - VAL-(msalm) >>  Mult_acc_2: 0.7785  Mult_acc_3: 0.6754  Mult_acc_5: 0.4276  F1_score: 0.7825  MAE: 0.3884  Corr: 0.6666  Loss: 0.4120 
2025-12-24 18:46:36,822 - MMSA [INFO] - TRAIN-(msalm) [2/23/3] >> loss: 0.3511  Mult_acc_2: 0.8238  Mult_acc_3: 0.7186  Mult_acc_5: 0.4686  F1_score: 0.8262  MAE: 0.3328  Corr: 0.7663  clm loss: 2.9911 total loss: 4.6557 bn loss: 0.4015 av loss: 0.4566 text loss: 0.4554
2025-12-24 18:46:38,406 - MMSA [INFO] - VAL-(msalm) >>  Mult_acc_2: 0.7873  Mult_acc_3: 0.6776  Mult_acc_5: 0.4298  F1_score: 0.7925  MAE: 0.3878  Corr: 0.6713  Loss: 0.4087 
2025-12-24 18:46:44,516 - MMSA [INFO] - TRAIN-(msalm) [3/24/3] >> loss: 0.3481  Mult_acc_2: 0.8260  Mult_acc_3: 0.7281  Mult_acc_5: 0.4671  F1_score: 0.8278  MAE: 0.3274  Corr: 0.7766  clm loss: 2.953 total loss: 4.5785 bn loss: 0.3928 av loss: 0.4476 text loss: 0.437
2025-12-24 18:46:46,116 - MMSA [INFO] - VAL-(msalm) >>  Mult_acc_2: 0.7785  Mult_acc_3: 0.6776  Mult_acc_5: 0.4232  F1_score: 0.7839  MAE: 0.3907  Corr: 0.6673  Loss: 0.4174 
2025-12-24 18:46:52,174 - MMSA [INFO] - TRAIN-(msalm) [4/25/3] >> loss: 0.3289  Mult_acc_2: 0.8333  Mult_acc_3: 0.7303  Mult_acc_5: 0.4832  F1_score: 0.8361  MAE: 0.3123  Corr: 0.7897  clm loss: 2.9182 total loss: 4.4936 bn loss: 0.3706 av loss: 0.4528 text loss: 0.4231
2025-12-24 18:46:53,770 - MMSA [INFO] - VAL-(msalm) >>  Mult_acc_2: 0.7939  Mult_acc_3: 0.6798  Mult_acc_5: 0.4145  F1_score: 0.7977  MAE: 0.3938  Corr: 0.6642  Loss: 0.4138 
2025-12-24 18:46:59,869 - MMSA [INFO] - TRAIN-(msalm) [5/26/3] >> loss: 0.3213  Mult_acc_2: 0.8560  Mult_acc_3: 0.7456  Mult_acc_5: 0.4839  F1_score: 0.8587  MAE: 0.3022  Corr: 0.8153  clm loss: 2.9208 total loss: 4.4686 bn loss: 0.359 av loss: 0.4559 text loss: 0.4115
2025-12-24 18:47:01,454 - MMSA [INFO] - VAL-(msalm) >>  Mult_acc_2: 0.8070  Mult_acc_3: 0.6776  Mult_acc_5: 0.4189  F1_score: 0.8098  MAE: 0.3907  Corr: 0.6668  Loss: 0.4194 
2025-12-24 18:47:07,480 - MMSA [INFO] - TRAIN-(msalm) [6/27/3] >> loss: 0.3045  Mult_acc_2: 0.8428  Mult_acc_3: 0.7602  Mult_acc_5: 0.5197  F1_score: 0.8451  MAE: 0.2891  Corr: 0.8223  clm loss: 2.8712 total loss: 4.3756 bn loss: 0.3569 av loss: 0.4543 text loss: 0.3887
2025-12-24 18:47:09,103 - MMSA [INFO] - VAL-(msalm) >>  Mult_acc_2: 0.8004  Mult_acc_3: 0.6864  Mult_acc_5: 0.4298  F1_score: 0.8040  MAE: 0.3884  Corr: 0.6674  Loss: 0.4023 
2025-12-24 18:47:15,173 - MMSA [INFO] - TRAIN-(msalm) [7/28/3] >> loss: 0.3063  Mult_acc_2: 0.8253  Mult_acc_3: 0.7339  Mult_acc_5: 0.5102  F1_score: 0.8289  MAE: 0.2893  Corr: 0.8167  clm loss: 2.8826 total loss: 4.378 bn loss: 0.3529 av loss: 0.4481 text loss: 0.3882
2025-12-24 18:47:16,982 - MMSA [INFO] - VAL-(msalm) >>  Mult_acc_2: 0.7829  Mult_acc_3: 0.6820  Mult_acc_5: 0.4386  F1_score: 0.7893  MAE: 0.3845  Corr: 0.6703  Loss: 0.4058 
2025-12-24 18:47:23,050 - MMSA [INFO] - TRAIN-(msalm) [8/29/3] >> loss: 0.2953  Mult_acc_2: 0.8428  Mult_acc_3: 0.7566  Mult_acc_5: 0.5110  F1_score: 0.8457  MAE: 0.2798  Corr: 0.8361  clm loss: 2.8517 total loss: 4.333 bn loss: 0.3462 av loss: 0.4518 text loss: 0.388
2025-12-24 18:47:24,739 - MMSA [INFO] - VAL-(msalm) >>  Mult_acc_2: 0.8114  Mult_acc_3: 0.6667  Mult_acc_5: 0.4298  F1_score: 0.8138  MAE: 0.3917  Corr: 0.6705  Loss: 0.3957 
2025-12-24 18:47:31,702 - MMSA [INFO] - TRAIN-(msalm) [1/30/3] >> loss: 0.2957  Mult_acc_2: 0.8377  Mult_acc_3: 0.7566  Mult_acc_5: 0.5102  F1_score: 0.8404  MAE: 0.2833  Corr: 0.8321  clm loss: 2.8271 total loss: 4.3002 bn loss: 0.351 av loss: 0.4503 text loss: 0.3762
2025-12-24 18:47:33,312 - MMSA [INFO] - VAL-(msalm) >>  Mult_acc_2: 0.8004  Mult_acc_3: 0.6776  Mult_acc_5: 0.4386  F1_score: 0.8051  MAE: 0.3865  Corr: 0.6669  Loss: 0.4119 
2025-12-24 18:47:39,346 - MMSA [INFO] - TRAIN-(msalm) [2/31/3] >> loss: 0.2798  Mult_acc_2: 0.8523  Mult_acc_3: 0.7741  Mult_acc_5: 0.5482  F1_score: 0.8553  MAE: 0.2631  Corr: 0.8529  clm loss: 2.7936 total loss: 4.2253 bn loss: 0.3332 av loss: 0.4427 text loss: 0.376
2025-12-24 18:47:40,930 - MMSA [INFO] - VAL-(msalm) >>  Mult_acc_2: 0.7763  Mult_acc_3: 0.6623  Mult_acc_5: 0.4276  F1_score: 0.7833  MAE: 0.3844  Corr: 0.6647  Loss: 0.4153 
2025-12-24 18:47:46,992 - MMSA [INFO] - TRAIN-(msalm) [3/32/3] >> loss: 0.2805  Mult_acc_2: 0.8567  Mult_acc_3: 0.7829  Mult_acc_5: 0.5570  F1_score: 0.8594  MAE: 0.2647  Corr: 0.8479  clm loss: 2.7979 total loss: 4.224 bn loss: 0.3355 av loss: 0.4456 text loss: 0.3644
2025-12-24 18:47:48,594 - MMSA [INFO] - VAL-(msalm) >>  Mult_acc_2: 0.7610  Mult_acc_3: 0.6667  Mult_acc_5: 0.4561  F1_score: 0.7694  MAE: 0.3869  Corr: 0.6654  Loss: 0.4065 
2025-12-24 18:47:54,637 - MMSA [INFO] - TRAIN-(msalm) [4/33/3] >> loss: 0.2754  Mult_acc_2: 0.8560  Mult_acc_3: 0.7712  Mult_acc_5: 0.5482  F1_score: 0.8589  MAE: 0.2601  Corr: 0.8556  clm loss: 2.7628 total loss: 4.1668 bn loss: 0.3145 av loss: 0.4539 text loss: 0.3602
2025-12-24 18:47:56,258 - MMSA [INFO] - VAL-(msalm) >>  Mult_acc_2: 0.7522  Mult_acc_3: 0.6535  Mult_acc_5: 0.4408  F1_score: 0.7610  MAE: 0.3927  Corr: 0.6621  Loss: 0.4248 
2025-12-24 18:48:02,364 - MMSA [INFO] - TRAIN-(msalm) [5/34/3] >> loss: 0.2642  Mult_acc_2: 0.8480  Mult_acc_3: 0.7778  Mult_acc_5: 0.5760  F1_score: 0.8514  MAE: 0.2481  Corr: 0.8672  clm loss: 2.7214 total loss: 4.0928 bn loss: 0.3105 av loss: 0.4461 text loss: 0.3507
2025-12-24 18:48:03,958 - MMSA [INFO] - VAL-(msalm) >>  Mult_acc_2: 0.7654  Mult_acc_3: 0.6579  Mult_acc_5: 0.4408  F1_score: 0.7723  MAE: 0.3874  Corr: 0.6630  Loss: 0.4042 
2025-12-24 18:48:10,002 - MMSA [INFO] - TRAIN-(msalm) [6/35/3] >> loss: 0.2566  Mult_acc_2: 0.8618  Mult_acc_3: 0.7763  Mult_acc_5: 0.5665  F1_score: 0.8644  MAE: 0.2392  Corr: 0.8778  clm loss: 2.6759 total loss: 4.0242 bn loss: 0.3004 av loss: 0.4493 text loss: 0.342
2025-12-24 18:48:11,697 - MMSA [INFO] - VAL-(msalm) >>  Mult_acc_2: 0.7588  Mult_acc_3: 0.6667  Mult_acc_5: 0.4452  F1_score: 0.7672  MAE: 0.3918  Corr: 0.6548  Loss: 0.4012 
2025-12-24 18:48:17,893 - MMSA [INFO] - TRAIN-(msalm) [7/36/3] >> loss: 0.2572  Mult_acc_2: 0.8575  Mult_acc_3: 0.7887  Mult_acc_5: 0.5819  F1_score: 0.8608  MAE: 0.2387  Corr: 0.8799  clm loss: 2.6626 total loss: 4.0079 bn loss: 0.2907 av loss: 0.4479 text loss: 0.3495
2025-12-24 18:48:19,500 - MMSA [INFO] - VAL-(msalm) >>  Mult_acc_2: 0.7632  Mult_acc_3: 0.6557  Mult_acc_5: 0.4386  F1_score: 0.7712  MAE: 0.3946  Corr: 0.6527  Loss: 0.3973 
2025-12-24 18:48:25,557 - MMSA [INFO] - TRAIN-(msalm) [8/37/3] >> loss: 0.2451  Mult_acc_2: 0.8604  Mult_acc_3: 0.8004  Mult_acc_5: 0.6031  F1_score: 0.8634  MAE: 0.2296  Corr: 0.8807  clm loss: 2.6454 total loss: 3.96 bn loss: 0.2852 av loss: 0.4481 text loss: 0.3361
2025-12-24 18:48:27,156 - MMSA [INFO] - VAL-(msalm) >>  Mult_acc_2: 0.7675  Mult_acc_3: 0.6623  Mult_acc_5: 0.4430  F1_score: 0.7753  MAE: 0.3875  Corr: 0.6620  Loss: 0.4057 
2025-12-24 18:48:33,196 - MMSA [INFO] - TRAIN-(msalm) [9/38/3] >> loss: 0.2521  Mult_acc_2: 0.8633  Mult_acc_3: 0.7924  Mult_acc_5: 0.5950  F1_score: 0.8660  MAE: 0.2344  Corr: 0.8798  clm loss: 2.6218 total loss: 3.9119 bn loss: 0.2749 av loss: 0.4423 text loss: 0.3208
2025-12-24 18:48:34,785 - MMSA [INFO] - VAL-(msalm) >>  Mult_acc_2: 0.7741  Mult_acc_3: 0.6689  Mult_acc_5: 0.4342  F1_score: 0.7810  MAE: 0.3896  Corr: 0.6631  Loss: 0.4025 
2025-12-24 18:48:40,829 - MMSA [INFO] - TRAIN-(msalm) [10/39/3] >> loss: 0.2347  Mult_acc_2: 0.8640  Mult_acc_3: 0.8092  Mult_acc_5: 0.6199  F1_score: 0.8671  MAE: 0.2218  Corr: 0.8994  clm loss: 2.6019 total loss: 3.8739 bn loss: 0.2834 av loss: 0.4414 text loss: 0.3125
2025-12-24 18:48:42,414 - MMSA [INFO] - VAL-(msalm) >>  Mult_acc_2: 0.7785  Mult_acc_3: 0.6754  Mult_acc_5: 0.4254  F1_score: 0.7842  MAE: 0.3901  Corr: 0.6590  Loss: 0.3978 
2025-12-24 18:48:44,428 - MMSA [INFO] - TEST-(msalm) >>  Mult_acc_2: 0.8206  Mult_acc_3: 0.6827  Mult_acc_5: 0.4070  F1_score: 0.8202  MAE: 0.3859  Corr: 0.6960  Loss: 0.4046 
2025-12-24 18:48:45,703 - MMSA [INFO] - Result for seed 1992: {'Mult_acc_2': 0.8206, 'Mult_acc_3': 0.6827, 'Mult_acc_5': 0.407, 'F1_score': 0.8202, 'MAE': 0.3859, 'Corr': 0.696, 'Loss': 0.4046, 'seed': 1992}
2025-12-24 18:48:45,705 - MMSA [INFO] - ------------------------------ Running with seed 1993 [4/5] ------------------------------
2025-12-24 18:49:59,634 - MMSA [INFO] - The model has 143941027 trainable parameters
2025-12-24 18:50:05,666 - MMSA [INFO] - TRAIN-(msalm) [1/1/4] >> loss: 0.7174  Mult_acc_2: 0.4203  Mult_acc_3: 0.3158  Mult_acc_5: 0.1594  F1_score: 0.4251  MAE: 0.7177  Corr: 0.0078  clm loss: 7.607 total loss: 11.0423 bn loss: 0.9791 av loss: 0.7255 text loss: 1.0133
2025-12-24 18:50:07,252 - MMSA [INFO] - VAL-(msalm) >>  Mult_acc_2: 0.3684  Mult_acc_3: 0.3136  Mult_acc_5: 0.1645  F1_score: 0.3185  MAE: 0.7250  Corr: 0.1307  Loss: 0.7361 
2025-12-24 18:50:14,269 - MMSA [INFO] - TRAIN-(msalm) [1/2/4] >> loss: 0.6581  Mult_acc_2: 0.4927  Mult_acc_3: 0.3991  Mult_acc_5: 0.1879  F1_score: 0.5003  MAE: 0.6583  Corr: 0.1912  clm loss: 6.452 total loss: 9.4883 bn loss: 0.8369 av loss: 0.6602 text loss: 0.8811
2025-12-24 18:50:15,889 - MMSA [INFO] - VAL-(msalm) >>  Mult_acc_2: 0.5132  Mult_acc_3: 0.3838  Mult_acc_5: 0.1798  F1_score: 0.5236  MAE: 0.6321  Corr: 0.2584  Loss: 0.6373 
2025-12-24 18:50:22,874 - MMSA [INFO] - TRAIN-(msalm) [1/3/4] >> loss: 0.6081  Mult_acc_2: 0.5453  Mult_acc_3: 0.4408  Mult_acc_5: 0.2113  F1_score: 0.5568  MAE: 0.6054  Corr: 0.3493  clm loss: 5.4423 total loss: 8.0913 bn loss: 0.7034 av loss: 0.6079 text loss: 0.7296
2025-12-24 18:50:24,448 - MMSA [INFO] - VAL-(msalm) >>  Mult_acc_2: 0.5241  Mult_acc_3: 0.4167  Mult_acc_5: 0.1952  F1_score: 0.5283  MAE: 0.6163  Corr: 0.3871  Loss: 0.6106 
2025-12-24 18:50:31,413 - MMSA [INFO] - TRAIN-(msalm) [1/4/4] >> loss: 0.5657  Mult_acc_2: 0.6213  Mult_acc_3: 0.5270  Mult_acc_5: 0.2580  F1_score: 0.6352  MAE: 0.5570  Corr: 0.4539  clm loss: 4.6854 total loss: 7.0896 bn loss: 0.6209 av loss: 0.5778 text loss: 0.6398
2025-12-24 18:50:33,009 - MMSA [INFO] - VAL-(msalm) >>  Mult_acc_2: 0.5789  Mult_acc_3: 0.4715  Mult_acc_5: 0.2390  F1_score: 0.5875  MAE: 0.5907  Corr: 0.4940  Loss: 0.6159 
2025-12-24 18:50:39,068 - MMSA [INFO] - TRAIN-(msalm) [2/5/4] >> loss: 0.5502  Mult_acc_2: 0.6564  Mult_acc_3: 0.5504  Mult_acc_5: 0.3012  F1_score: 0.6696  MAE: 0.5301  Corr: 0.4997  clm loss: 4.1677 total loss: 6.459 bn loss: 0.5753 av loss: 0.5447 text loss: 0.6211
2025-12-24 18:50:40,643 - MMSA [INFO] - VAL-(msalm) >>  Mult_acc_2: 0.5263  Mult_acc_3: 0.4583  Mult_acc_5: 0.2500  F1_score: 0.5211  MAE: 0.6489  Corr: 0.4860  Loss: 0.7284 
2025-12-24 18:50:46,659 - MMSA [INFO] - TRAIN-(msalm) [3/6/4] >> loss: 0.5338  Mult_acc_2: 0.7032  Mult_acc_3: 0.5826  Mult_acc_5: 0.3187  F1_score: 0.7146  MAE: 0.5072  Corr: 0.5278  clm loss: 3.9127 total loss: 6.1019 bn loss: 0.539 av loss: 0.5236 text loss: 0.5927
2025-12-24 18:50:48,274 - MMSA [INFO] - VAL-(msalm) >>  Mult_acc_2: 0.6096  Mult_acc_3: 0.4956  Mult_acc_5: 0.2697  F1_score: 0.6180  MAE: 0.5716  Corr: 0.5068  Loss: 0.6235 
2025-12-24 18:50:54,342 - MMSA [INFO] - TRAIN-(msalm) [4/7/4] >> loss: 0.4968  Mult_acc_2: 0.7047  Mult_acc_3: 0.5972  Mult_acc_5: 0.3158  F1_score: 0.7158  MAE: 0.4828  Corr: 0.5645  clm loss: 3.7381 total loss: 5.8361 bn loss: 0.5252 av loss: 0.505 text loss: 0.5711
2025-12-24 18:50:55,924 - MMSA [INFO] - VAL-(msalm) >>  Mult_acc_2: 0.6732  Mult_acc_3: 0.5789  Mult_acc_5: 0.3509  F1_score: 0.6858  MAE: 0.4971  Corr: 0.5522  Loss: 0.5087 
2025-12-24 18:51:02,867 - MMSA [INFO] - TRAIN-(msalm) [1/8/4] >> loss: 0.4874  Mult_acc_2: 0.7083  Mult_acc_3: 0.5972  Mult_acc_5: 0.3151  F1_score: 0.7195  MAE: 0.4773  Corr: 0.5615  clm loss: 3.5861 total loss: 5.6367 bn loss: 0.5141 av loss: 0.4815 text loss: 0.5676
2025-12-24 18:51:04,762 - MMSA [INFO] - VAL-(msalm) >>  Mult_acc_2: 0.6382  Mult_acc_3: 0.5526  Mult_acc_5: 0.3333  F1_score: 0.6508  MAE: 0.5236  Corr: 0.5552  Loss: 0.5589 
2025-12-24 18:51:10,839 - MMSA [INFO] - TRAIN-(msalm) [2/9/4] >> loss: 0.4732  Mult_acc_2: 0.7186  Mult_acc_3: 0.6221  Mult_acc_5: 0.3421  F1_score: 0.7286  MAE: 0.4611  Corr: 0.5825  clm loss: 3.4285 total loss: 5.437 bn loss: 0.4979 av loss: 0.4821 text loss: 0.5553
2025-12-24 18:51:12,396 - MMSA [INFO] - VAL-(msalm) >>  Mult_acc_2: 0.6447  Mult_acc_3: 0.5373  Mult_acc_5: 0.3026  F1_score: 0.6575  MAE: 0.5102  Corr: 0.5576  Loss: 0.5412 
2025-12-24 18:51:18,470 - MMSA [INFO] - TRAIN-(msalm) [3/10/4] >> loss: 0.4593  Mult_acc_2: 0.7346  Mult_acc_3: 0.6235  Mult_acc_5: 0.3487  F1_score: 0.7430  MAE: 0.4472  Corr: 0.6098  clm loss: 3.3645 total loss: 5.3416 bn loss: 0.4976 av loss: 0.4755 text loss: 0.5447
2025-12-24 18:51:20,170 - MMSA [INFO] - VAL-(msalm) >>  Mult_acc_2: 0.7127  Mult_acc_3: 0.6118  Mult_acc_5: 0.3706  F1_score: 0.7237  MAE: 0.4550  Corr: 0.5933  Loss: 0.4867 
2025-12-24 18:51:27,149 - MMSA [INFO] - TRAIN-(msalm) [1/11/4] >> loss: 0.4426  Mult_acc_2: 0.7493  Mult_acc_3: 0.6411  Mult_acc_5: 0.3816  F1_score: 0.7568  MAE: 0.4211  Corr: 0.6350  clm loss: 3.2797 total loss: 5.2161 bn loss: 0.4991 av loss: 0.4654 text loss: 0.5294
2025-12-24 18:51:28,754 - MMSA [INFO] - VAL-(msalm) >>  Mult_acc_2: 0.7434  Mult_acc_3: 0.6338  Mult_acc_5: 0.3816  F1_score: 0.7519  MAE: 0.4355  Corr: 0.6133  Loss: 0.4878 
2025-12-24 18:51:34,830 - MMSA [INFO] - TRAIN-(msalm) [2/12/4] >> loss: 0.43  Mult_acc_2: 0.7639  Mult_acc_3: 0.6608  Mult_acc_5: 0.3735  F1_score: 0.7701  MAE: 0.4105  Corr: 0.6576  clm loss: 3.2758 total loss: 5.2368 bn loss: 0.5183 av loss: 0.4691 text loss: 0.5436
2025-12-24 18:51:36,394 - MMSA [INFO] - VAL-(msalm) >>  Mult_acc_2: 0.7829  Mult_acc_3: 0.6425  Mult_acc_5: 0.3728  F1_score: 0.7835  MAE: 0.4145  Corr: 0.6295  Loss: 0.4437 
2025-12-24 18:51:43,381 - MMSA [INFO] - TRAIN-(msalm) [1/13/4] >> loss: 0.4193  Mult_acc_2: 0.7763  Mult_acc_3: 0.6769  Mult_acc_5: 0.3962  F1_score: 0.7825  MAE: 0.3989  Corr: 0.6755  clm loss: 3.2456 total loss: 5.1354 bn loss: 0.4858 av loss: 0.4705 text loss: 0.5142
2025-12-24 18:51:44,965 - MMSA [INFO] - VAL-(msalm) >>  Mult_acc_2: 0.7588  Mult_acc_3: 0.6425  Mult_acc_5: 0.3684  F1_score: 0.7622  MAE: 0.4095  Corr: 0.6346  Loss: 0.4525 
2025-12-24 18:51:51,032 - MMSA [INFO] - TRAIN-(msalm) [2/14/4] >> loss: 0.4138  Mult_acc_2: 0.7734  Mult_acc_3: 0.6630  Mult_acc_5: 0.3947  F1_score: 0.7778  MAE: 0.3905  Corr: 0.6821  clm loss: 3.177 total loss: 5.0074 bn loss: 0.4576 av loss: 0.4577 text loss: 0.5013
2025-12-24 18:51:52,609 - MMSA [INFO] - VAL-(msalm) >>  Mult_acc_2: 0.7632  Mult_acc_3: 0.6557  Mult_acc_5: 0.3838  F1_score: 0.7662  MAE: 0.4169  Corr: 0.6236  Loss: 0.4398 
2025-12-24 18:51:59,735 - MMSA [INFO] - TRAIN-(msalm) [1/15/4] >> loss: 0.4039  Mult_acc_2: 0.7719  Mult_acc_3: 0.6886  Mult_acc_5: 0.4050  F1_score: 0.7774  MAE: 0.3865  Corr: 0.6869  clm loss: 3.1708 total loss: 4.9906 bn loss: 0.4544 av loss: 0.4641 text loss: 0.4974
2025-12-24 18:52:01,313 - MMSA [INFO] - VAL-(msalm) >>  Mult_acc_2: 0.7697  Mult_acc_3: 0.6513  Mult_acc_5: 0.3794  F1_score: 0.7728  MAE: 0.4050  Corr: 0.6425  Loss: 0.4366 
2025-12-24 18:52:08,256 - MMSA [INFO] - TRAIN-(msalm) [1/16/4] >> loss: 0.3986  Mult_acc_2: 0.7865  Mult_acc_3: 0.6923  Mult_acc_5: 0.4028  F1_score: 0.7903  MAE: 0.3802  Corr: 0.7074  clm loss: 3.174 total loss: 4.9779 bn loss: 0.4466 av loss: 0.466 text loss: 0.4926
2025-12-24 18:52:09,945 - MMSA [INFO] - VAL-(msalm) >>  Mult_acc_2: 0.7675  Mult_acc_3: 0.6491  Mult_acc_5: 0.3750  F1_score: 0.7701  MAE: 0.4043  Corr: 0.6404  Loss: 0.4426 
2025-12-24 18:52:15,999 - MMSA [INFO] - TRAIN-(msalm) [2/17/4] >> loss: 0.388  Mult_acc_2: 0.8114  Mult_acc_3: 0.6974  Mult_acc_5: 0.4137  F1_score: 0.8147  MAE: 0.3700  Corr: 0.7176  clm loss: 3.1492 total loss: 4.9298 bn loss: 0.4367 av loss: 0.4567 text loss: 0.4993
2025-12-24 18:52:17,573 - MMSA [INFO] - VAL-(msalm) >>  Mult_acc_2: 0.7697  Mult_acc_3: 0.6732  Mult_acc_5: 0.4035  F1_score: 0.7735  MAE: 0.3976  Corr: 0.6511  Loss: 0.4233 
2025-12-24 18:52:24,522 - MMSA [INFO] - TRAIN-(msalm) [1/18/4] >> loss: 0.3894  Mult_acc_2: 0.8034  Mult_acc_3: 0.7054  Mult_acc_5: 0.4211  F1_score: 0.8070  MAE: 0.3656  Corr: 0.7214  clm loss: 3.1082 total loss: 4.8381 bn loss: 0.4279 av loss: 0.4556 text loss: 0.4571
2025-12-24 18:52:26,141 - MMSA [INFO] - VAL-(msalm) >>  Mult_acc_2: 0.7654  Mult_acc_3: 0.6645  Mult_acc_5: 0.4145  F1_score: 0.7719  MAE: 0.4029  Corr: 0.6545  Loss: 0.4369 
2025-12-24 18:52:32,232 - MMSA [INFO] - TRAIN-(msalm) [2/19/4] >> loss: 0.3811  Mult_acc_2: 0.8077  Mult_acc_3: 0.6988  Mult_acc_5: 0.4028  F1_score: 0.8093  MAE: 0.3706  Corr: 0.7248  clm loss: 3.0999 total loss: 4.8146 bn loss: 0.4156 av loss: 0.4586 text loss: 0.4594
2025-12-24 18:52:33,851 - MMSA [INFO] - VAL-(msalm) >>  Mult_acc_2: 0.7610  Mult_acc_3: 0.6535  Mult_acc_5: 0.4079  F1_score: 0.7668  MAE: 0.4015  Corr: 0.6496  Loss: 0.4196 
2025-12-24 18:52:40,809 - MMSA [INFO] - TRAIN-(msalm) [1/20/4] >> loss: 0.3621  Mult_acc_2: 0.8268  Mult_acc_3: 0.7186  Mult_acc_5: 0.4408  F1_score: 0.8298  MAE: 0.3464  Corr: 0.7541  clm loss: 3.0754 total loss: 4.7562 bn loss: 0.4096 av loss: 0.4573 text loss: 0.4519
2025-12-24 18:52:42,500 - MMSA [INFO] - VAL-(msalm) >>  Mult_acc_2: 0.7368  Mult_acc_3: 0.6557  Mult_acc_5: 0.4101  F1_score: 0.7470  MAE: 0.4199  Corr: 0.6513  Loss: 0.4602 
2025-12-24 18:52:48,590 - MMSA [INFO] - TRAIN-(msalm) [2/21/4] >> loss: 0.3455  Mult_acc_2: 0.8238  Mult_acc_3: 0.7339  Mult_acc_5: 0.4554  F1_score: 0.8265  MAE: 0.3287  Corr: 0.7793  clm loss: 3.0225 total loss: 4.6744 bn loss: 0.4107 av loss: 0.4579 text loss: 0.4379
2025-12-24 18:52:50,210 - MMSA [INFO] - VAL-(msalm) >>  Mult_acc_2: 0.7566  Mult_acc_3: 0.6601  Mult_acc_5: 0.4035  F1_score: 0.7633  MAE: 0.4063  Corr: 0.6471  Loss: 0.4356 
2025-12-24 18:52:56,413 - MMSA [INFO] - TRAIN-(msalm) [3/22/4] >> loss: 0.3539  Mult_acc_2: 0.8165  Mult_acc_3: 0.7120  Mult_acc_5: 0.4598  F1_score: 0.8194  MAE: 0.3358  Corr: 0.7684  clm loss: 3.0502 total loss: 4.6814 bn loss: 0.3793 av loss: 0.4539 text loss: 0.4441
2025-12-24 18:52:57,993 - MMSA [INFO] - VAL-(msalm) >>  Mult_acc_2: 0.7763  Mult_acc_3: 0.6557  Mult_acc_5: 0.4101  F1_score: 0.7822  MAE: 0.4042  Corr: 0.6484  Loss: 0.4211 
2025-12-24 18:53:04,044 - MMSA [INFO] - TRAIN-(msalm) [4/23/4] >> loss: 0.349  Mult_acc_2: 0.8216  Mult_acc_3: 0.7259  Mult_acc_5: 0.4605  F1_score: 0.8242  MAE: 0.3348  Corr: 0.7614  clm loss: 3.0175 total loss: 4.6486 bn loss: 0.3924 av loss: 0.4589 text loss: 0.4308
2025-12-24 18:53:05,603 - MMSA [INFO] - VAL-(msalm) >>  Mult_acc_2: 0.7763  Mult_acc_3: 0.6425  Mult_acc_5: 0.3882  F1_score: 0.7838  MAE: 0.4044  Corr: 0.6584  Loss: 0.4395 
2025-12-24 18:53:11,661 - MMSA [INFO] - TRAIN-(msalm) [5/24/4] >> loss: 0.3336  Mult_acc_2: 0.8282  Mult_acc_3: 0.7405  Mult_acc_5: 0.4759  F1_score: 0.8314  MAE: 0.3193  Corr: 0.7850  clm loss: 2.974 total loss: 4.5765 bn loss: 0.3824 av loss: 0.4578 text loss: 0.4286
2025-12-24 18:53:13,283 - MMSA [INFO] - VAL-(msalm) >>  Mult_acc_2: 0.7807  Mult_acc_3: 0.6601  Mult_acc_5: 0.4123  F1_score: 0.7816  MAE: 0.3999  Corr: 0.6576  Loss: 0.4186 
2025-12-24 18:53:20,221 - MMSA [INFO] - TRAIN-(msalm) [1/25/4] >> loss: 0.3305  Mult_acc_2: 0.8363  Mult_acc_3: 0.7456  Mult_acc_5: 0.4898  F1_score: 0.8392  MAE: 0.3164  Corr: 0.7937  clm loss: 2.9434 total loss: 4.5235 bn loss: 0.377 av loss: 0.4517 text loss: 0.4209
2025-12-24 18:53:21,801 - MMSA [INFO] - VAL-(msalm) >>  Mult_acc_2: 0.7982  Mult_acc_3: 0.6623  Mult_acc_5: 0.3969  F1_score: 0.7978  MAE: 0.3995  Corr: 0.6548  Loss: 0.4329 
2025-12-24 18:53:27,893 - MMSA [INFO] - TRAIN-(msalm) [2/26/4] >> loss: 0.3311  Mult_acc_2: 0.8209  Mult_acc_3: 0.7339  Mult_acc_5: 0.4890  F1_score: 0.8249  MAE: 0.3129  Corr: 0.7891  clm loss: 2.9487 total loss: 4.5179 bn loss: 0.361 av loss: 0.4529 text loss: 0.4242
2025-12-24 18:53:29,523 - MMSA [INFO] - VAL-(msalm) >>  Mult_acc_2: 0.7895  Mult_acc_3: 0.6601  Mult_acc_5: 0.3925  F1_score: 0.7954  MAE: 0.4019  Corr: 0.6536  Loss: 0.4200 
2025-12-24 18:53:35,596 - MMSA [INFO] - TRAIN-(msalm) [3/27/4] >> loss: 0.3213  Mult_acc_2: 0.8311  Mult_acc_3: 0.7456  Mult_acc_5: 0.4832  F1_score: 0.8347  MAE: 0.3100  Corr: 0.8087  clm loss: 2.8992 total loss: 4.4399 bn loss: 0.3461 av loss: 0.4522 text loss: 0.421
2025-12-24 18:53:37,217 - MMSA [INFO] - VAL-(msalm) >>  Mult_acc_2: 0.7829  Mult_acc_3: 0.6645  Mult_acc_5: 0.4408  F1_score: 0.7895  MAE: 0.3924  Corr: 0.6532  Loss: 0.4258 
2025-12-24 18:53:43,317 - MMSA [INFO] - TRAIN-(msalm) [4/28/4] >> loss: 0.3124  Mult_acc_2: 0.8246  Mult_acc_3: 0.7427  Mult_acc_5: 0.5285  F1_score: 0.8290  MAE: 0.2901  Corr: 0.8183  clm loss: 2.8758 total loss: 4.3751 bn loss: 0.3413 av loss: 0.4507 text loss: 0.3948
2025-12-24 18:53:44,911 - MMSA [INFO] - VAL-(msalm) >>  Mult_acc_2: 0.7719  Mult_acc_3: 0.6732  Mult_acc_5: 0.4583  F1_score: 0.7800  MAE: 0.3947  Corr: 0.6593  Loss: 0.4179 
2025-12-24 18:53:52,068 - MMSA [INFO] - TRAIN-(msalm) [1/29/4] >> loss: 0.3045  Mult_acc_2: 0.8428  Mult_acc_3: 0.7544  Mult_acc_5: 0.5205  F1_score: 0.8461  MAE: 0.2900  Corr: 0.8234  clm loss: 2.8673 total loss: 4.3728 bn loss: 0.3382 av loss: 0.4536 text loss: 0.4091
2025-12-24 18:53:53,699 - MMSA [INFO] - VAL-(msalm) >>  Mult_acc_2: 0.7895  Mult_acc_3: 0.6711  Mult_acc_5: 0.4057  F1_score: 0.7940  MAE: 0.3948  Corr: 0.6651  Loss: 0.4050 
2025-12-24 18:54:00,685 - MMSA [INFO] - TRAIN-(msalm) [1/30/4] >> loss: 0.3012  Mult_acc_2: 0.8282  Mult_acc_3: 0.7522  Mult_acc_5: 0.5139  F1_score: 0.8320  MAE: 0.2889  Corr: 0.8294  clm loss: 2.8464 total loss: 4.3096 bn loss: 0.3304 av loss: 0.4461 text loss: 0.3854
2025-12-24 18:54:02,284 - MMSA [INFO] - VAL-(msalm) >>  Mult_acc_2: 0.7763  Mult_acc_3: 0.6645  Mult_acc_5: 0.4189  F1_score: 0.7817  MAE: 0.3873  Corr: 0.6655  Loss: 0.4182 
2025-12-24 18:54:08,336 - MMSA [INFO] - TRAIN-(msalm) [2/31/4] >> loss: 0.2972  Mult_acc_2: 0.8406  Mult_acc_3: 0.7668  Mult_acc_5: 0.5431  F1_score: 0.8445  MAE: 0.2767  Corr: 0.8398  clm loss: 2.8227 total loss: 4.2774 bn loss: 0.3289 av loss: 0.449 text loss: 0.3797
2025-12-24 18:54:09,942 - MMSA [INFO] - VAL-(msalm) >>  Mult_acc_2: 0.7873  Mult_acc_3: 0.6886  Mult_acc_5: 0.4408  F1_score: 0.7922  MAE: 0.3837  Corr: 0.6709  Loss: 0.4226 
2025-12-24 18:54:16,017 - MMSA [INFO] - TRAIN-(msalm) [3/32/4] >> loss: 0.287  Mult_acc_2: 0.8501  Mult_acc_3: 0.7668  Mult_acc_5: 0.5197  F1_score: 0.8535  MAE: 0.2727  Corr: 0.8481  clm loss: 2.7904 total loss: 4.2151 bn loss: 0.3157 av loss: 0.4435 text loss: 0.3784
2025-12-24 18:54:17,649 - MMSA [INFO] - VAL-(msalm) >>  Mult_acc_2: 0.7982  Mult_acc_3: 0.6754  Mult_acc_5: 0.4189  F1_score: 0.7986  MAE: 0.3935  Corr: 0.6636  Loss: 0.4094 
2025-12-24 18:54:23,714 - MMSA [INFO] - TRAIN-(msalm) [4/33/4] >> loss: 0.2716  Mult_acc_2: 0.8589  Mult_acc_3: 0.7727  Mult_acc_5: 0.5702  F1_score: 0.8621  MAE: 0.2552  Corr: 0.8592  clm loss: 2.7619 total loss: 4.15 bn loss: 0.3066 av loss: 0.4425 text loss: 0.3674
2025-12-24 18:54:25,280 - MMSA [INFO] - VAL-(msalm) >>  Mult_acc_2: 0.7895  Mult_acc_3: 0.6689  Mult_acc_5: 0.4167  F1_score: 0.7921  MAE: 0.3934  Corr: 0.6601  Loss: 0.4180 
2025-12-24 18:54:31,382 - MMSA [INFO] - TRAIN-(msalm) [5/34/4] >> loss: 0.2608  Mult_acc_2: 0.8428  Mult_acc_3: 0.7727  Mult_acc_5: 0.5643  F1_score: 0.8469  MAE: 0.2472  Corr: 0.8699  clm loss: 2.7579 total loss: 4.1308 bn loss: 0.2992 av loss: 0.449 text loss: 0.3638
2025-12-24 18:54:32,993 - MMSA [INFO] - VAL-(msalm) >>  Mult_acc_2: 0.7917  Mult_acc_3: 0.6732  Mult_acc_5: 0.4189  F1_score: 0.7965  MAE: 0.3909  Corr: 0.6607  Loss: 0.4126 
2025-12-24 18:54:39,029 - MMSA [INFO] - TRAIN-(msalm) [6/35/4] >> loss: 0.2611  Mult_acc_2: 0.8494  Mult_acc_3: 0.7807  Mult_acc_5: 0.5760  F1_score: 0.8534  MAE: 0.2441  Corr: 0.8731  clm loss: 2.6943 total loss: 4.0487 bn loss: 0.2931 av loss: 0.4428 text loss: 0.3574
2025-12-24 18:54:40,618 - MMSA [INFO] - VAL-(msalm) >>  Mult_acc_2: 0.7961  Mult_acc_3: 0.6754  Mult_acc_5: 0.4079  F1_score: 0.8010  MAE: 0.3933  Corr: 0.6632  Loss: 0.4050 
2025-12-24 18:54:46,694 - MMSA [INFO] - TRAIN-(msalm) [7/36/4] >> loss: 0.2503  Mult_acc_2: 0.8640  Mult_acc_3: 0.7917  Mult_acc_5: 0.5819  F1_score: 0.8671  MAE: 0.2373  Corr: 0.8800  clm loss: 2.6901 total loss: 4.0283 bn loss: 0.2858 av loss: 0.4495 text loss: 0.3525
2025-12-24 18:54:48,662 - MMSA [INFO] - VAL-(msalm) >>  Mult_acc_2: 0.7763  Mult_acc_3: 0.6689  Mult_acc_5: 0.4057  F1_score: 0.7833  MAE: 0.3983  Corr: 0.6556  Loss: 0.4121 
2025-12-24 18:54:54,741 - MMSA [INFO] - TRAIN-(msalm) [8/37/4] >> loss: 0.2558  Mult_acc_2: 0.8648  Mult_acc_3: 0.7800  Mult_acc_5: 0.5731  F1_score: 0.8677  MAE: 0.2395  Corr: 0.8782  clm loss: 2.6937 total loss: 4.041 bn loss: 0.2894 av loss: 0.451 text loss: 0.3511
2025-12-24 18:54:56,322 - MMSA [INFO] - VAL-(msalm) >>  Mult_acc_2: 0.7829  Mult_acc_3: 0.6689  Mult_acc_5: 0.4145  F1_score: 0.7891  MAE: 0.3982  Corr: 0.6501  Loss: 0.4171 
2025-12-24 18:55:02,409 - MMSA [INFO] - TRAIN-(msalm) [9/38/4] >> loss: 0.2408  Mult_acc_2: 0.8648  Mult_acc_3: 0.8077  Mult_acc_5: 0.6118  F1_score: 0.8686  MAE: 0.2227  Corr: 0.8922  clm loss: 2.6405 total loss: 3.9506 bn loss: 0.2888 av loss: 0.4484 text loss: 0.3321
2025-12-24 18:55:04,019 - MMSA [INFO] - VAL-(msalm) >>  Mult_acc_2: 0.7917  Mult_acc_3: 0.6667  Mult_acc_5: 0.4079  F1_score: 0.7963  MAE: 0.3973  Corr: 0.6552  Loss: 0.4151 
2025-12-24 18:55:10,071 - MMSA [INFO] - TRAIN-(msalm) [10/39/4] >> loss: 0.2464  Mult_acc_2: 0.8596  Mult_acc_3: 0.7931  Mult_acc_5: 0.5950  F1_score: 0.8631  MAE: 0.2334  Corr: 0.8846  clm loss: 2.6309 total loss: 3.921 bn loss: 0.2787 av loss: 0.4458 text loss: 0.3192
2025-12-24 18:55:11,670 - MMSA [INFO] - VAL-(msalm) >>  Mult_acc_2: 0.7851  Mult_acc_3: 0.6645  Mult_acc_5: 0.3969  F1_score: 0.7909  MAE: 0.3992  Corr: 0.6533  Loss: 0.4057 
2025-12-24 18:55:13,640 - MMSA [INFO] - TEST-(msalm) >>  Mult_acc_2: 0.8337  Mult_acc_3: 0.6937  Mult_acc_5: 0.4376  F1_score: 0.8363  MAE: 0.3818  Corr: 0.7014  Loss: 0.3864 
2025-12-24 18:55:14,960 - MMSA [INFO] - Result for seed 1993: {'Mult_acc_2': 0.8337, 'Mult_acc_3': 0.6937, 'Mult_acc_5': 0.4376, 'F1_score': 0.8363, 'MAE': 0.3818, 'Corr': 0.7014, 'Loss': 0.3864, 'seed': 1993}
2025-12-24 18:55:14,963 - MMSA [INFO] - ------------------------------ Running with seed 1994 [5/5] ------------------------------
2025-12-24 18:56:29,481 - MMSA [INFO] - The model has 143941027 trainable parameters
2025-12-24 18:56:35,583 - MMSA [INFO] - TRAIN-(msalm) [1/1/5] >> loss: 0.6326  Mult_acc_2: 0.6572  Mult_acc_3: 0.4868  Mult_acc_5: 0.2273  F1_score: 0.5944  MAE: 0.6253  Corr: 0.0726  clm loss: 7.5766 total loss: 10.7152 bn loss: 0.9255 av loss: 0.6702 text loss: 0.9103
2025-12-24 18:56:37,148 - MMSA [INFO] - VAL-(msalm) >>  Mult_acc_2: 0.6864  Mult_acc_3: 0.5219  Mult_acc_5: 0.2456  F1_score: 0.5772  MAE: 0.6320  Corr: 0.1106  Loss: 0.6538 
2025-12-24 18:56:44,233 - MMSA [INFO] - TRAIN-(msalm) [1/2/5] >> loss: 0.6005  Mult_acc_2: 0.6689  Mult_acc_3: 0.4985  Mult_acc_5: 0.2456  F1_score: 0.6213  MAE: 0.5917  Corr: 0.2115  clm loss: 6.3442 total loss: 9.1257 bn loss: 0.7967 av loss: 0.613 text loss: 0.7713
2025-12-24 18:56:45,809 - MMSA [INFO] - VAL-(msalm) >>  Mult_acc_2: 0.7039  Mult_acc_3: 0.5285  Mult_acc_5: 0.2588  F1_score: 0.6375  MAE: 0.5629  Corr: 0.3056  Loss: 0.5786 
2025-12-24 18:56:52,977 - MMSA [INFO] - TRAIN-(msalm) [1/3/5] >> loss: 0.5698  Mult_acc_2: 0.6893  Mult_acc_3: 0.5227  Mult_acc_5: 0.2566  F1_score: 0.6610  MAE: 0.5550  Corr: 0.3005  clm loss: 5.2414 total loss: 7.7098 bn loss: 0.6593 av loss: 0.5939 text loss: 0.6455
2025-12-24 18:56:54,584 - MMSA [INFO] - VAL-(msalm) >>  Mult_acc_2: 0.6711  Mult_acc_3: 0.5439  Mult_acc_5: 0.2368  F1_score: 0.6797  MAE: 0.5378  Corr: 0.3900  Loss: 0.5374 
2025-12-24 18:57:01,524 - MMSA [INFO] - TRAIN-(msalm) [1/4/5] >> loss: 0.5424  Mult_acc_2: 0.7142  Mult_acc_3: 0.5665  Mult_acc_5: 0.2880  F1_score: 0.6999  MAE: 0.5238  Corr: 0.4091  clm loss: 4.4732 total loss: 6.8049 bn loss: 0.6058 av loss: 0.5646 text loss: 0.6188
2025-12-24 18:57:03,139 - MMSA [INFO] - VAL-(msalm) >>  Mult_acc_2: 0.6579  Mult_acc_3: 0.5241  Mult_acc_5: 0.2478  F1_score: 0.6715  MAE: 0.5193  Corr: 0.4914  Loss: 0.5155 
2025-12-24 18:57:10,094 - MMSA [INFO] - TRAIN-(msalm) [1/5/5] >> loss: 0.518  Mult_acc_2: 0.7273  Mult_acc_3: 0.5928  Mult_acc_5: 0.3158  F1_score: 0.7243  MAE: 0.4907  Corr: 0.4986  clm loss: 3.9801 total loss: 6.2096 bn loss: 0.5704 av loss: 0.5485 text loss: 0.5926
2025-12-24 18:57:11,767 - MMSA [INFO] - VAL-(msalm) >>  Mult_acc_2: 0.7346  Mult_acc_3: 0.5855  Mult_acc_5: 0.3114  F1_score: 0.7354  MAE: 0.4705  Corr: 0.5392  Loss: 0.4859 
2025-12-24 18:57:18,712 - MMSA [INFO] - TRAIN-(msalm) [1/6/5] >> loss: 0.4846  Mult_acc_2: 0.7595  Mult_acc_3: 0.6213  Mult_acc_5: 0.3311  F1_score: 0.7568  MAE: 0.4586  Corr: 0.5658  clm loss: 3.7896 total loss: 5.9513 bn loss: 0.5506 av loss: 0.5303 text loss: 0.5963
2025-12-24 18:57:20,312 - MMSA [INFO] - VAL-(msalm) >>  Mult_acc_2: 0.7215  Mult_acc_3: 0.6140  Mult_acc_5: 0.3399  F1_score: 0.7248  MAE: 0.4719  Corr: 0.5318  Loss: 0.4848 
2025-12-24 18:57:27,313 - MMSA [INFO] - TRAIN-(msalm) [1/7/5] >> loss: 0.485  Mult_acc_2: 0.7595  Mult_acc_3: 0.6257  Mult_acc_5: 0.3348  F1_score: 0.7559  MAE: 0.4653  Corr: 0.5588  clm loss: 3.6195 total loss: 5.7407 bn loss: 0.5359 av loss: 0.5132 text loss: 0.5871
2025-12-24 18:57:28,890 - MMSA [INFO] - VAL-(msalm) >>  Mult_acc_2: 0.7654  Mult_acc_3: 0.6031  Mult_acc_5: 0.3596  F1_score: 0.7416  MAE: 0.5049  Corr: 0.5416  Loss: 0.5415 
2025-12-24 18:57:35,110 - MMSA [INFO] - TRAIN-(msalm) [2/8/5] >> loss: 0.4551  Mult_acc_2: 0.7632  Mult_acc_3: 0.6425  Mult_acc_5: 0.3560  F1_score: 0.7608  MAE: 0.4386  Corr: 0.6063  clm loss: 3.4599 total loss: 5.4853 bn loss: 0.5188 av loss: 0.4952 text loss: 0.5562
2025-12-24 18:57:36,702 - MMSA [INFO] - VAL-(msalm) >>  Mult_acc_2: 0.7741  Mult_acc_3: 0.6118  Mult_acc_5: 0.3838  F1_score: 0.7468  MAE: 0.5043  Corr: 0.5563  Loss: 0.5314 
2025-12-24 18:57:42,770 - MMSA [INFO] - TRAIN-(msalm) [3/9/5] >> loss: 0.4496  Mult_acc_2: 0.7727  Mult_acc_3: 0.6513  Mult_acc_5: 0.3699  F1_score: 0.7729  MAE: 0.4328  Corr: 0.6161  clm loss: 3.3305 total loss: 5.3285 bn loss: 0.5103 av loss: 0.4815 text loss: 0.5567
2025-12-24 18:57:44,384 - MMSA [INFO] - VAL-(msalm) >>  Mult_acc_2: 0.7763  Mult_acc_3: 0.6338  Mult_acc_5: 0.3947  F1_score: 0.7562  MAE: 0.4705  Corr: 0.5687  Loss: 0.5085 
2025-12-24 18:57:50,437 - MMSA [INFO] - TRAIN-(msalm) [4/10/5] >> loss: 0.4407  Mult_acc_2: 0.7690  Mult_acc_3: 0.6557  Mult_acc_5: 0.3640  F1_score: 0.7705  MAE: 0.4226  Corr: 0.6258  clm loss: 3.3338 total loss: 5.2996 bn loss: 0.4956 av loss: 0.4822 text loss: 0.5474
2025-12-24 18:57:52,029 - MMSA [INFO] - VAL-(msalm) >>  Mult_acc_2: 0.7632  Mult_acc_3: 0.6316  Mult_acc_5: 0.3465  F1_score: 0.7588  MAE: 0.4325  Corr: 0.5907  Loss: 0.4476 
2025-12-24 18:57:58,930 - MMSA [INFO] - TRAIN-(msalm) [1/11/5] >> loss: 0.4356  Mult_acc_2: 0.7507  Mult_acc_3: 0.6367  Mult_acc_5: 0.3772  F1_score: 0.7530  MAE: 0.4177  Corr: 0.6353  clm loss: 3.2727 total loss: 5.2255 bn loss: 0.4885 av loss: 0.4741 text loss: 0.5547
2025-12-24 18:58:00,571 - MMSA [INFO] - VAL-(msalm) >>  Mult_acc_2: 0.7544  Mult_acc_3: 0.6053  Mult_acc_5: 0.3465  F1_score: 0.7563  MAE: 0.4283  Corr: 0.6088  Loss: 0.4430 
2025-12-24 18:58:07,499 - MMSA [INFO] - TRAIN-(msalm) [1/12/5] >> loss: 0.4184  Mult_acc_2: 0.7880  Mult_acc_3: 0.6645  Mult_acc_5: 0.3882  F1_score: 0.7887  MAE: 0.4054  Corr: 0.6603  clm loss: 3.2524 total loss: 5.1442 bn loss: 0.4738 av loss: 0.4674 text loss: 0.5323
2025-12-24 18:58:09,061 - MMSA [INFO] - VAL-(msalm) >>  Mult_acc_2: 0.7807  Mult_acc_3: 0.6250  Mult_acc_5: 0.3794  F1_score: 0.7672  MAE: 0.4351  Corr: 0.6089  Loss: 0.4617 
2025-12-24 18:58:15,138 - MMSA [INFO] - TRAIN-(msalm) [2/13/5] >> loss: 0.4263  Mult_acc_2: 0.7690  Mult_acc_3: 0.6637  Mult_acc_5: 0.3874  F1_score: 0.7715  MAE: 0.4097  Corr: 0.6527  clm loss: 3.1954 total loss: 5.1259 bn loss: 0.4815 av loss: 0.4719 text loss: 0.5508
2025-12-24 18:58:16,737 - MMSA [INFO] - VAL-(msalm) >>  Mult_acc_2: 0.7873  Mult_acc_3: 0.6316  Mult_acc_5: 0.3662  F1_score: 0.7857  MAE: 0.4137  Corr: 0.6135  Loss: 0.4274 
2025-12-24 18:58:23,694 - MMSA [INFO] - TRAIN-(msalm) [1/14/5] >> loss: 0.4207  Mult_acc_2: 0.7668  Mult_acc_3: 0.6586  Mult_acc_5: 0.3911  F1_score: 0.7702  MAE: 0.4011  Corr: 0.6659  clm loss: 3.2065 total loss: 5.126 bn loss: 0.47 av loss: 0.4732 text loss: 0.5556
2025-12-24 18:58:25,519 - MMSA [INFO] - VAL-(msalm) >>  Mult_acc_2: 0.6974  Mult_acc_3: 0.6228  Mult_acc_5: 0.3684  F1_score: 0.7092  MAE: 0.4402  Corr: 0.6400  Loss: 0.4651 
2025-12-24 18:58:31,718 - MMSA [INFO] - TRAIN-(msalm) [2/15/5] >> loss: 0.4025  Mult_acc_2: 0.8034  Mult_acc_3: 0.6820  Mult_acc_5: 0.4079  F1_score: 0.8042  MAE: 0.3879  Corr: 0.6855  clm loss: 3.1818 total loss: 5.0381 bn loss: 0.4636 av loss: 0.4648 text loss: 0.5255
2025-12-24 18:58:33,316 - MMSA [INFO] - VAL-(msalm) >>  Mult_acc_2: 0.7763  Mult_acc_3: 0.6360  Mult_acc_5: 0.3684  F1_score: 0.7776  MAE: 0.4037  Corr: 0.6354  Loss: 0.4249 
2025-12-24 18:58:40,305 - MMSA [INFO] - TRAIN-(msalm) [1/16/5] >> loss: 0.3971  Mult_acc_2: 0.7982  Mult_acc_3: 0.6791  Mult_acc_5: 0.3962  F1_score: 0.7990  MAE: 0.3782  Corr: 0.7030  clm loss: 3.1492 total loss: 4.9505 bn loss: 0.4413 av loss: 0.461 text loss: 0.5019
2025-12-24 18:58:41,904 - MMSA [INFO] - VAL-(msalm) >>  Mult_acc_2: 0.7873  Mult_acc_3: 0.6469  Mult_acc_5: 0.4276  F1_score: 0.7768  MAE: 0.4165  Corr: 0.6357  Loss: 0.4647 
2025-12-24 18:58:47,921 - MMSA [INFO] - TRAIN-(msalm) [2/17/5] >> loss: 0.3829  Mult_acc_2: 0.8034  Mult_acc_3: 0.6944  Mult_acc_5: 0.4174  F1_score: 0.8045  MAE: 0.3683  Corr: 0.7210  clm loss: 3.123 total loss: 4.8979 bn loss: 0.4406 av loss: 0.4662 text loss: 0.4852
2025-12-24 18:58:49,514 - MMSA [INFO] - VAL-(msalm) >>  Mult_acc_2: 0.7873  Mult_acc_3: 0.6667  Mult_acc_5: 0.4232  F1_score: 0.7879  MAE: 0.3932  Corr: 0.6462  Loss: 0.4335 
2025-12-24 18:58:55,584 - MMSA [INFO] - TRAIN-(msalm) [3/18/5] >> loss: 0.367  Mult_acc_2: 0.8158  Mult_acc_3: 0.7113  Mult_acc_5: 0.4532  F1_score: 0.8188  MAE: 0.3463  Corr: 0.7452  clm loss: 3.0739 total loss: 4.7855 bn loss: 0.4272 av loss: 0.4583 text loss: 0.4592
2025-12-24 18:58:57,177 - MMSA [INFO] - VAL-(msalm) >>  Mult_acc_2: 0.7215  Mult_acc_3: 0.6294  Mult_acc_5: 0.3794  F1_score: 0.7322  MAE: 0.4143  Corr: 0.6585  Loss: 0.4387 
2025-12-24 18:59:03,238 - MMSA [INFO] - TRAIN-(msalm) [4/19/5] >> loss: 0.3654  Mult_acc_2: 0.8121  Mult_acc_3: 0.7069  Mult_acc_5: 0.4474  F1_score: 0.8153  MAE: 0.3488  Corr: 0.7414  clm loss: 3.0962 total loss: 4.822 bn loss: 0.4213 av loss: 0.4631 text loss: 0.476
2025-12-24 18:59:04,855 - MMSA [INFO] - VAL-(msalm) >>  Mult_acc_2: 0.7456  Mult_acc_3: 0.6491  Mult_acc_5: 0.4057  F1_score: 0.7545  MAE: 0.4034  Corr: 0.6521  Loss: 0.4476 
2025-12-24 18:59:10,909 - MMSA [INFO] - TRAIN-(msalm) [5/20/5] >> loss: 0.3493  Mult_acc_2: 0.8165  Mult_acc_3: 0.7091  Mult_acc_5: 0.4569  F1_score: 0.8191  MAE: 0.3341  Corr: 0.7679  clm loss: 3.0472 total loss: 4.714 bn loss: 0.4065 av loss: 0.4569 text loss: 0.4542
2025-12-24 18:59:12,472 - MMSA [INFO] - VAL-(msalm) >>  Mult_acc_2: 0.7741  Mult_acc_3: 0.6711  Mult_acc_5: 0.4232  F1_score: 0.7794  MAE: 0.3868  Corr: 0.6720  Loss: 0.4165 
2025-12-24 18:59:19,423 - MMSA [INFO] - TRAIN-(msalm) [1/21/5] >> loss: 0.3589  Mult_acc_2: 0.8129  Mult_acc_3: 0.7251  Mult_acc_5: 0.4539  F1_score: 0.8150  MAE: 0.3451  Corr: 0.7549  clm loss: 3.0319 total loss: 4.7043 bn loss: 0.4071 av loss: 0.4581 text loss: 0.4483
2025-12-24 18:59:21,048 - MMSA [INFO] - VAL-(msalm) >>  Mult_acc_2: 0.7939  Mult_acc_3: 0.6732  Mult_acc_5: 0.4276  F1_score: 0.7968  MAE: 0.3809  Corr: 0.6761  Loss: 0.4016 
2025-12-24 18:59:28,228 - MMSA [INFO] - TRAIN-(msalm) [1/22/5] >> loss: 0.3544  Mult_acc_2: 0.8209  Mult_acc_3: 0.7135  Mult_acc_5: 0.4423  F1_score: 0.8236  MAE: 0.3362  Corr: 0.7660  clm loss: 3.0061 total loss: 4.6545 bn loss: 0.4053 av loss: 0.4575 text loss: 0.4312
2025-12-24 18:59:29,788 - MMSA [INFO] - VAL-(msalm) >>  Mult_acc_2: 0.7982  Mult_acc_3: 0.6689  Mult_acc_5: 0.4386  F1_score: 0.8011  MAE: 0.3796  Corr: 0.6745  Loss: 0.4228 
2025-12-24 18:59:35,811 - MMSA [INFO] - TRAIN-(msalm) [2/23/5] >> loss: 0.3341  Mult_acc_2: 0.8414  Mult_acc_3: 0.7434  Mult_acc_5: 0.4825  F1_score: 0.8436  MAE: 0.3167  Corr: 0.7896  clm loss: 2.9735 total loss: 4.5908 bn loss: 0.3989 av loss: 0.4519 text loss: 0.4324
2025-12-24 18:59:37,447 - MMSA [INFO] - VAL-(msalm) >>  Mult_acc_2: 0.7807  Mult_acc_3: 0.6820  Mult_acc_5: 0.4342  F1_score: 0.7842  MAE: 0.3846  Corr: 0.6777  Loss: 0.4022 
2025-12-24 18:59:43,590 - MMSA [INFO] - TRAIN-(msalm) [3/24/5] >> loss: 0.3312  Mult_acc_2: 0.8377  Mult_acc_3: 0.7522  Mult_acc_5: 0.5007  F1_score: 0.8402  MAE: 0.3109  Corr: 0.7964  clm loss: 2.957 total loss: 4.5464 bn loss: 0.3988 av loss: 0.4555 text loss: 0.4038
2025-12-24 18:59:45,171 - MMSA [INFO] - VAL-(msalm) >>  Mult_acc_2: 0.7522  Mult_acc_3: 0.6535  Mult_acc_5: 0.4254  F1_score: 0.7604  MAE: 0.3898  Corr: 0.6688  Loss: 0.4054 
2025-12-24 18:59:51,224 - MMSA [INFO] - TRAIN-(msalm) [4/25/5] >> loss: 0.3291  Mult_acc_2: 0.8311  Mult_acc_3: 0.7288  Mult_acc_5: 0.4664  F1_score: 0.8340  MAE: 0.3124  Corr: 0.8027  clm loss: 2.915 total loss: 4.5127 bn loss: 0.3846 av loss: 0.4517 text loss: 0.4323
2025-12-24 18:59:52,833 - MMSA [INFO] - VAL-(msalm) >>  Mult_acc_2: 0.7807  Mult_acc_3: 0.6645  Mult_acc_5: 0.4386  F1_score: 0.7862  MAE: 0.3834  Corr: 0.6734  Loss: 0.3928 
2025-12-24 18:59:59,758 - MMSA [INFO] - TRAIN-(msalm) [1/26/5] >> loss: 0.322  Mult_acc_2: 0.8406  Mult_acc_3: 0.7405  Mult_acc_5: 0.4920  F1_score: 0.8436  MAE: 0.3048  Corr: 0.8055  clm loss: 2.9047 total loss: 4.4785 bn loss: 0.3712 av loss: 0.4628 text loss: 0.4177
2025-12-24 19:00:01,385 - MMSA [INFO] - VAL-(msalm) >>  Mult_acc_2: 0.7982  Mult_acc_3: 0.6711  Mult_acc_5: 0.4276  F1_score: 0.8014  MAE: 0.3801  Corr: 0.6775  Loss: 0.4224 
2025-12-24 19:00:07,460 - MMSA [INFO] - TRAIN-(msalm) [2/27/5] >> loss: 0.3131  Mult_acc_2: 0.8472  Mult_acc_3: 0.7405  Mult_acc_5: 0.4832  F1_score: 0.8492  MAE: 0.2974  Corr: 0.8160  clm loss: 2.8988 total loss: 4.433 bn loss: 0.36 av loss: 0.4542 text loss: 0.4068
2025-12-24 19:00:09,169 - MMSA [INFO] - VAL-(msalm) >>  Mult_acc_2: 0.8004  Mult_acc_3: 0.6645  Mult_acc_5: 0.4167  F1_score: 0.8028  MAE: 0.3833  Corr: 0.6768  Loss: 0.4069 
2025-12-24 19:00:15,309 - MMSA [INFO] - TRAIN-(msalm) [3/28/5] >> loss: 0.3148  Mult_acc_2: 0.8450  Mult_acc_3: 0.7500  Mult_acc_5: 0.4985  F1_score: 0.8476  MAE: 0.2941  Corr: 0.8172  clm loss: 2.8505 total loss: 4.3719 bn loss: 0.356 av loss: 0.4531 text loss: 0.3975
2025-12-24 19:00:17,249 - MMSA [INFO] - VAL-(msalm) >>  Mult_acc_2: 0.8004  Mult_acc_3: 0.6754  Mult_acc_5: 0.4189  F1_score: 0.8021  MAE: 0.3875  Corr: 0.6746  Loss: 0.4042 
2025-12-24 19:00:23,287 - MMSA [INFO] - TRAIN-(msalm) [4/29/5] >> loss: 0.3  Mult_acc_2: 0.8560  Mult_acc_3: 0.7675  Mult_acc_5: 0.5044  F1_score: 0.8578  MAE: 0.2881  Corr: 0.8217  clm loss: 2.8413 total loss: 4.3604 bn loss: 0.3688 av loss: 0.456 text loss: 0.3942
2025-12-24 19:00:24,879 - MMSA [INFO] - VAL-(msalm) >>  Mult_acc_2: 0.7873  Mult_acc_3: 0.6711  Mult_acc_5: 0.3969  F1_score: 0.7842  MAE: 0.3986  Corr: 0.6634  Loss: 0.4174 
2025-12-24 19:00:30,974 - MMSA [INFO] - TRAIN-(msalm) [5/30/5] >> loss: 0.2842  Mult_acc_2: 0.8618  Mult_acc_3: 0.7661  Mult_acc_5: 0.5351  F1_score: 0.8641  MAE: 0.2675  Corr: 0.8486  clm loss: 2.7905 total loss: 4.2638 bn loss: 0.3578 av loss: 0.4548 text loss: 0.3765
2025-12-24 19:00:32,566 - MMSA [INFO] - VAL-(msalm) >>  Mult_acc_2: 0.7939  Mult_acc_3: 0.6689  Mult_acc_5: 0.4101  F1_score: 0.7906  MAE: 0.4010  Corr: 0.6650  Loss: 0.4515 
2025-12-24 19:00:38,627 - MMSA [INFO] - TRAIN-(msalm) [6/31/5] >> loss: 0.2857  Mult_acc_2: 0.8538  Mult_acc_3: 0.7727  Mult_acc_5: 0.5621  F1_score: 0.8570  MAE: 0.2611  Corr: 0.8525  clm loss: 2.8391 total loss: 4.2953 bn loss: 0.3509 av loss: 0.4527 text loss: 0.367
2025-12-24 19:00:40,199 - MMSA [INFO] - VAL-(msalm) >>  Mult_acc_2: 0.7763  Mult_acc_3: 0.6754  Mult_acc_5: 0.4079  F1_score: 0.7802  MAE: 0.3956  Corr: 0.6626  Loss: 0.4122 
2025-12-24 19:00:46,283 - MMSA [INFO] - TRAIN-(msalm) [7/32/5] >> loss: 0.279  Mult_acc_2: 0.8575  Mult_acc_3: 0.7675  Mult_acc_5: 0.5285  F1_score: 0.8601  MAE: 0.2679  Corr: 0.8516  clm loss: 2.7748 total loss: 4.2032 bn loss: 0.3361 av loss: 0.4443 text loss: 0.3689
2025-12-24 19:00:47,970 - MMSA [INFO] - VAL-(msalm) >>  Mult_acc_2: 0.7829  Mult_acc_3: 0.6623  Mult_acc_5: 0.3991  F1_score: 0.7862  MAE: 0.3996  Corr: 0.6568  Loss: 0.4039 
2025-12-24 19:00:54,025 - MMSA [INFO] - TRAIN-(msalm) [8/33/5] >> loss: 0.2782  Mult_acc_2: 0.8582  Mult_acc_3: 0.7727  Mult_acc_5: 0.5534  F1_score: 0.8608  MAE: 0.2657  Corr: 0.8516  clm loss: 2.7507 total loss: 4.1764 bn loss: 0.3277 av loss: 0.4609 text loss: 0.3589
2025-12-24 19:00:55,631 - MMSA [INFO] - VAL-(msalm) >>  Mult_acc_2: 0.7873  Mult_acc_3: 0.6754  Mult_acc_5: 0.4013  F1_score: 0.7887  MAE: 0.3950  Corr: 0.6602  Loss: 0.4118 
2025-12-24 19:01:01,682 - MMSA [INFO] - TRAIN-(msalm) [9/34/5] >> loss: 0.2624  Mult_acc_2: 0.8684  Mult_acc_3: 0.7822  Mult_acc_5: 0.5709  F1_score: 0.8712  MAE: 0.2425  Corr: 0.8736  clm loss: 2.701 total loss: 4.0904 bn loss: 0.3116 av loss: 0.4529 text loss: 0.3624
2025-12-24 19:01:03,275 - MMSA [INFO] - VAL-(msalm) >>  Mult_acc_2: 0.7873  Mult_acc_3: 0.6623  Mult_acc_5: 0.4145  F1_score: 0.7917  MAE: 0.3940  Corr: 0.6588  Loss: 0.4158 
2025-12-24 19:01:09,304 - MMSA [INFO] - TRAIN-(msalm) [10/35/5] >> loss: 0.2497  Mult_acc_2: 0.8735  Mult_acc_3: 0.7953  Mult_acc_5: 0.6089  F1_score: 0.8762  MAE: 0.2295  Corr: 0.8832  clm loss: 2.6873 total loss: 4.0336 bn loss: 0.3061 av loss: 0.4516 text loss: 0.3389
2025-12-24 19:01:10,883 - MMSA [INFO] - VAL-(msalm) >>  Mult_acc_2: 0.7654  Mult_acc_3: 0.6579  Mult_acc_5: 0.4013  F1_score: 0.7705  MAE: 0.4034  Corr: 0.6492  Loss: 0.4079 
2025-12-24 19:01:12,967 - MMSA [INFO] - TEST-(msalm) >>  Mult_acc_2: 0.8074  Mult_acc_3: 0.6915  Mult_acc_5: 0.4289  F1_score: 0.8122  MAE: 0.3761  Corr: 0.6948  Loss: 0.4040 
2025-12-24 19:01:14,240 - MMSA [INFO] - Result for seed 1994: {'Mult_acc_2': 0.8074, 'Mult_acc_3': 0.6915, 'Mult_acc_5': 0.4289, 'F1_score': 0.8122, 'MAE': 0.3761, 'Corr': 0.6948, 'Loss': 0.404, 'seed': 1994}
2025-12-24 19:01:14,267 - MMSA [INFO] - Results saved to MMSA/results/deepmlf-reprod-sims-light-ffn/deepmlf-reprod-sims-light-ffn/normal/sims_avg.csv.
