2025-12-24 19:58:18,441 - MMSA [INFO] - ======================================== Program Start ========================================
2025-12-24 19:58:18,523 - MMSA [INFO] - Running with args:
2025-12-24 19:58:18,524 - MMSA [INFO] - {'model_name': 'msalm', 'dataset_name': 'sims', 'featurePath': '/leonardo_work/EUHPC_A04_051/alexfil/MSA-Datasets/CH-SIMS/unaligned_39.pkl', 'seq_lens': [39, 400, 55], 'feature_dims': [768, 33, 709], 'train_samples': 1368, 'num_classes': 3, 'language': 'cn', 'KeyEval': 'Loss', 'missing_rate': [0.0, 0.0, 0.0], 'missing_seed': [1111, 1111, 1111], 'need_data_aligned': False, 'need_model_aligned': False, 'early_stop': 10, 'use_bert': False, 'use_bert_finetune': False, 'attn_mask': True, 'excludeZero': True, 'update_epochs': 8, 'use_augmentation': False, 'use_m3xup': False, 'hfPath': False, 'use_ulgm': False, 'update_labels_patience': 1, 'H': 3.0, 'del_model': True, 'max_token_len': 39, 'pad_token': '<|endoftext|>', 'lm': '/leonardo_work/EUHPC_A04_051/alexfil/gpt2-chinese-cluecorpussmall', 'use_bf16': False, 'task_out': 1, 'use_clm': True, 'gamma': 1.0, 'l_bn': 1.0, 'l_av': 1.0, 'l_t': 1.0, 'warmup_epochs': 1, 'max_epochs': 100, 'beta_1': 0.9, 'beta_2': 0.95, 'use_lnorm': True, 'rescale': False, 'rescaler': 'sqrt', 'use_seqaug': True, 'n_bn_fusion': 16, 'modded_loss': True, 'embedding_attr_name': 'transformer.wte', 'decoder_layers_attr_name': 'transformer.h', 'mmgpt': {'type': 'gpt2', 'd_out': 64, 'combine': True, 'dropout': 0.1, 'mm_layer': [5, 6, 7, 8, 9, 10, 11], 'layer_dropout': 0.0, 'dense': True, 'tie_ffn': True, 'n_embd': 768, 'bias': True, 'kv_dim': 30, 'n_head': 16, 'd_mm': 768, 'gating': 'sigmoid', 'init_gate': [0.0, 0.0, 0.0, 0.0, 0.0, 0.0, 0.0, 0.0, 0.0, 0.0], 'use_softperm': True, 'p_perm': 0.3, 'p_apply': 0.25, 'use_lora': False, 'lora': {'lora_alpha': 128, 'r': 64, 'lora_dropout': 0.05}}, 'av_enc': {'finetune': True, 'from_pretrained': True, 'path_to_pretrained': '/leonardo_work/EUHPC_A04_051/alexfil/DeepMLF-Reprod/checkpoints/bienc-sims-1990/bienc-sims-1990.pth', 'feature_dims': [768, 33, 709], 'd_enc': 30, 'n_embd': 30, 'n_head': 6, 'nlevels': 3, 'd_enc_out': 30, 'maxlen': 55, 'p_mask': 0.15, 'enc_attn_dropout': 0.1, 'enc_res_dropout': 0.1, 'enc_dropout': 0.1, 'use_softperm': True, 'p_perm': 0.2, 'mask_perm_ratio': 0.5, 'tf_fusion': False, 'use_bn': True, 'use_ln': False}, 'gpt': {'vocab_size': 50257, 'block_size': 1024, 'bias': True, 'n_embd': 1024, 'n_layer': 24, 'n_head': 16, 'dropout': 0.0}, 'batch_size': 32, 'grad_clip': 5.0, 'patience': 10, 'weight_decay_mmgpt': 0.1, 'weight_decay_av': 0.1, 'learning_rate_av': 0.0002, 'learning_rate_mmgpt': 0.0002, 'device': device(type='cuda', index=0), 'train_mode': 'regression', 'custom_feature': None, 'feature_T': '', 'feature_A': '', 'feature_V': ''}
2025-12-24 19:58:18,524 - MMSA [INFO] - Seeds: [1990, 1991, 1992, 1993, 1994]
2025-12-24 19:58:18,525 - MMSA [INFO] - ------------------------------ Running with seed 1990 [1/5] ------------------------------
2025-12-24 19:59:37,258 - MMSA [INFO] - The model has 143934517 trainable parameters
2025-12-24 19:59:44,963 - MMSA [INFO] - TRAIN-(msalm) [1/1/1] >> loss: 0.6534  Mult_acc_2: 0.5439  Mult_acc_3: 0.3823  Mult_acc_5: 0.1754  F1_score: 0.5583  MAE: 0.6519  Corr: 0.0024  clm loss: 7.6391 total loss: 10.8109 bn loss: 0.9936 av loss: 0.6336 text loss: 0.8912
2025-12-24 19:59:46,614 - MMSA [INFO] - VAL-(msalm) >>  Mult_acc_2: 0.6469  Mult_acc_3: 0.4956  Mult_acc_5: 0.2105  F1_score: 0.6382  MAE: 0.5871  Corr: 0.2207  Loss: 0.5927 
2025-12-24 19:59:53,629 - MMSA [INFO] - TRAIN-(msalm) [1/2/1] >> loss: 0.5725  Mult_acc_2: 0.6484  Mult_acc_3: 0.5037  Mult_acc_5: 0.2398  F1_score: 0.6584  MAE: 0.5675  Corr: 0.3155  clm loss: 6.4593 total loss: 9.2415 bn loss: 0.83 av loss: 0.6088 text loss: 0.7709
2025-12-24 19:59:55,274 - MMSA [INFO] - VAL-(msalm) >>  Mult_acc_2: 0.7061  Mult_acc_3: 0.5702  Mult_acc_5: 0.2982  F1_score: 0.7099  MAE: 0.5247  Corr: 0.4296  Loss: 0.5380 
2025-12-24 20:00:02,160 - MMSA [INFO] - TRAIN-(msalm) [1/3/1] >> loss: 0.5196  Mult_acc_2: 0.6996  Mult_acc_3: 0.5841  Mult_acc_5: 0.3151  F1_score: 0.7080  MAE: 0.4999  Corr: 0.4833  clm loss: 5.2596 total loss: 7.7181 bn loss: 0.6968 av loss: 0.5792 text loss: 0.6629
2025-12-24 20:00:03,715 - MMSA [INFO] - VAL-(msalm) >>  Mult_acc_2: 0.6447  Mult_acc_3: 0.5373  Mult_acc_5: 0.2500  F1_score: 0.6586  MAE: 0.5404  Corr: 0.4460  Loss: 0.5475 
2025-12-24 20:00:09,678 - MMSA [INFO] - TRAIN-(msalm) [2/4/1] >> loss: 0.5098  Mult_acc_2: 0.7164  Mult_acc_3: 0.5877  Mult_acc_5: 0.3085  F1_score: 0.7230  MAE: 0.4949  Corr: 0.4956  clm loss: 4.5305 total loss: 6.8091 bn loss: 0.5929 av loss: 0.556 text loss: 0.62
2025-12-24 20:00:11,250 - MMSA [INFO] - VAL-(msalm) >>  Mult_acc_2: 0.6579  Mult_acc_3: 0.5482  Mult_acc_5: 0.2785  F1_score: 0.6705  MAE: 0.5197  Corr: 0.4801  Loss: 0.5320 
2025-12-24 20:00:18,290 - MMSA [INFO] - TRAIN-(msalm) [1/5/1] >> loss: 0.4935  Mult_acc_2: 0.7346  Mult_acc_3: 0.6031  Mult_acc_5: 0.3311  F1_score: 0.7399  MAE: 0.4784  Corr: 0.5307  clm loss: 4.0545 total loss: 6.238 bn loss: 0.5495 av loss: 0.5284 text loss: 0.6121
2025-12-24 20:00:19,862 - MMSA [INFO] - VAL-(msalm) >>  Mult_acc_2: 0.6820  Mult_acc_3: 0.5636  Mult_acc_5: 0.3202  F1_score: 0.6928  MAE: 0.5116  Corr: 0.4820  Loss: 0.5488 
2025-12-24 20:00:25,840 - MMSA [INFO] - TRAIN-(msalm) [2/6/1] >> loss: 0.473  Mult_acc_2: 0.7346  Mult_acc_3: 0.6155  Mult_acc_5: 0.3385  F1_score: 0.7395  MAE: 0.4582  Corr: 0.5602  clm loss: 3.7898 total loss: 5.8739 bn loss: 0.5226 av loss: 0.5111 text loss: 0.5775
2025-12-24 20:00:27,419 - MMSA [INFO] - VAL-(msalm) >>  Mult_acc_2: 0.7237  Mult_acc_3: 0.5921  Mult_acc_5: 0.3355  F1_score: 0.7242  MAE: 0.4912  Corr: 0.4790  Loss: 0.5186 
2025-12-24 20:00:34,265 - MMSA [INFO] - TRAIN-(msalm) [1/7/1] >> loss: 0.4677  Mult_acc_2: 0.7551  Mult_acc_3: 0.6374  Mult_acc_5: 0.3421  F1_score: 0.7573  MAE: 0.4547  Corr: 0.5672  clm loss: 3.6726 total loss: 5.7392 bn loss: 0.5155 av loss: 0.4977 text loss: 0.5857
2025-12-24 20:00:35,862 - MMSA [INFO] - VAL-(msalm) >>  Mult_acc_2: 0.7325  Mult_acc_3: 0.5943  Mult_acc_5: 0.3268  F1_score: 0.7371  MAE: 0.4894  Corr: 0.5041  Loss: 0.5449 
2025-12-24 20:00:41,845 - MMSA [INFO] - TRAIN-(msalm) [2/8/1] >> loss: 0.4613  Mult_acc_2: 0.7602  Mult_acc_3: 0.6433  Mult_acc_5: 0.3428  F1_score: 0.7622  MAE: 0.4479  Corr: 0.5837  clm loss: 3.4992 total loss: 5.5249 bn loss: 0.5116 av loss: 0.4853 text loss: 0.5675
2025-12-24 20:00:43,510 - MMSA [INFO] - VAL-(msalm) >>  Mult_acc_2: 0.7412  Mult_acc_3: 0.6140  Mult_acc_5: 0.3596  F1_score: 0.7427  MAE: 0.4856  Corr: 0.5157  Loss: 0.5255 
2025-12-24 20:00:49,505 - MMSA [INFO] - TRAIN-(msalm) [3/9/1] >> loss: 0.4669  Mult_acc_2: 0.7522  Mult_acc_3: 0.6352  Mult_acc_5: 0.3567  F1_score: 0.7538  MAE: 0.4500  Corr: 0.5813  clm loss: 3.3475 total loss: 5.3581 bn loss: 0.5073 av loss: 0.4791 text loss: 0.5573
2025-12-24 20:00:51,080 - MMSA [INFO] - VAL-(msalm) >>  Mult_acc_2: 0.7654  Mult_acc_3: 0.6140  Mult_acc_5: 0.3553  F1_score: 0.7589  MAE: 0.4709  Corr: 0.5410  Loss: 0.5011 
2025-12-24 20:00:57,938 - MMSA [INFO] - TRAIN-(msalm) [1/10/1] >> loss: 0.4364  Mult_acc_2: 0.7741  Mult_acc_3: 0.6513  Mult_acc_5: 0.3414  F1_score: 0.7734  MAE: 0.4254  Corr: 0.6313  clm loss: 3.3161 total loss: 5.3077 bn loss: 0.5239 av loss: 0.4856 text loss: 0.5457
2025-12-24 20:00:59,516 - MMSA [INFO] - VAL-(msalm) >>  Mult_acc_2: 0.7325  Mult_acc_3: 0.6096  Mult_acc_5: 0.3860  F1_score: 0.7388  MAE: 0.4671  Corr: 0.5329  Loss: 0.4761 
2025-12-24 20:01:06,368 - MMSA [INFO] - TRAIN-(msalm) [1/11/1] >> loss: 0.4297  Mult_acc_2: 0.7800  Mult_acc_3: 0.6718  Mult_acc_5: 0.3867  F1_score: 0.7819  MAE: 0.4137  Corr: 0.6391  clm loss: 3.2599 total loss: 5.2056 bn loss: 0.497 av loss: 0.4769 text loss: 0.542
2025-12-24 20:01:07,950 - MMSA [INFO] - VAL-(msalm) >>  Mult_acc_2: 0.7325  Mult_acc_3: 0.6250  Mult_acc_5: 0.3706  F1_score: 0.7382  MAE: 0.4396  Corr: 0.5794  Loss: 0.4722 
2025-12-24 20:01:14,995 - MMSA [INFO] - TRAIN-(msalm) [1/12/1] >> loss: 0.4227  Mult_acc_2: 0.7873  Mult_acc_3: 0.6718  Mult_acc_5: 0.4028  F1_score: 0.7882  MAE: 0.4073  Corr: 0.6469  clm loss: 3.2523 total loss: 5.1697 bn loss: 0.4949 av loss: 0.4834 text loss: 0.5163
2025-12-24 20:01:16,570 - MMSA [INFO] - VAL-(msalm) >>  Mult_acc_2: 0.7654  Mult_acc_3: 0.6360  Mult_acc_5: 0.3794  F1_score: 0.7636  MAE: 0.4282  Corr: 0.5885  Loss: 0.4418 
2025-12-24 20:01:23,409 - MMSA [INFO] - TRAIN-(msalm) [1/13/1] >> loss: 0.4111  Mult_acc_2: 0.8012  Mult_acc_3: 0.6791  Mult_acc_5: 0.3984  F1_score: 0.8018  MAE: 0.3979  Corr: 0.6645  clm loss: 3.1762 total loss: 5.0487 bn loss: 0.4839 av loss: 0.4688 text loss: 0.5086
2025-12-24 20:01:24,990 - MMSA [INFO] - VAL-(msalm) >>  Mult_acc_2: 0.7741  Mult_acc_3: 0.6338  Mult_acc_5: 0.3816  F1_score: 0.7743  MAE: 0.4188  Corr: 0.6050  Loss: 0.4458 
2025-12-24 20:01:30,960 - MMSA [INFO] - TRAIN-(msalm) [2/14/1] >> loss: 0.3977  Mult_acc_2: 0.7873  Mult_acc_3: 0.6893  Mult_acc_5: 0.4276  F1_score: 0.7912  MAE: 0.3806  Corr: 0.6963  clm loss: 3.1636 total loss: 5.024 bn loss: 0.4716 av loss: 0.4586 text loss: 0.5326
2025-12-24 20:01:32,543 - MMSA [INFO] - VAL-(msalm) >>  Mult_acc_2: 0.7368  Mult_acc_3: 0.6360  Mult_acc_5: 0.3947  F1_score: 0.7431  MAE: 0.4174  Corr: 0.6086  Loss: 0.4367 
2025-12-24 20:01:39,418 - MMSA [INFO] - TRAIN-(msalm) [1/15/1] >> loss: 0.3909  Mult_acc_2: 0.7982  Mult_acc_3: 0.6813  Mult_acc_5: 0.4115  F1_score: 0.8009  MAE: 0.3773  Corr: 0.7016  clm loss: 3.1557 total loss: 4.9919 bn loss: 0.4642 av loss: 0.456 text loss: 0.5251
2025-12-24 20:01:41,007 - MMSA [INFO] - VAL-(msalm) >>  Mult_acc_2: 0.7500  Mult_acc_3: 0.6404  Mult_acc_5: 0.3882  F1_score: 0.7539  MAE: 0.4118  Corr: 0.6245  Loss: 0.4269 
2025-12-24 20:01:47,885 - MMSA [INFO] - TRAIN-(msalm) [1/16/1] >> loss: 0.3891  Mult_acc_2: 0.8063  Mult_acc_3: 0.7003  Mult_acc_5: 0.3933  F1_score: 0.8073  MAE: 0.3788  Corr: 0.7062  clm loss: 3.1315 total loss: 4.9464 bn loss: 0.4652 av loss: 0.4629 text loss: 0.4976
2025-12-24 20:01:49,463 - MMSA [INFO] - VAL-(msalm) >>  Mult_acc_2: 0.7610  Mult_acc_3: 0.6579  Mult_acc_5: 0.4013  F1_score: 0.7642  MAE: 0.4050  Corr: 0.6318  Loss: 0.4162 
2025-12-24 20:01:56,293 - MMSA [INFO] - TRAIN-(msalm) [1/17/1] >> loss: 0.3812  Mult_acc_2: 0.7961  Mult_acc_3: 0.6959  Mult_acc_5: 0.4313  F1_score: 0.7980  MAE: 0.3656  Corr: 0.7183  clm loss: 3.1098 total loss: 4.8771 bn loss: 0.4491 av loss: 0.4532 text loss: 0.4838
2025-12-24 20:01:57,887 - MMSA [INFO] - VAL-(msalm) >>  Mult_acc_2: 0.7675  Mult_acc_3: 0.6601  Mult_acc_5: 0.4167  F1_score: 0.7716  MAE: 0.3993  Corr: 0.6450  Loss: 0.4293 
2025-12-24 20:02:04,053 - MMSA [INFO] - TRAIN-(msalm) [2/18/1] >> loss: 0.3682  Mult_acc_2: 0.8143  Mult_acc_3: 0.6944  Mult_acc_5: 0.4262  F1_score: 0.8154  MAE: 0.3547  Corr: 0.7350  clm loss: 3.1057 total loss: 4.8451 bn loss: 0.445 av loss: 0.4581 text loss: 0.4682
2025-12-24 20:02:05,688 - MMSA [INFO] - VAL-(msalm) >>  Mult_acc_2: 0.7500  Mult_acc_3: 0.6557  Mult_acc_5: 0.4189  F1_score: 0.7575  MAE: 0.3994  Corr: 0.6549  Loss: 0.4298 
2025-12-24 20:02:11,668 - MMSA [INFO] - TRAIN-(msalm) [3/19/1] >> loss: 0.3635  Mult_acc_2: 0.8114  Mult_acc_3: 0.7054  Mult_acc_5: 0.4532  F1_score: 0.8133  MAE: 0.3461  Corr: 0.7425  clm loss: 3.1027 total loss: 4.8121 bn loss: 0.4293 av loss: 0.4568 text loss: 0.4598
2025-12-24 20:02:13,264 - MMSA [INFO] - VAL-(msalm) >>  Mult_acc_2: 0.7588  Mult_acc_3: 0.6754  Mult_acc_5: 0.4232  F1_score: 0.7639  MAE: 0.3919  Corr: 0.6656  Loss: 0.4176 
2025-12-24 20:02:19,245 - MMSA [INFO] - TRAIN-(msalm) [4/20/1] >> loss: 0.3627  Mult_acc_2: 0.8099  Mult_acc_3: 0.7105  Mult_acc_5: 0.4386  F1_score: 0.8114  MAE: 0.3495  Corr: 0.7444  clm loss: 3.0625 total loss: 4.7727 bn loss: 0.4302 av loss: 0.4609 text loss: 0.4565
2025-12-24 20:02:20,815 - MMSA [INFO] - VAL-(msalm) >>  Mult_acc_2: 0.7697  Mult_acc_3: 0.6711  Mult_acc_5: 0.4057  F1_score: 0.7739  MAE: 0.3975  Corr: 0.6662  Loss: 0.4227 
2025-12-24 20:02:26,781 - MMSA [INFO] - TRAIN-(msalm) [5/21/1] >> loss: 0.3536  Mult_acc_2: 0.8114  Mult_acc_3: 0.7193  Mult_acc_5: 0.4554  F1_score: 0.8139  MAE: 0.3409  Corr: 0.7601  clm loss: 3.0123 total loss: 4.7101 bn loss: 0.4231 av loss: 0.4614 text loss: 0.4596
2025-12-24 20:02:28,359 - MMSA [INFO] - VAL-(msalm) >>  Mult_acc_2: 0.7939  Mult_acc_3: 0.6754  Mult_acc_5: 0.4298  F1_score: 0.7921  MAE: 0.3924  Corr: 0.6621  Loss: 0.4200 
2025-12-24 20:02:34,340 - MMSA [INFO] - TRAIN-(msalm) [6/22/1] >> loss: 0.34  Mult_acc_2: 0.8311  Mult_acc_3: 0.7303  Mult_acc_5: 0.4583  F1_score: 0.8330  MAE: 0.3237  Corr: 0.7825  clm loss: 2.9777 total loss: 4.6127 bn loss: 0.409 av loss: 0.449 text loss: 0.437
2025-12-24 20:02:35,900 - MMSA [INFO] - VAL-(msalm) >>  Mult_acc_2: 0.7917  Mult_acc_3: 0.6667  Mult_acc_5: 0.4167  F1_score: 0.7923  MAE: 0.3938  Corr: 0.6614  Loss: 0.4138 
2025-12-24 20:02:42,746 - MMSA [INFO] - TRAIN-(msalm) [1/23/1] >> loss: 0.3402  Mult_acc_2: 0.8297  Mult_acc_3: 0.7281  Mult_acc_5: 0.4803  F1_score: 0.8317  MAE: 0.3245  Corr: 0.7753  clm loss: 2.9597 total loss: 4.5901 bn loss: 0.4004 av loss: 0.4528 text loss: 0.4371
2025-12-24 20:02:44,341 - MMSA [INFO] - VAL-(msalm) >>  Mult_acc_2: 0.7719  Mult_acc_3: 0.6842  Mult_acc_5: 0.4101  F1_score: 0.7762  MAE: 0.3945  Corr: 0.6641  Loss: 0.4110 
2025-12-24 20:02:51,221 - MMSA [INFO] - TRAIN-(msalm) [1/24/1] >> loss: 0.3461  Mult_acc_2: 0.8231  Mult_acc_3: 0.7156  Mult_acc_5: 0.4488  F1_score: 0.8256  MAE: 0.3354  Corr: 0.7674  clm loss: 2.9766 total loss: 4.6262 bn loss: 0.3981 av loss: 0.4565 text loss: 0.449
2025-12-24 20:02:52,792 - MMSA [INFO] - VAL-(msalm) >>  Mult_acc_2: 0.8070  Mult_acc_3: 0.6820  Mult_acc_5: 0.4408  F1_score: 0.8066  MAE: 0.3914  Corr: 0.6635  Loss: 0.4304 
2025-12-24 20:02:58,936 - MMSA [INFO] - TRAIN-(msalm) [2/25/1] >> loss: 0.3207  Mult_acc_2: 0.8333  Mult_acc_3: 0.7485  Mult_acc_5: 0.5000  F1_score: 0.8355  MAE: 0.3075  Corr: 0.8014  clm loss: 2.9247 total loss: 4.5028 bn loss: 0.3825 av loss: 0.448 text loss: 0.4271
2025-12-24 20:03:00,524 - MMSA [INFO] - VAL-(msalm) >>  Mult_acc_2: 0.7851  Mult_acc_3: 0.6623  Mult_acc_5: 0.4013  F1_score: 0.7859  MAE: 0.3990  Corr: 0.6572  Loss: 0.4174 
2025-12-24 20:03:06,522 - MMSA [INFO] - TRAIN-(msalm) [3/26/1] >> loss: 0.3239  Mult_acc_2: 0.8297  Mult_acc_3: 0.7383  Mult_acc_5: 0.4854  F1_score: 0.8314  MAE: 0.3138  Corr: 0.7963  clm loss: 2.8718 total loss: 4.4459 bn loss: 0.3749 av loss: 0.4505 text loss: 0.4248
2025-12-24 20:03:08,094 - MMSA [INFO] - VAL-(msalm) >>  Mult_acc_2: 0.7873  Mult_acc_3: 0.6842  Mult_acc_5: 0.4189  F1_score: 0.7898  MAE: 0.3931  Corr: 0.6639  Loss: 0.4185 
2025-12-24 20:03:14,055 - MMSA [INFO] - TRAIN-(msalm) [4/27/1] >> loss: 0.3126  Mult_acc_2: 0.8246  Mult_acc_3: 0.7412  Mult_acc_5: 0.4971  F1_score: 0.8269  MAE: 0.2986  Corr: 0.8080  clm loss: 2.8762 total loss: 4.3961 bn loss: 0.3613 av loss: 0.4466 text loss: 0.3994
2025-12-24 20:03:15,645 - MMSA [INFO] - VAL-(msalm) >>  Mult_acc_2: 0.7961  Mult_acc_3: 0.6798  Mult_acc_5: 0.4254  F1_score: 0.7958  MAE: 0.3930  Corr: 0.6656  Loss: 0.4141 
2025-12-24 20:03:21,636 - MMSA [INFO] - TRAIN-(msalm) [5/28/1] >> loss: 0.3009  Mult_acc_2: 0.8363  Mult_acc_3: 0.7661  Mult_acc_5: 0.5241  F1_score: 0.8394  MAE: 0.2884  Corr: 0.8176  clm loss: 2.8322 total loss: 4.3264 bn loss: 0.3551 av loss: 0.4498 text loss: 0.3884
2025-12-24 20:03:23,202 - MMSA [INFO] - VAL-(msalm) >>  Mult_acc_2: 0.7807  Mult_acc_3: 0.6820  Mult_acc_5: 0.4211  F1_score: 0.7851  MAE: 0.3961  Corr: 0.6626  Loss: 0.4204 
2025-12-24 20:03:29,168 - MMSA [INFO] - TRAIN-(msalm) [6/29/1] >> loss: 0.2933  Mult_acc_2: 0.8428  Mult_acc_3: 0.7529  Mult_acc_5: 0.5285  F1_score: 0.8455  MAE: 0.2799  Corr: 0.8338  clm loss: 2.8336 total loss: 4.2975 bn loss: 0.3437 av loss: 0.4442 text loss: 0.3827
2025-12-24 20:03:30,753 - MMSA [INFO] - VAL-(msalm) >>  Mult_acc_2: 0.7873  Mult_acc_3: 0.6908  Mult_acc_5: 0.4298  F1_score: 0.7905  MAE: 0.3905  Corr: 0.6645  Loss: 0.4185 
2025-12-24 20:03:36,743 - MMSA [INFO] - TRAIN-(msalm) [7/30/1] >> loss: 0.2935  Mult_acc_2: 0.8348  Mult_acc_3: 0.7471  Mult_acc_5: 0.5344  F1_score: 0.8379  MAE: 0.2790  Corr: 0.8331  clm loss: 2.8188 total loss: 4.2729 bn loss: 0.3303 av loss: 0.4469 text loss: 0.3833
2025-12-24 20:03:38,313 - MMSA [INFO] - VAL-(msalm) >>  Mult_acc_2: 0.7829  Mult_acc_3: 0.6754  Mult_acc_5: 0.4232  F1_score: 0.7871  MAE: 0.3953  Corr: 0.6592  Loss: 0.4116 
2025-12-24 20:03:44,316 - MMSA [INFO] - TRAIN-(msalm) [8/31/1] >> loss: 0.2927  Mult_acc_2: 0.8494  Mult_acc_3: 0.7588  Mult_acc_5: 0.5205  F1_score: 0.8520  MAE: 0.2792  Corr: 0.8372  clm loss: 2.7945 total loss: 4.2324 bn loss: 0.3257 av loss: 0.4439 text loss: 0.3755
2025-12-24 20:03:45,900 - MMSA [INFO] - VAL-(msalm) >>  Mult_acc_2: 0.7895  Mult_acc_3: 0.6711  Mult_acc_5: 0.4167  F1_score: 0.7928  MAE: 0.3927  Corr: 0.6631  Loss: 0.4097 
2025-12-24 20:03:52,924 - MMSA [INFO] - TRAIN-(msalm) [1/32/1] >> loss: 0.2679  Mult_acc_2: 0.8567  Mult_acc_3: 0.7829  Mult_acc_5: 0.5804  F1_score: 0.8591  MAE: 0.2560  Corr: 0.8572  clm loss: 2.7408 total loss: 4.1457 bn loss: 0.318 av loss: 0.4468 text loss: 0.3722
2025-12-24 20:03:54,510 - MMSA [INFO] - VAL-(msalm) >>  Mult_acc_2: 0.7807  Mult_acc_3: 0.6732  Mult_acc_5: 0.4211  F1_score: 0.7857  MAE: 0.3955  Corr: 0.6611  Loss: 0.3973 
2025-12-24 20:04:01,366 - MMSA [INFO] - TRAIN-(msalm) [1/33/1] >> loss: 0.2741  Mult_acc_2: 0.8670  Mult_acc_3: 0.7851  Mult_acc_5: 0.5519  F1_score: 0.8687  MAE: 0.2627  Corr: 0.8527  clm loss: 2.7502 total loss: 4.1761 bn loss: 0.3169 av loss: 0.4535 text loss: 0.3815
2025-12-24 20:04:02,968 - MMSA [INFO] - VAL-(msalm) >>  Mult_acc_2: 0.7763  Mult_acc_3: 0.6667  Mult_acc_5: 0.3860  F1_score: 0.7838  MAE: 0.4101  Corr: 0.6564  Loss: 0.4208 
2025-12-24 20:04:08,953 - MMSA [INFO] - TRAIN-(msalm) [2/34/1] >> loss: 0.256  Mult_acc_2: 0.8655  Mult_acc_3: 0.7873  Mult_acc_5: 0.5877  F1_score: 0.8678  MAE: 0.2403  Corr: 0.8764  clm loss: 2.6689 total loss: 4.06 bn loss: 0.327 av loss: 0.442 text loss: 0.3662
2025-12-24 20:04:10,537 - MMSA [INFO] - VAL-(msalm) >>  Mult_acc_2: 0.7851  Mult_acc_3: 0.6798  Mult_acc_5: 0.4167  F1_score: 0.7912  MAE: 0.3989  Corr: 0.6595  Loss: 0.4153 
2025-12-24 20:04:16,529 - MMSA [INFO] - TRAIN-(msalm) [3/35/1] >> loss: 0.2538  Mult_acc_2: 0.8626  Mult_acc_3: 0.7968  Mult_acc_5: 0.6133  F1_score: 0.8647  MAE: 0.2362  Corr: 0.8750  clm loss: 2.65 total loss: 3.9977 bn loss: 0.3057 av loss: 0.4416 text loss: 0.3466
2025-12-24 20:04:18,097 - MMSA [INFO] - VAL-(msalm) >>  Mult_acc_2: 0.7719  Mult_acc_3: 0.6711  Mult_acc_5: 0.4035  F1_score: 0.7784  MAE: 0.4046  Corr: 0.6498  Loss: 0.4108 
2025-12-24 20:04:24,058 - MMSA [INFO] - TRAIN-(msalm) [4/36/1] >> loss: 0.256  Mult_acc_2: 0.8706  Mult_acc_3: 0.7880  Mult_acc_5: 0.5782  F1_score: 0.8729  MAE: 0.2409  Corr: 0.8732  clm loss: 2.6339 total loss: 3.9745 bn loss: 0.2992 av loss: 0.4428 text loss: 0.3425
2025-12-24 20:04:25,636 - MMSA [INFO] - VAL-(msalm) >>  Mult_acc_2: 0.7654  Mult_acc_3: 0.6425  Mult_acc_5: 0.3618  F1_score: 0.7705  MAE: 0.4152  Corr: 0.6330  Loss: 0.4228 
2025-12-24 20:04:31,612 - MMSA [INFO] - TRAIN-(msalm) [5/37/1] >> loss: 0.2495  Mult_acc_2: 0.8553  Mult_acc_3: 0.7814  Mult_acc_5: 0.5848  F1_score: 0.8581  MAE: 0.2356  Corr: 0.8793  clm loss: 2.6339 total loss: 3.9635 bn loss: 0.2896 av loss: 0.4511 text loss: 0.3393
2025-12-24 20:04:33,183 - MMSA [INFO] - VAL-(msalm) >>  Mult_acc_2: 0.7522  Mult_acc_3: 0.6623  Mult_acc_5: 0.4079  F1_score: 0.7577  MAE: 0.4078  Corr: 0.6384  Loss: 0.4232 
2025-12-24 20:04:39,170 - MMSA [INFO] - TRAIN-(msalm) [6/38/1] >> loss: 0.2392  Mult_acc_2: 0.8509  Mult_acc_3: 0.7924  Mult_acc_5: 0.6155  F1_score: 0.8546  MAE: 0.2214  Corr: 0.8920  clm loss: 2.5878 total loss: 3.8764 bn loss: 0.2778 av loss: 0.4526 text loss: 0.3191
2025-12-24 20:04:40,765 - MMSA [INFO] - VAL-(msalm) >>  Mult_acc_2: 0.7785  Mult_acc_3: 0.6667  Mult_acc_5: 0.4079  F1_score: 0.7842  MAE: 0.4024  Corr: 0.6522  Loss: 0.4100 
2025-12-24 20:04:46,799 - MMSA [INFO] - TRAIN-(msalm) [7/39/1] >> loss: 0.2439  Mult_acc_2: 0.8706  Mult_acc_3: 0.7982  Mult_acc_5: 0.6038  F1_score: 0.8731  MAE: 0.2292  Corr: 0.8930  clm loss: 2.606 total loss: 3.8773 bn loss: 0.2706 av loss: 0.4432 text loss: 0.3136
2025-12-24 20:04:48,709 - MMSA [INFO] - VAL-(msalm) >>  Mult_acc_2: 0.7522  Mult_acc_3: 0.6404  Mult_acc_5: 0.3860  F1_score: 0.7577  MAE: 0.4108  Corr: 0.6386  Loss: 0.4078 
2025-12-24 20:04:54,710 - MMSA [INFO] - TRAIN-(msalm) [8/40/1] >> loss: 0.2374  Mult_acc_2: 0.8604  Mult_acc_3: 0.7997  Mult_acc_5: 0.6001  F1_score: 0.8636  MAE: 0.2210  Corr: 0.8961  clm loss: 2.5717 total loss: 3.8493 bn loss: 0.2671 av loss: 0.4428 text loss: 0.3303
2025-12-24 20:04:56,285 - MMSA [INFO] - VAL-(msalm) >>  Mult_acc_2: 0.7566  Mult_acc_3: 0.6623  Mult_acc_5: 0.4057  F1_score: 0.7648  MAE: 0.4092  Corr: 0.6504  Loss: 0.4228 
2025-12-24 20:05:02,268 - MMSA [INFO] - TRAIN-(msalm) [9/41/1] >> loss: 0.2281  Mult_acc_2: 0.8706  Mult_acc_3: 0.8063  Mult_acc_5: 0.6389  F1_score: 0.8735  MAE: 0.2086  Corr: 0.9045  clm loss: 2.5256 total loss: 3.763 bn loss: 0.2573 av loss: 0.4461 text loss: 0.3059
2025-12-24 20:05:03,864 - MMSA [INFO] - VAL-(msalm) >>  Mult_acc_2: 0.7741  Mult_acc_3: 0.6754  Mult_acc_5: 0.4254  F1_score: 0.7794  MAE: 0.3967  Corr: 0.6568  Loss: 0.4168 
2025-12-24 20:05:09,861 - MMSA [INFO] - TRAIN-(msalm) [10/42/1] >> loss: 0.2233  Mult_acc_2: 0.8794  Mult_acc_3: 0.8173  Mult_acc_5: 0.6345  F1_score: 0.8820  MAE: 0.2098  Corr: 0.9046  clm loss: 2.5132 total loss: 3.7424 bn loss: 0.2521 av loss: 0.4466 text loss: 0.3071
2025-12-24 20:05:11,427 - MMSA [INFO] - VAL-(msalm) >>  Mult_acc_2: 0.7675  Mult_acc_3: 0.6711  Mult_acc_5: 0.3991  F1_score: 0.7736  MAE: 0.4052  Corr: 0.6503  Loss: 0.4130 
2025-12-24 20:05:13,420 - MMSA [INFO] - TEST-(msalm) >>  Mult_acc_2: 0.8228  Mult_acc_3: 0.7112  Mult_acc_5: 0.4398  F1_score: 0.8266  MAE: 0.3606  Corr: 0.7169  Loss: 0.3684 
2025-12-24 20:05:14,686 - MMSA [INFO] - Result for seed 1990: {'Mult_acc_2': 0.8228, 'Mult_acc_3': 0.7112, 'Mult_acc_5': 0.4398, 'F1_score': 0.8266, 'MAE': 0.3606, 'Corr': 0.7169, 'Loss': 0.3684, 'seed': 1990}
2025-12-24 20:05:14,688 - MMSA [INFO] - ------------------------------ Running with seed 1991 [2/5] ------------------------------
2025-12-24 20:06:28,005 - MMSA [INFO] - The model has 143934517 trainable parameters
2025-12-24 20:06:34,016 - MMSA [INFO] - TRAIN-(msalm) [1/1/2] >> loss: 0.7281  Mult_acc_2: 0.3925  Mult_acc_3: 0.3063  Mult_acc_5: 0.1586  F1_score: 0.3717  MAE: 0.7266  Corr: 0.0275  clm loss: 7.5868 total loss: 10.9901 bn loss: 1.0035 av loss: 0.7611 text loss: 0.9105
2025-12-24 20:06:35,620 - MMSA [INFO] - VAL-(msalm) >>  Mult_acc_2: 0.4956  Mult_acc_3: 0.3640  Mult_acc_5: 0.1974  F1_score: 0.4938  MAE: 0.6551  Corr: 0.1981  Loss: 0.6446 
2025-12-24 20:06:42,749 - MMSA [INFO] - TRAIN-(msalm) [1/2/2] >> loss: 0.6726  Mult_acc_2: 0.4744  Mult_acc_3: 0.3721  Mult_acc_5: 0.1959  F1_score: 0.4678  MAE: 0.6687  Corr: 0.2604  clm loss: 6.4159 total loss: 9.34 bn loss: 0.7887 av loss: 0.6908 text loss: 0.772
2025-12-24 20:06:44,320 - MMSA [INFO] - VAL-(msalm) >>  Mult_acc_2: 0.5943  Mult_acc_3: 0.4846  Mult_acc_5: 0.2346  F1_score: 0.6082  MAE: 0.5753  Corr: 0.4119  Loss: 0.5830 
2025-12-24 20:06:51,226 - MMSA [INFO] - TRAIN-(msalm) [1/3/2] >> loss: 0.6056  Mult_acc_2: 0.5607  Mult_acc_3: 0.4766  Mult_acc_5: 0.2610  F1_score: 0.5662  MAE: 0.5919  Corr: 0.4555  clm loss: 5.243 total loss: 7.8063 bn loss: 0.6345 av loss: 0.6433 text loss: 0.6798
2025-12-24 20:06:52,830 - MMSA [INFO] - VAL-(msalm) >>  Mult_acc_2: 0.5811  Mult_acc_3: 0.4846  Mult_acc_5: 0.2522  F1_score: 0.5908  MAE: 0.5908  Corr: 0.4608  Loss: 0.6072 
2025-12-24 20:06:58,803 - MMSA [INFO] - TRAIN-(msalm) [2/4/2] >> loss: 0.5984  Mult_acc_2: 0.6075  Mult_acc_3: 0.5219  Mult_acc_5: 0.2814  F1_score: 0.6178  MAE: 0.5709  Corr: 0.4738  clm loss: 4.4946 total loss: 6.9041 bn loss: 0.5894 av loss: 0.613 text loss: 0.6088
2025-12-24 20:07:00,430 - MMSA [INFO] - VAL-(msalm) >>  Mult_acc_2: 0.5241  Mult_acc_3: 0.4364  Mult_acc_5: 0.2127  F1_score: 0.5237  MAE: 0.6483  Corr: 0.4645  Loss: 0.6941 
2025-12-24 20:07:06,395 - MMSA [INFO] - TRAIN-(msalm) [3/5/2] >> loss: 0.5682  Mult_acc_2: 0.6287  Mult_acc_3: 0.5344  Mult_acc_5: 0.2858  F1_score: 0.6402  MAE: 0.5503  Corr: 0.4983  clm loss: 4.0782 total loss: 6.3791 bn loss: 0.5528 av loss: 0.5913 text loss: 0.5885
2025-12-24 20:07:07,976 - MMSA [INFO] - VAL-(msalm) >>  Mult_acc_2: 0.4627  Mult_acc_3: 0.4145  Mult_acc_5: 0.2193  F1_score: 0.4407  MAE: 0.6839  Corr: 0.4841  Loss: 0.7170 
2025-12-24 20:07:14,000 - MMSA [INFO] - TRAIN-(msalm) [4/6/2] >> loss: 0.5437  Mult_acc_2: 0.6469  Mult_acc_3: 0.5504  Mult_acc_5: 0.2741  F1_score: 0.6591  MAE: 0.5335  Corr: 0.5318  clm loss: 3.8004 total loss: 6.0352 bn loss: 0.5336 av loss: 0.5652 text loss: 0.5923
2025-12-24 20:07:15,588 - MMSA [INFO] - VAL-(msalm) >>  Mult_acc_2: 0.5833  Mult_acc_3: 0.4934  Mult_acc_5: 0.2675  F1_score: 0.5913  MAE: 0.5522  Corr: 0.5334  Loss: 0.5796 
2025-12-24 20:07:22,471 - MMSA [INFO] - TRAIN-(msalm) [1/7/2] >> loss: 0.5165  Mult_acc_2: 0.6645  Mult_acc_3: 0.5577  Mult_acc_5: 0.2997  F1_score: 0.6767  MAE: 0.5058  Corr: 0.5610  clm loss: 3.6098 total loss: 5.789 bn loss: 0.5338 av loss: 0.5471 text loss: 0.5817
2025-12-24 20:07:24,078 - MMSA [INFO] - VAL-(msalm) >>  Mult_acc_2: 0.5811  Mult_acc_3: 0.5132  Mult_acc_5: 0.2566  F1_score: 0.5883  MAE: 0.5797  Corr: 0.5099  Loss: 0.6247 
2025-12-24 20:07:30,074 - MMSA [INFO] - TRAIN-(msalm) [2/8/2] >> loss: 0.5059  Mult_acc_2: 0.6703  Mult_acc_3: 0.5585  Mult_acc_5: 0.3216  F1_score: 0.6829  MAE: 0.4850  Corr: 0.5786  clm loss: 3.4641 total loss: 5.5699 bn loss: 0.5098 av loss: 0.5229 text loss: 0.5672
2025-12-24 20:07:31,681 - MMSA [INFO] - VAL-(msalm) >>  Mult_acc_2: 0.5307  Mult_acc_3: 0.4825  Mult_acc_5: 0.2785  F1_score: 0.5273  MAE: 0.6483  Corr: 0.4952  Loss: 0.7407 
2025-12-24 20:07:37,884 - MMSA [INFO] - TRAIN-(msalm) [3/9/2] >> loss: 0.4808  Mult_acc_2: 0.6871  Mult_acc_3: 0.5855  Mult_acc_5: 0.3348  F1_score: 0.6994  MAE: 0.4677  Corr: 0.5977  clm loss: 3.3675 total loss: 5.4 bn loss: 0.4978 av loss: 0.5041 text loss: 0.5497
2025-12-24 20:07:39,461 - MMSA [INFO] - VAL-(msalm) >>  Mult_acc_2: 0.5197  Mult_acc_3: 0.4671  Mult_acc_5: 0.2610  F1_score: 0.5101  MAE: 0.6404  Corr: 0.5058  Loss: 0.7026 
2025-12-24 20:07:45,439 - MMSA [INFO] - TRAIN-(msalm) [4/10/2] >> loss: 0.4596  Mult_acc_2: 0.7032  Mult_acc_3: 0.6096  Mult_acc_5: 0.3414  F1_score: 0.7147  MAE: 0.4515  Corr: 0.6115  clm loss: 3.2788 total loss: 5.2715 bn loss: 0.4973 av loss: 0.4958 text loss: 0.54
2025-12-24 20:07:47,037 - MMSA [INFO] - VAL-(msalm) >>  Mult_acc_2: 0.6338  Mult_acc_3: 0.5482  Mult_acc_5: 0.3070  F1_score: 0.6444  MAE: 0.5166  Corr: 0.5645  Loss: 0.5617 
2025-12-24 20:07:53,931 - MMSA [INFO] - TRAIN-(msalm) [1/11/2] >> loss: 0.4395  Mult_acc_2: 0.7310  Mult_acc_3: 0.6243  Mult_acc_5: 0.3538  F1_score: 0.7414  MAE: 0.4280  Corr: 0.6609  clm loss: 3.264 total loss: 5.1959 bn loss: 0.4885 av loss: 0.4873 text loss: 0.5166
2025-12-24 20:07:55,593 - MMSA [INFO] - VAL-(msalm) >>  Mult_acc_2: 0.6798  Mult_acc_3: 0.5921  Mult_acc_5: 0.3355  F1_score: 0.6924  MAE: 0.4714  Corr: 0.5773  Loss: 0.5418 
2025-12-24 20:08:02,473 - MMSA [INFO] - TRAIN-(msalm) [1/12/2] >> loss: 0.4257  Mult_acc_2: 0.7376  Mult_acc_3: 0.6623  Mult_acc_5: 0.3911  F1_score: 0.7469  MAE: 0.4055  Corr: 0.6711  clm loss: 3.2461 total loss: 5.1222 bn loss: 0.4703 av loss: 0.4744 text loss: 0.5057
2025-12-24 20:08:04,071 - MMSA [INFO] - VAL-(msalm) >>  Mult_acc_2: 0.7127  Mult_acc_3: 0.6272  Mult_acc_5: 0.3816  F1_score: 0.7234  MAE: 0.4417  Corr: 0.6039  Loss: 0.4843 
2025-12-24 20:08:11,015 - MMSA [INFO] - TRAIN-(msalm) [1/13/2] >> loss: 0.4171  Mult_acc_2: 0.7573  Mult_acc_3: 0.6455  Mult_acc_5: 0.3677  F1_score: 0.7655  MAE: 0.4065  Corr: 0.6809  clm loss: 3.1886 total loss: 5.0436 bn loss: 0.4664 av loss: 0.4719 text loss: 0.4995
2025-12-24 20:08:12,659 - MMSA [INFO] - VAL-(msalm) >>  Mult_acc_2: 0.7149  Mult_acc_3: 0.6250  Mult_acc_5: 0.3925  F1_score: 0.7257  MAE: 0.4323  Corr: 0.6230  Loss: 0.4816 
2025-12-24 20:08:19,554 - MMSA [INFO] - TRAIN-(msalm) [1/14/2] >> loss: 0.3991  Mult_acc_2: 0.7880  Mult_acc_3: 0.6835  Mult_acc_5: 0.3977  F1_score: 0.7948  MAE: 0.3823  Corr: 0.7134  clm loss: 3.1863 total loss: 5.0205 bn loss: 0.4548 av loss: 0.473 text loss: 0.5073
2025-12-24 20:08:21,222 - MMSA [INFO] - VAL-(msalm) >>  Mult_acc_2: 0.7456  Mult_acc_3: 0.6382  Mult_acc_5: 0.4057  F1_score: 0.7537  MAE: 0.4179  Corr: 0.6205  Loss: 0.4671 
2025-12-24 20:08:28,157 - MMSA [INFO] - TRAIN-(msalm) [1/15/2] >> loss: 0.3926  Mult_acc_2: 0.7822  Mult_acc_3: 0.6696  Mult_acc_5: 0.4086  F1_score: 0.7883  MAE: 0.3759  Corr: 0.7144  clm loss: 3.1799 total loss: 4.9832 bn loss: 0.4468 av loss: 0.4687 text loss: 0.4952
2025-12-24 20:08:30,294 - MMSA [INFO] - VAL-(msalm) >>  Mult_acc_2: 0.7368  Mult_acc_3: 0.6404  Mult_acc_5: 0.3904  F1_score: 0.7462  MAE: 0.4217  Corr: 0.6329  Loss: 0.4714 
2025-12-24 20:08:36,299 - MMSA [INFO] - TRAIN-(msalm) [2/16/2] >> loss: 0.3873  Mult_acc_2: 0.7858  Mult_acc_3: 0.6857  Mult_acc_5: 0.4130  F1_score: 0.7912  MAE: 0.3702  Corr: 0.7222  clm loss: 3.1318 total loss: 4.939 bn loss: 0.4494 av loss: 0.4731 text loss: 0.4975
2025-12-24 20:08:37,883 - MMSA [INFO] - VAL-(msalm) >>  Mult_acc_2: 0.7346  Mult_acc_3: 0.6404  Mult_acc_5: 0.4035  F1_score: 0.7438  MAE: 0.4131  Corr: 0.6323  Loss: 0.4362 
2025-12-24 20:08:44,782 - MMSA [INFO] - TRAIN-(msalm) [1/17/2] >> loss: 0.3656  Mult_acc_2: 0.8077  Mult_acc_3: 0.6908  Mult_acc_5: 0.4262  F1_score: 0.8119  MAE: 0.3524  Corr: 0.7485  clm loss: 3.1129 total loss: 4.8576 bn loss: 0.4315 av loss: 0.4627 text loss: 0.4848
2025-12-24 20:08:46,374 - MMSA [INFO] - VAL-(msalm) >>  Mult_acc_2: 0.7018  Mult_acc_3: 0.6118  Mult_acc_5: 0.3882  F1_score: 0.7135  MAE: 0.4199  Corr: 0.6436  Loss: 0.4301 
2025-12-24 20:08:53,280 - MMSA [INFO] - TRAIN-(msalm) [1/18/2] >> loss: 0.3569  Mult_acc_2: 0.8143  Mult_acc_3: 0.7105  Mult_acc_5: 0.4342  F1_score: 0.8185  MAE: 0.3420  Corr: 0.7644  clm loss: 3.078 total loss: 4.7923 bn loss: 0.4183 av loss: 0.4633 text loss: 0.4758
2025-12-24 20:08:54,885 - MMSA [INFO] - VAL-(msalm) >>  Mult_acc_2: 0.7018  Mult_acc_3: 0.6075  Mult_acc_5: 0.3487  F1_score: 0.7135  MAE: 0.4416  Corr: 0.6454  Loss: 0.4616 
2025-12-24 20:09:00,884 - MMSA [INFO] - TRAIN-(msalm) [2/19/2] >> loss: 0.3557  Mult_acc_2: 0.8297  Mult_acc_3: 0.7098  Mult_acc_5: 0.4349  F1_score: 0.8324  MAE: 0.3425  Corr: 0.7640  clm loss: 3.0879 total loss: 4.7781 bn loss: 0.4032 av loss: 0.4608 text loss: 0.4705
2025-12-24 20:09:02,527 - MMSA [INFO] - VAL-(msalm) >>  Mult_acc_2: 0.7325  Mult_acc_3: 0.6689  Mult_acc_5: 0.4145  F1_score: 0.7422  MAE: 0.4049  Corr: 0.6600  Loss: 0.4383 
2025-12-24 20:09:08,509 - MMSA [INFO] - TRAIN-(msalm) [3/20/2] >> loss: 0.3474  Mult_acc_2: 0.8253  Mult_acc_3: 0.7303  Mult_acc_5: 0.4656  F1_score: 0.8286  MAE: 0.3313  Corr: 0.7660  clm loss: 3.0713 total loss: 4.7311 bn loss: 0.3942 av loss: 0.4631 text loss: 0.4551
2025-12-24 20:09:10,122 - MMSA [INFO] - VAL-(msalm) >>  Mult_acc_2: 0.7741  Mult_acc_3: 0.6535  Mult_acc_5: 0.4101  F1_score: 0.7782  MAE: 0.3947  Corr: 0.6514  Loss: 0.4250 
2025-12-24 20:09:17,048 - MMSA [INFO] - TRAIN-(msalm) [1/21/2] >> loss: 0.3335  Mult_acc_2: 0.8268  Mult_acc_3: 0.7383  Mult_acc_5: 0.4744  F1_score: 0.8299  MAE: 0.3202  Corr: 0.7888  clm loss: 3.0221 total loss: 4.6492 bn loss: 0.3781 av loss: 0.4625 text loss: 0.453
2025-12-24 20:09:18,701 - MMSA [INFO] - VAL-(msalm) >>  Mult_acc_2: 0.7961  Mult_acc_3: 0.6623  Mult_acc_5: 0.4057  F1_score: 0.7985  MAE: 0.3926  Corr: 0.6579  Loss: 0.4171 
2025-12-24 20:09:25,768 - MMSA [INFO] - TRAIN-(msalm) [1/22/2] >> loss: 0.3343  Mult_acc_2: 0.8289  Mult_acc_3: 0.7222  Mult_acc_5: 0.4605  F1_score: 0.8320  MAE: 0.3214  Corr: 0.7866  clm loss: 2.9932 total loss: 4.6124 bn loss: 0.3798 av loss: 0.4637 text loss: 0.4414
2025-12-24 20:09:27,355 - MMSA [INFO] - VAL-(msalm) >>  Mult_acc_2: 0.7982  Mult_acc_3: 0.6667  Mult_acc_5: 0.4211  F1_score: 0.8028  MAE: 0.3869  Corr: 0.6695  Loss: 0.4124 
2025-12-24 20:09:34,280 - MMSA [INFO] - TRAIN-(msalm) [1/23/2] >> loss: 0.3133  Mult_acc_2: 0.8458  Mult_acc_3: 0.7515  Mult_acc_5: 0.5044  F1_score: 0.8487  MAE: 0.2992  Corr: 0.8163  clm loss: 2.9768 total loss: 4.5459 bn loss: 0.3664 av loss: 0.4585 text loss: 0.4308
2025-12-24 20:09:35,883 - MMSA [INFO] - VAL-(msalm) >>  Mult_acc_2: 0.7939  Mult_acc_3: 0.6820  Mult_acc_5: 0.4189  F1_score: 0.7983  MAE: 0.3889  Corr: 0.6686  Loss: 0.4051 
2025-12-24 20:09:42,798 - MMSA [INFO] - TRAIN-(msalm) [1/24/2] >> loss: 0.3086  Mult_acc_2: 0.8450  Mult_acc_3: 0.7515  Mult_acc_5: 0.5073  F1_score: 0.8480  MAE: 0.2940  Corr: 0.8226  clm loss: 2.9639 total loss: 4.5084 bn loss: 0.3627 av loss: 0.4593 text loss: 0.4139
2025-12-24 20:09:44,411 - MMSA [INFO] - VAL-(msalm) >>  Mult_acc_2: 0.7785  Mult_acc_3: 0.6908  Mult_acc_5: 0.4211  F1_score: 0.7842  MAE: 0.3900  Corr: 0.6640  Loss: 0.4110 
2025-12-24 20:09:50,424 - MMSA [INFO] - TRAIN-(msalm) [2/25/2] >> loss: 0.3023  Mult_acc_2: 0.8414  Mult_acc_3: 0.7617  Mult_acc_5: 0.5183  F1_score: 0.8446  MAE: 0.2878  Corr: 0.8243  clm loss: 2.9437 total loss: 4.466 bn loss: 0.3558 av loss: 0.459 text loss: 0.4051
2025-12-24 20:09:52,016 - MMSA [INFO] - VAL-(msalm) >>  Mult_acc_2: 0.7741  Mult_acc_3: 0.6798  Mult_acc_5: 0.4474  F1_score: 0.7810  MAE: 0.3944  Corr: 0.6643  Loss: 0.4099 
2025-12-24 20:09:58,024 - MMSA [INFO] - TRAIN-(msalm) [3/26/2] >> loss: 0.2979  Mult_acc_2: 0.8385  Mult_acc_3: 0.7617  Mult_acc_5: 0.5227  F1_score: 0.8417  MAE: 0.2783  Corr: 0.8296  clm loss: 2.8904 total loss: 4.3791 bn loss: 0.3438 av loss: 0.4576 text loss: 0.3894
2025-12-24 20:09:59,681 - MMSA [INFO] - VAL-(msalm) >>  Mult_acc_2: 0.7763  Mult_acc_3: 0.6667  Mult_acc_5: 0.4276  F1_score: 0.7822  MAE: 0.3918  Corr: 0.6544  Loss: 0.4125 
2025-12-24 20:10:05,690 - MMSA [INFO] - TRAIN-(msalm) [4/27/2] >> loss: 0.2853  Mult_acc_2: 0.8428  Mult_acc_3: 0.7602  Mult_acc_5: 0.5344  F1_score: 0.8465  MAE: 0.2691  Corr: 0.8515  clm loss: 2.8827 total loss: 4.3306 bn loss: 0.3294 av loss: 0.456 text loss: 0.3772
2025-12-24 20:10:07,282 - MMSA [INFO] - VAL-(msalm) >>  Mult_acc_2: 0.7763  Mult_acc_3: 0.6732  Mult_acc_5: 0.4211  F1_score: 0.7824  MAE: 0.3944  Corr: 0.6520  Loss: 0.4043 
2025-12-24 20:10:14,172 - MMSA [INFO] - TRAIN-(msalm) [1/28/2] >> loss: 0.2821  Mult_acc_2: 0.8509  Mult_acc_3: 0.7675  Mult_acc_5: 0.5351  F1_score: 0.8536  MAE: 0.2646  Corr: 0.8545  clm loss: 2.8859 total loss: 4.3317 bn loss: 0.3202 av loss: 0.4462 text loss: 0.3972
2025-12-24 20:10:15,781 - MMSA [INFO] - VAL-(msalm) >>  Mult_acc_2: 0.7785  Mult_acc_3: 0.6798  Mult_acc_5: 0.4320  F1_score: 0.7849  MAE: 0.3889  Corr: 0.6653  Loss: 0.4139 
2025-12-24 20:10:21,793 - MMSA [INFO] - TRAIN-(msalm) [2/29/2] >> loss: 0.2895  Mult_acc_2: 0.8406  Mult_acc_3: 0.7763  Mult_acc_5: 0.5548  F1_score: 0.8443  MAE: 0.2709  Corr: 0.8368  clm loss: 2.8279 total loss: 4.2791 bn loss: 0.3161 av loss: 0.4655 text loss: 0.3801
2025-12-24 20:10:23,640 - MMSA [INFO] - VAL-(msalm) >>  Mult_acc_2: 0.7478  Mult_acc_3: 0.6842  Mult_acc_5: 0.4386  F1_score: 0.7572  MAE: 0.4060  Corr: 0.6601  Loss: 0.4136 
2025-12-24 20:10:29,655 - MMSA [INFO] - TRAIN-(msalm) [3/30/2] >> loss: 0.2644  Mult_acc_2: 0.8633  Mult_acc_3: 0.7807  Mult_acc_5: 0.5665  F1_score: 0.8659  MAE: 0.2499  Corr: 0.8629  clm loss: 2.8351 total loss: 4.2427 bn loss: 0.3197 av loss: 0.4474 text loss: 0.3761
2025-12-24 20:10:31,258 - MMSA [INFO] - VAL-(msalm) >>  Mult_acc_2: 0.7544  Mult_acc_3: 0.6820  Mult_acc_5: 0.4189  F1_score: 0.7629  MAE: 0.3972  Corr: 0.6574  Loss: 0.4086 
2025-12-24 20:10:37,247 - MMSA [INFO] - TRAIN-(msalm) [4/31/2] >> loss: 0.2652  Mult_acc_2: 0.8640  Mult_acc_3: 0.7829  Mult_acc_5: 0.5526  F1_score: 0.8668  MAE: 0.2491  Corr: 0.8717  clm loss: 2.7874 total loss: 4.1826 bn loss: 0.3088 av loss: 0.45 text loss: 0.3711
2025-12-24 20:10:38,825 - MMSA [INFO] - VAL-(msalm) >>  Mult_acc_2: 0.7675  Mult_acc_3: 0.6798  Mult_acc_5: 0.4254  F1_score: 0.7743  MAE: 0.3946  Corr: 0.6577  Loss: 0.4142 
2025-12-24 20:10:44,829 - MMSA [INFO] - TRAIN-(msalm) [5/32/2] >> loss: 0.2496  Mult_acc_2: 0.8728  Mult_acc_3: 0.7968  Mult_acc_5: 0.5972  F1_score: 0.8753  MAE: 0.2333  Corr: 0.8815  clm loss: 2.7572 total loss: 4.1001 bn loss: 0.2978 av loss: 0.4524 text loss: 0.3431
2025-12-24 20:10:46,429 - MMSA [INFO] - VAL-(msalm) >>  Mult_acc_2: 0.7478  Mult_acc_3: 0.6645  Mult_acc_5: 0.4386  F1_score: 0.7574  MAE: 0.4032  Corr: 0.6561  Loss: 0.4269 
2025-12-24 20:10:52,430 - MMSA [INFO] - TRAIN-(msalm) [6/33/2] >> loss: 0.2466  Mult_acc_2: 0.8735  Mult_acc_3: 0.8056  Mult_acc_5: 0.6126  F1_score: 0.8765  MAE: 0.2252  Corr: 0.8870  clm loss: 2.7484 total loss: 4.0747 bn loss: 0.2875 av loss: 0.4499 text loss: 0.3423
2025-12-24 20:10:54,010 - MMSA [INFO] - VAL-(msalm) >>  Mult_acc_2: 0.7434  Mult_acc_3: 0.6667  Mult_acc_5: 0.4035  F1_score: 0.7530  MAE: 0.4107  Corr: 0.6539  Loss: 0.4209 
2025-12-24 20:11:00,023 - MMSA [INFO] - TRAIN-(msalm) [7/34/2] >> loss: 0.243  Mult_acc_2: 0.8662  Mult_acc_3: 0.7909  Mult_acc_5: 0.5914  F1_score: 0.8695  MAE: 0.2255  Corr: 0.8916  clm loss: 2.7064 total loss: 4.025 bn loss: 0.2924 av loss: 0.4496 text loss: 0.3334
2025-12-24 20:11:01,615 - MMSA [INFO] - VAL-(msalm) >>  Mult_acc_2: 0.7763  Mult_acc_3: 0.6864  Mult_acc_5: 0.4408  F1_score: 0.7824  MAE: 0.3930  Corr: 0.6610  Loss: 0.4037 
2025-12-24 20:11:08,526 - MMSA [INFO] - TRAIN-(msalm) [1/35/2] >> loss: 0.24  Mult_acc_2: 0.8538  Mult_acc_3: 0.8012  Mult_acc_5: 0.5892  F1_score: 0.8574  MAE: 0.2237  Corr: 0.8917  clm loss: 2.7105 total loss: 4.0332 bn loss: 0.2885 av loss: 0.4529 text loss: 0.3414
2025-12-24 20:11:10,105 - MMSA [INFO] - VAL-(msalm) >>  Mult_acc_2: 0.7654  Mult_acc_3: 0.6732  Mult_acc_5: 0.4189  F1_score: 0.7731  MAE: 0.3980  Corr: 0.6635  Loss: 0.4132 
2025-12-24 20:11:16,097 - MMSA [INFO] - TRAIN-(msalm) [2/36/2] >> loss: 0.2237  Mult_acc_2: 0.8845  Mult_acc_3: 0.8085  Mult_acc_5: 0.6184  F1_score: 0.8872  MAE: 0.2059  Corr: 0.9050  clm loss: 2.6621 total loss: 3.9413 bn loss: 0.2761 av loss: 0.4518 text loss: 0.3276
2025-12-24 20:11:17,906 - MMSA [INFO] - VAL-(msalm) >>  Mult_acc_2: 0.7763  Mult_acc_3: 0.6798  Mult_acc_5: 0.4298  F1_score: 0.7826  MAE: 0.3859  Corr: 0.6729  Loss: 0.3926 
2025-12-24 20:11:24,823 - MMSA [INFO] - TRAIN-(msalm) [1/37/2] >> loss: 0.2266  Mult_acc_2: 0.8852  Mult_acc_3: 0.8158  Mult_acc_5: 0.6257  F1_score: 0.8877  MAE: 0.2090  Corr: 0.9047  clm loss: 2.6367 total loss: 3.9225 bn loss: 0.2714 av loss: 0.4522 text loss: 0.3356
2025-12-24 20:11:26,415 - MMSA [INFO] - VAL-(msalm) >>  Mult_acc_2: 0.7961  Mult_acc_3: 0.6952  Mult_acc_5: 0.4342  F1_score: 0.8003  MAE: 0.3821  Corr: 0.6724  Loss: 0.3935 
2025-12-24 20:11:32,422 - MMSA [INFO] - TRAIN-(msalm) [2/38/2] >> loss: 0.2219  Mult_acc_2: 0.8874  Mult_acc_3: 0.8246  Mult_acc_5: 0.6484  F1_score: 0.8901  MAE: 0.2028  Corr: 0.9095  clm loss: 2.6249 total loss: 3.8812 bn loss: 0.2587 av loss: 0.4506 text loss: 0.325
2025-12-24 20:11:34,024 - MMSA [INFO] - VAL-(msalm) >>  Mult_acc_2: 0.7785  Mult_acc_3: 0.6601  Mult_acc_5: 0.4079  F1_score: 0.7849  MAE: 0.3924  Corr: 0.6708  Loss: 0.4061 
2025-12-24 20:11:40,033 - MMSA [INFO] - TRAIN-(msalm) [3/39/2] >> loss: 0.2116  Mult_acc_2: 0.8860  Mult_acc_3: 0.8194  Mult_acc_5: 0.6469  F1_score: 0.8887  MAE: 0.1939  Corr: 0.9164  clm loss: 2.6391 total loss: 3.8552 bn loss: 0.2534 av loss: 0.4493 text loss: 0.3018
2025-12-24 20:11:41,601 - MMSA [INFO] - VAL-(msalm) >>  Mult_acc_2: 0.7697  Mult_acc_3: 0.6535  Mult_acc_5: 0.3947  F1_score: 0.7766  MAE: 0.4056  Corr: 0.6537  Loss: 0.4035 
2025-12-24 20:11:47,599 - MMSA [INFO] - TRAIN-(msalm) [4/40/2] >> loss: 0.2118  Mult_acc_2: 0.8882  Mult_acc_3: 0.8311  Mult_acc_5: 0.6462  F1_score: 0.8909  MAE: 0.1942  Corr: 0.9194  clm loss: 2.579 total loss: 3.7951 bn loss: 0.2509 av loss: 0.4466 text loss: 0.3067
2025-12-24 20:11:49,208 - MMSA [INFO] - VAL-(msalm) >>  Mult_acc_2: 0.7654  Mult_acc_3: 0.6623  Mult_acc_5: 0.4057  F1_score: 0.7731  MAE: 0.3988  Corr: 0.6645  Loss: 0.4111 
2025-12-24 20:11:55,221 - MMSA [INFO] - TRAIN-(msalm) [5/41/2] >> loss: 0.2124  Mult_acc_2: 0.8765  Mult_acc_3: 0.8121  Mult_acc_5: 0.6411  F1_score: 0.8794  MAE: 0.1913  Corr: 0.9206  clm loss: 2.552 total loss: 3.7452 bn loss: 0.2311 av loss: 0.4491 text loss: 0.3006
2025-12-24 20:11:56,809 - MMSA [INFO] - VAL-(msalm) >>  Mult_acc_2: 0.7588  Mult_acc_3: 0.6601  Mult_acc_5: 0.4123  F1_score: 0.7668  MAE: 0.3963  Corr: 0.6683  Loss: 0.4010 
2025-12-24 20:12:02,800 - MMSA [INFO] - TRAIN-(msalm) [6/42/2] >> loss: 0.1993  Mult_acc_2: 0.8969  Mult_acc_3: 0.8385  Mult_acc_5: 0.6711  F1_score: 0.8993  MAE: 0.1832  Corr: 0.9314  clm loss: 2.532 total loss: 3.738 bn loss: 0.24 av loss: 0.4473 text loss: 0.3195
2025-12-24 20:12:04,396 - MMSA [INFO] - VAL-(msalm) >>  Mult_acc_2: 0.7610  Mult_acc_3: 0.6711  Mult_acc_5: 0.4211  F1_score: 0.7685  MAE: 0.3946  Corr: 0.6726  Loss: 0.4067 
2025-12-24 20:12:10,420 - MMSA [INFO] - TRAIN-(msalm) [7/43/2] >> loss: 0.194  Mult_acc_2: 0.8808  Mult_acc_3: 0.8216  Mult_acc_5: 0.6754  F1_score: 0.8834  MAE: 0.1791  Corr: 0.9315  clm loss: 2.5429 total loss: 3.7161 bn loss: 0.2429 av loss: 0.4473 text loss: 0.289
2025-12-24 20:12:12,353 - MMSA [INFO] - VAL-(msalm) >>  Mult_acc_2: 0.7500  Mult_acc_3: 0.6667  Mult_acc_5: 0.4145  F1_score: 0.7591  MAE: 0.4005  Corr: 0.6698  Loss: 0.4133 
2025-12-24 20:12:18,360 - MMSA [INFO] - TRAIN-(msalm) [8/44/2] >> loss: 0.2035  Mult_acc_2: 0.8911  Mult_acc_3: 0.8136  Mult_acc_5: 0.6564  F1_score: 0.8933  MAE: 0.1792  Corr: 0.9313  clm loss: 2.4985 total loss: 3.6649 bn loss: 0.2296 av loss: 0.451 text loss: 0.2823
2025-12-24 20:12:19,960 - MMSA [INFO] - VAL-(msalm) >>  Mult_acc_2: 0.7325  Mult_acc_3: 0.6535  Mult_acc_5: 0.3816  F1_score: 0.7428  MAE: 0.4157  Corr: 0.6599  Loss: 0.4252 
2025-12-24 20:12:25,963 - MMSA [INFO] - TRAIN-(msalm) [9/45/2] >> loss: 0.1889  Mult_acc_2: 0.8874  Mult_acc_3: 0.8268  Mult_acc_5: 0.6776  F1_score: 0.8901  MAE: 0.1701  Corr: 0.9400  clm loss: 2.4314 total loss: 3.5697 bn loss: 0.2173 av loss: 0.4465 text loss: 0.2856
2025-12-24 20:12:27,561 - MMSA [INFO] - VAL-(msalm) >>  Mult_acc_2: 0.7719  Mult_acc_3: 0.6754  Mult_acc_5: 0.4145  F1_score: 0.7788  MAE: 0.3963  Corr: 0.6706  Loss: 0.3981 
2025-12-24 20:12:33,559 - MMSA [INFO] - TRAIN-(msalm) [10/46/2] >> loss: 0.1955  Mult_acc_2: 0.8933  Mult_acc_3: 0.8260  Mult_acc_5: 0.6674  F1_score: 0.8958  MAE: 0.1755  Corr: 0.9348  clm loss: 2.4421 total loss: 3.5728 bn loss: 0.2165 av loss: 0.4481 text loss: 0.2705
2025-12-24 20:12:35,137 - MMSA [INFO] - VAL-(msalm) >>  Mult_acc_2: 0.7654  Mult_acc_3: 0.6732  Mult_acc_5: 0.4101  F1_score: 0.7723  MAE: 0.3982  Corr: 0.6663  Loss: 0.3991 
2025-12-24 20:12:37,121 - MMSA [INFO] - TEST-(msalm) >>  Mult_acc_2: 0.8009  Mult_acc_3: 0.6783  Mult_acc_5: 0.4289  F1_score: 0.8057  MAE: 0.3720  Corr: 0.7119  Loss: 0.3787 
2025-12-24 20:12:38,408 - MMSA [INFO] - Result for seed 1991: {'Mult_acc_2': 0.8009, 'Mult_acc_3': 0.6783, 'Mult_acc_5': 0.4289, 'F1_score': 0.8057, 'MAE': 0.372, 'Corr': 0.7119, 'Loss': 0.3787, 'seed': 1991}
2025-12-24 20:12:38,410 - MMSA [INFO] - ------------------------------ Running with seed 1992 [3/5] ------------------------------
2025-12-24 20:13:52,427 - MMSA [INFO] - The model has 143934517 trainable parameters
2025-12-24 20:13:58,437 - MMSA [INFO] - TRAIN-(msalm) [1/1/3] >> loss: 0.7076  Mult_acc_2: 0.4115  Mult_acc_3: 0.3194  Mult_acc_5: 0.1594  F1_score: 0.3972  MAE: 0.7079  Corr: 0.0210  clm loss: 7.6283 total loss: 11.2333 bn loss: 1.144 av loss: 0.7489 text loss: 1.0044
2025-12-24 20:14:00,023 - MMSA [INFO] - VAL-(msalm) >>  Mult_acc_2: 0.4583  Mult_acc_3: 0.3838  Mult_acc_5: 0.1930  F1_score: 0.4451  MAE: 0.6496  Corr: 0.2545  Loss: 0.6300 
2025-12-24 20:14:07,075 - MMSA [INFO] - TRAIN-(msalm) [1/2/3] >> loss: 0.646  Mult_acc_2: 0.4963  Mult_acc_3: 0.3911  Mult_acc_5: 0.1879  F1_score: 0.4968  MAE: 0.6447  Corr: 0.2711  clm loss: 6.5806 total loss: 9.6528 bn loss: 0.8431 av loss: 0.6815 text loss: 0.9017
2025-12-24 20:14:08,670 - MMSA [INFO] - VAL-(msalm) >>  Mult_acc_2: 0.5154  Mult_acc_3: 0.4342  Mult_acc_5: 0.2346  F1_score: 0.5123  MAE: 0.6280  Corr: 0.3854  Loss: 0.6229 
2025-12-24 20:14:15,577 - MMSA [INFO] - TRAIN-(msalm) [1/3/3] >> loss: 0.5887  Mult_acc_2: 0.5746  Mult_acc_3: 0.4759  Mult_acc_5: 0.2478  F1_score: 0.5842  MAE: 0.5824  Corr: 0.4328  clm loss: 5.4709 total loss: 8.1001 bn loss: 0.6663 av loss: 0.6308 text loss: 0.7434
2025-12-24 20:14:17,200 - MMSA [INFO] - VAL-(msalm) >>  Mult_acc_2: 0.5921  Mult_acc_3: 0.4934  Mult_acc_5: 0.2544  F1_score: 0.6045  MAE: 0.5625  Corr: 0.4541  Loss: 0.5817 
2025-12-24 20:14:24,108 - MMSA [INFO] - TRAIN-(msalm) [1/4/3] >> loss: 0.5861  Mult_acc_2: 0.6243  Mult_acc_3: 0.5154  Mult_acc_5: 0.2683  F1_score: 0.6373  MAE: 0.5663  Corr: 0.4484  clm loss: 4.7944 total loss: 7.2669 bn loss: 0.5846 av loss: 0.5991 text loss: 0.7028
2025-12-24 20:14:25,721 - MMSA [INFO] - VAL-(msalm) >>  Mult_acc_2: 0.5921  Mult_acc_3: 0.4868  Mult_acc_5: 0.2390  F1_score: 0.6018  MAE: 0.5795  Corr: 0.4823  Loss: 0.6004 
2025-12-24 20:14:31,715 - MMSA [INFO] - TRAIN-(msalm) [2/5/3] >> loss: 0.5629  Mult_acc_2: 0.6374  Mult_acc_3: 0.5424  Mult_acc_5: 0.2939  F1_score: 0.6509  MAE: 0.5366  Corr: 0.4973  clm loss: 4.2616 total loss: 6.6202 bn loss: 0.5608 av loss: 0.572 text loss: 0.6629
2025-12-24 20:14:33,308 - MMSA [INFO] - VAL-(msalm) >>  Mult_acc_2: 0.5329  Mult_acc_3: 0.4737  Mult_acc_5: 0.2434  F1_score: 0.5333  MAE: 0.5946  Corr: 0.5086  Loss: 0.6035 
2025-12-24 20:14:39,346 - MMSA [INFO] - TRAIN-(msalm) [3/6/3] >> loss: 0.5284  Mult_acc_2: 0.6323  Mult_acc_3: 0.5322  Mult_acc_5: 0.2858  F1_score: 0.6464  MAE: 0.5198  Corr: 0.5013  clm loss: 3.9816 total loss: 6.2251 bn loss: 0.5408 av loss: 0.5487 text loss: 0.6256
2025-12-24 20:14:40,941 - MMSA [INFO] - VAL-(msalm) >>  Mult_acc_2: 0.6053  Mult_acc_3: 0.4934  Mult_acc_5: 0.2390  F1_score: 0.6176  MAE: 0.5589  Corr: 0.4885  Loss: 0.5568 
2025-12-24 20:14:47,843 - MMSA [INFO] - TRAIN-(msalm) [1/7/3] >> loss: 0.5137  Mult_acc_2: 0.6535  Mult_acc_3: 0.5497  Mult_acc_5: 0.2909  F1_score: 0.6668  MAE: 0.5053  Corr: 0.5367  clm loss: 3.7835 total loss: 5.9372 bn loss: 0.5179 av loss: 0.5311 text loss: 0.591
2025-12-24 20:14:49,455 - MMSA [INFO] - VAL-(msalm) >>  Mult_acc_2: 0.6491  Mult_acc_3: 0.5329  Mult_acc_5: 0.2851  F1_score: 0.6630  MAE: 0.5101  Corr: 0.5019  Loss: 0.5288 
2025-12-24 20:14:56,383 - MMSA [INFO] - TRAIN-(msalm) [1/8/3] >> loss: 0.5042  Mult_acc_2: 0.6835  Mult_acc_3: 0.5789  Mult_acc_5: 0.3187  F1_score: 0.6958  MAE: 0.4897  Corr: 0.5497  clm loss: 3.6673 total loss: 5.7681 bn loss: 0.5086 av loss: 0.5134 text loss: 0.5746
2025-12-24 20:14:58,044 - MMSA [INFO] - VAL-(msalm) >>  Mult_acc_2: 0.6579  Mult_acc_3: 0.5658  Mult_acc_5: 0.3114  F1_score: 0.6713  MAE: 0.5140  Corr: 0.4863  Loss: 0.5599 
2025-12-24 20:15:04,196 - MMSA [INFO] - TRAIN-(msalm) [2/9/3] >> loss: 0.4864  Mult_acc_2: 0.7025  Mult_acc_3: 0.6038  Mult_acc_5: 0.3246  F1_score: 0.7135  MAE: 0.4695  Corr: 0.5794  clm loss: 3.5056 total loss: 5.5493 bn loss: 0.5005 av loss: 0.4938 text loss: 0.563
2025-12-24 20:15:05,840 - MMSA [INFO] - VAL-(msalm) >>  Mult_acc_2: 0.6535  Mult_acc_3: 0.5548  Mult_acc_5: 0.3114  F1_score: 0.6671  MAE: 0.5051  Corr: 0.5044  Loss: 0.5484 
2025-12-24 20:15:11,860 - MMSA [INFO] - TRAIN-(msalm) [3/10/3] >> loss: 0.4743  Mult_acc_2: 0.6996  Mult_acc_3: 0.6075  Mult_acc_5: 0.3041  F1_score: 0.7111  MAE: 0.4632  Corr: 0.5882  clm loss: 3.3929 total loss: 5.4428 bn loss: 0.523 av loss: 0.4807 text loss: 0.5721
2025-12-24 20:15:13,464 - MMSA [INFO] - VAL-(msalm) >>  Mult_acc_2: 0.6711  Mult_acc_3: 0.5570  Mult_acc_5: 0.3136  F1_score: 0.6825  MAE: 0.4931  Corr: 0.5158  Loss: 0.5164 
2025-12-24 20:15:20,389 - MMSA [INFO] - TRAIN-(msalm) [1/11/3] >> loss: 0.4521  Mult_acc_2: 0.7288  Mult_acc_3: 0.6308  Mult_acc_5: 0.3465  F1_score: 0.7381  MAE: 0.4413  Corr: 0.6195  clm loss: 3.2843 total loss: 5.2875 bn loss: 0.5094 av loss: 0.4754 text loss: 0.5663
2025-12-24 20:15:21,990 - MMSA [INFO] - VAL-(msalm) >>  Mult_acc_2: 0.6908  Mult_acc_3: 0.5987  Mult_acc_5: 0.3399  F1_score: 0.7008  MAE: 0.4708  Corr: 0.5491  Loss: 0.4936 
2025-12-24 20:15:28,910 - MMSA [INFO] - TRAIN-(msalm) [1/12/3] >> loss: 0.4383  Mult_acc_2: 0.7398  Mult_acc_3: 0.6352  Mult_acc_5: 0.3699  F1_score: 0.7478  MAE: 0.4250  Corr: 0.6339  clm loss: 3.2804 total loss: 5.2285 bn loss: 0.4937 av loss: 0.4728 text loss: 0.5433
2025-12-24 20:15:30,519 - MMSA [INFO] - VAL-(msalm) >>  Mult_acc_2: 0.6930  Mult_acc_3: 0.5833  Mult_acc_5: 0.3333  F1_score: 0.7038  MAE: 0.4694  Corr: 0.5604  Loss: 0.4985 
2025-12-24 20:15:36,517 - MMSA [INFO] - TRAIN-(msalm) [2/13/3] >> loss: 0.4305  Mult_acc_2: 0.7566  Mult_acc_3: 0.6425  Mult_acc_5: 0.3523  F1_score: 0.7629  MAE: 0.4178  Corr: 0.6438  clm loss: 3.2503 total loss: 5.1837 bn loss: 0.4954 av loss: 0.4783 text loss: 0.5292
2025-12-24 20:15:38,169 - MMSA [INFO] - VAL-(msalm) >>  Mult_acc_2: 0.7171  Mult_acc_3: 0.6053  Mult_acc_5: 0.3575  F1_score: 0.7265  MAE: 0.4466  Corr: 0.5746  Loss: 0.4560 
2025-12-24 20:15:45,068 - MMSA [INFO] - TRAIN-(msalm) [1/14/3] >> loss: 0.4122  Mult_acc_2: 0.7749  Mult_acc_3: 0.6689  Mult_acc_5: 0.3772  F1_score: 0.7811  MAE: 0.4036  Corr: 0.6683  clm loss: 3.2018 total loss: 5.1043 bn loss: 0.4982 av loss: 0.4731 text loss: 0.519
2025-12-24 20:15:46,677 - MMSA [INFO] - VAL-(msalm) >>  Mult_acc_2: 0.7434  Mult_acc_3: 0.6250  Mult_acc_5: 0.3640  F1_score: 0.7491  MAE: 0.4341  Corr: 0.5873  Loss: 0.4568 
2025-12-24 20:15:52,866 - MMSA [INFO] - TRAIN-(msalm) [2/15/3] >> loss: 0.4151  Mult_acc_2: 0.7741  Mult_acc_3: 0.6732  Mult_acc_5: 0.4057  F1_score: 0.7795  MAE: 0.3952  Corr: 0.6772  clm loss: 3.1841 total loss: 5.0701 bn loss: 0.4736 av loss: 0.4693 text loss: 0.528
2025-12-24 20:15:54,459 - MMSA [INFO] - VAL-(msalm) >>  Mult_acc_2: 0.7412  Mult_acc_3: 0.6404  Mult_acc_5: 0.3662  F1_score: 0.7471  MAE: 0.4279  Corr: 0.6014  Loss: 0.4509 
2025-12-24 20:16:01,384 - MMSA [INFO] - TRAIN-(msalm) [1/16/3] >> loss: 0.3985  Mult_acc_2: 0.7997  Mult_acc_3: 0.6901  Mult_acc_5: 0.3933  F1_score: 0.8028  MAE: 0.3874  Corr: 0.7000  clm loss: 3.1443 total loss: 4.9792 bn loss: 0.4742 av loss: 0.4612 text loss: 0.501
2025-12-24 20:16:03,066 - MMSA [INFO] - VAL-(msalm) >>  Mult_acc_2: 0.7544  Mult_acc_3: 0.6360  Mult_acc_5: 0.3860  F1_score: 0.7616  MAE: 0.4230  Corr: 0.6155  Loss: 0.4391 
2025-12-24 20:16:10,000 - MMSA [INFO] - TRAIN-(msalm) [1/17/3] >> loss: 0.3859  Mult_acc_2: 0.7953  Mult_acc_3: 0.6952  Mult_acc_5: 0.4203  F1_score: 0.7989  MAE: 0.3716  Corr: 0.7207  clm loss: 3.1119 total loss: 4.9172 bn loss: 0.4684 av loss: 0.4639 text loss: 0.4871
2025-12-24 20:16:11,658 - MMSA [INFO] - VAL-(msalm) >>  Mult_acc_2: 0.7325  Mult_acc_3: 0.6338  Mult_acc_5: 0.3904  F1_score: 0.7418  MAE: 0.4225  Corr: 0.6186  Loss: 0.4515 
2025-12-24 20:16:17,665 - MMSA [INFO] - TRAIN-(msalm) [2/18/3] >> loss: 0.385  Mult_acc_2: 0.7982  Mult_acc_3: 0.6966  Mult_acc_5: 0.4306  F1_score: 0.8022  MAE: 0.3692  Corr: 0.7156  clm loss: 3.127 total loss: 4.921 bn loss: 0.4566 av loss: 0.4592 text loss: 0.4932
2025-12-24 20:16:19,271 - MMSA [INFO] - VAL-(msalm) >>  Mult_acc_2: 0.7434  Mult_acc_3: 0.6447  Mult_acc_5: 0.4013  F1_score: 0.7508  MAE: 0.4110  Corr: 0.6312  Loss: 0.4331 
2025-12-24 20:16:26,171 - MMSA [INFO] - TRAIN-(msalm) [1/19/3] >> loss: 0.3864  Mult_acc_2: 0.8114  Mult_acc_3: 0.7025  Mult_acc_5: 0.4101  F1_score: 0.8135  MAE: 0.3750  Corr: 0.7085  clm loss: 3.1009 total loss: 4.8807 bn loss: 0.4401 av loss: 0.4574 text loss: 0.4959
2025-12-24 20:16:27,778 - MMSA [INFO] - VAL-(msalm) >>  Mult_acc_2: 0.7675  Mult_acc_3: 0.6579  Mult_acc_5: 0.4254  F1_score: 0.7743  MAE: 0.4054  Corr: 0.6426  Loss: 0.4213 
2025-12-24 20:16:34,704 - MMSA [INFO] - TRAIN-(msalm) [1/20/3] >> loss: 0.3621  Mult_acc_2: 0.8173  Mult_acc_3: 0.7135  Mult_acc_5: 0.4510  F1_score: 0.8192  MAE: 0.3515  Corr: 0.7414  clm loss: 3.058 total loss: 4.7757 bn loss: 0.4278 av loss: 0.4507 text loss: 0.4771
2025-12-24 20:16:36,315 - MMSA [INFO] - VAL-(msalm) >>  Mult_acc_2: 0.7697  Mult_acc_3: 0.6447  Mult_acc_5: 0.4079  F1_score: 0.7745  MAE: 0.4034  Corr: 0.6407  Loss: 0.4250 
2025-12-24 20:16:42,309 - MMSA [INFO] - TRAIN-(msalm) [2/21/3] >> loss: 0.3618  Mult_acc_2: 0.8216  Mult_acc_3: 0.7208  Mult_acc_5: 0.4554  F1_score: 0.8243  MAE: 0.3492  Corr: 0.7482  clm loss: 3.0355 total loss: 4.743 bn loss: 0.4322 av loss: 0.4632 text loss: 0.4503
2025-12-24 20:16:44,123 - MMSA [INFO] - VAL-(msalm) >>  Mult_acc_2: 0.7785  Mult_acc_3: 0.6360  Mult_acc_5: 0.4079  F1_score: 0.7844  MAE: 0.3978  Corr: 0.6470  Loss: 0.4261 
2025-12-24 20:16:50,297 - MMSA [INFO] - TRAIN-(msalm) [3/22/3] >> loss: 0.3553  Mult_acc_2: 0.8209  Mult_acc_3: 0.7208  Mult_acc_5: 0.4474  F1_score: 0.8239  MAE: 0.3419  Corr: 0.7599  clm loss: 3.0158 total loss: 4.6923 bn loss: 0.4146 av loss: 0.4575 text loss: 0.4491
2025-12-24 20:16:51,892 - MMSA [INFO] - VAL-(msalm) >>  Mult_acc_2: 0.7829  Mult_acc_3: 0.6513  Mult_acc_5: 0.4123  F1_score: 0.7874  MAE: 0.3919  Corr: 0.6508  Loss: 0.4296 
2025-12-24 20:16:57,886 - MMSA [INFO] - TRAIN-(msalm) [4/23/3] >> loss: 0.3474  Mult_acc_2: 0.8173  Mult_acc_3: 0.7208  Mult_acc_5: 0.4722  F1_score: 0.8212  MAE: 0.3278  Corr: 0.7721  clm loss: 2.9926 total loss: 4.6592 bn loss: 0.4228 av loss: 0.4562 text loss: 0.4403
2025-12-24 20:16:59,496 - MMSA [INFO] - VAL-(msalm) >>  Mult_acc_2: 0.7719  Mult_acc_3: 0.6425  Mult_acc_5: 0.4167  F1_score: 0.7752  MAE: 0.3947  Corr: 0.6487  Loss: 0.4249 
2025-12-24 20:17:05,514 - MMSA [INFO] - TRAIN-(msalm) [5/24/3] >> loss: 0.3452  Mult_acc_2: 0.8194  Mult_acc_3: 0.7222  Mult_acc_5: 0.4649  F1_score: 0.8221  MAE: 0.3301  Corr: 0.7695  clm loss: 2.9583 total loss: 4.6119 bn loss: 0.3938 av loss: 0.4556 text loss: 0.459
2025-12-24 20:17:07,115 - MMSA [INFO] - VAL-(msalm) >>  Mult_acc_2: 0.7873  Mult_acc_3: 0.6601  Mult_acc_5: 0.4101  F1_score: 0.7862  MAE: 0.3960  Corr: 0.6507  Loss: 0.4109 
2025-12-24 20:17:14,002 - MMSA [INFO] - TRAIN-(msalm) [1/25/3] >> loss: 0.3324  Mult_acc_2: 0.8224  Mult_acc_3: 0.7303  Mult_acc_5: 0.4722  F1_score: 0.8253  MAE: 0.3230  Corr: 0.7841  clm loss: 2.9196 total loss: 4.5183 bn loss: 0.3731 av loss: 0.4472 text loss: 0.446
2025-12-24 20:17:15,604 - MMSA [INFO] - VAL-(msalm) >>  Mult_acc_2: 0.7632  Mult_acc_3: 0.6601  Mult_acc_5: 0.4189  F1_score: 0.7696  MAE: 0.3965  Corr: 0.6579  Loss: 0.4092 
2025-12-24 20:17:22,527 - MMSA [INFO] - TRAIN-(msalm) [1/26/3] >> loss: 0.3232  Mult_acc_2: 0.8187  Mult_acc_3: 0.7325  Mult_acc_5: 0.4920  F1_score: 0.8223  MAE: 0.3076  Corr: 0.7966  clm loss: 2.9204 total loss: 4.5145 bn loss: 0.3812 av loss: 0.4567 text loss: 0.4329
2025-12-24 20:17:24,117 - MMSA [INFO] - VAL-(msalm) >>  Mult_acc_2: 0.7632  Mult_acc_3: 0.6491  Mult_acc_5: 0.4145  F1_score: 0.7705  MAE: 0.3995  Corr: 0.6574  Loss: 0.4251 
2025-12-24 20:17:30,097 - MMSA [INFO] - TRAIN-(msalm) [2/27/3] >> loss: 0.3228  Mult_acc_2: 0.8355  Mult_acc_3: 0.7346  Mult_acc_5: 0.4912  F1_score: 0.8387  MAE: 0.3099  Corr: 0.7984  clm loss: 2.888 total loss: 4.4489 bn loss: 0.3572 av loss: 0.4538 text loss: 0.4271
2025-12-24 20:17:31,792 - MMSA [INFO] - VAL-(msalm) >>  Mult_acc_2: 0.7697  Mult_acc_3: 0.6623  Mult_acc_5: 0.4035  F1_score: 0.7756  MAE: 0.3963  Corr: 0.6666  Loss: 0.4090 
2025-12-24 20:17:38,724 - MMSA [INFO] - TRAIN-(msalm) [1/28/3] >> loss: 0.3183  Mult_acc_2: 0.8253  Mult_acc_3: 0.7449  Mult_acc_5: 0.5007  F1_score: 0.8295  MAE: 0.3048  Corr: 0.8000  clm loss: 2.9061 total loss: 4.4638 bn loss: 0.3539 av loss: 0.4558 text loss: 0.4297
2025-12-24 20:17:40,321 - MMSA [INFO] - VAL-(msalm) >>  Mult_acc_2: 0.7785  Mult_acc_3: 0.6557  Mult_acc_5: 0.4145  F1_score: 0.7828  MAE: 0.3906  Corr: 0.6689  Loss: 0.4064 
2025-12-24 20:17:47,406 - MMSA [INFO] - TRAIN-(msalm) [1/29/3] >> loss: 0.3118  Mult_acc_2: 0.8363  Mult_acc_3: 0.7493  Mult_acc_5: 0.5190  F1_score: 0.8399  MAE: 0.2971  Corr: 0.8120  clm loss: 2.8548 total loss: 4.4117 bn loss: 0.3514 av loss: 0.4507 text loss: 0.443
2025-12-24 20:17:49,005 - MMSA [INFO] - VAL-(msalm) >>  Mult_acc_2: 0.7961  Mult_acc_3: 0.6535  Mult_acc_5: 0.4320  F1_score: 0.7970  MAE: 0.3860  Corr: 0.6723  Loss: 0.4074 
2025-12-24 20:17:55,021 - MMSA [INFO] - TRAIN-(msalm) [2/30/3] >> loss: 0.2993  Mult_acc_2: 0.8436  Mult_acc_3: 0.7558  Mult_acc_5: 0.5424  F1_score: 0.8462  MAE: 0.2825  Corr: 0.8230  clm loss: 2.8336 total loss: 4.3419 bn loss: 0.3364 av loss: 0.4483 text loss: 0.4243
2025-12-24 20:17:56,619 - MMSA [INFO] - VAL-(msalm) >>  Mult_acc_2: 0.7895  Mult_acc_3: 0.6732  Mult_acc_5: 0.4452  F1_score: 0.7928  MAE: 0.3871  Corr: 0.6640  Loss: 0.4037 
2025-12-24 20:18:03,508 - MMSA [INFO] - TRAIN-(msalm) [1/31/3] >> loss: 0.3042  Mult_acc_2: 0.8304  Mult_acc_3: 0.7529  Mult_acc_5: 0.5146  F1_score: 0.8341  MAE: 0.2912  Corr: 0.8251  clm loss: 2.8117 total loss: 4.3065 bn loss: 0.3296 av loss: 0.4532 text loss: 0.4079
2025-12-24 20:18:05,149 - MMSA [INFO] - VAL-(msalm) >>  Mult_acc_2: 0.7566  Mult_acc_3: 0.6798  Mult_acc_5: 0.4386  F1_score: 0.7631  MAE: 0.3884  Corr: 0.6710  Loss: 0.4050 
2025-12-24 20:18:11,159 - MMSA [INFO] - TRAIN-(msalm) [2/32/3] >> loss: 0.2876  Mult_acc_2: 0.8465  Mult_acc_3: 0.7573  Mult_acc_5: 0.5365  F1_score: 0.8495  MAE: 0.2770  Corr: 0.8365  clm loss: 2.8003 total loss: 4.254 bn loss: 0.3206 av loss: 0.4538 text loss: 0.3916
2025-12-24 20:18:12,764 - MMSA [INFO] - VAL-(msalm) >>  Mult_acc_2: 0.7610  Mult_acc_3: 0.6689  Mult_acc_5: 0.4298  F1_score: 0.7685  MAE: 0.3856  Corr: 0.6791  Loss: 0.4020 
2025-12-24 20:18:19,658 - MMSA [INFO] - TRAIN-(msalm) [1/33/3] >> loss: 0.2843  Mult_acc_2: 0.8428  Mult_acc_3: 0.7712  Mult_acc_5: 0.5424  F1_score: 0.8465  MAE: 0.2690  Corr: 0.8457  clm loss: 2.7569 total loss: 4.1965 bn loss: 0.3154 av loss: 0.4567 text loss: 0.3832
2025-12-24 20:18:21,280 - MMSA [INFO] - VAL-(msalm) >>  Mult_acc_2: 0.7544  Mult_acc_3: 0.6754  Mult_acc_5: 0.4474  F1_score: 0.7629  MAE: 0.3898  Corr: 0.6760  Loss: 0.4259 
2025-12-24 20:18:27,298 - MMSA [INFO] - TRAIN-(msalm) [2/34/3] >> loss: 0.2855  Mult_acc_2: 0.8385  Mult_acc_3: 0.7705  Mult_acc_5: 0.5453  F1_score: 0.8419  MAE: 0.2662  Corr: 0.8434  clm loss: 2.7285 total loss: 4.1379 bn loss: 0.3067 av loss: 0.4422 text loss: 0.375
2025-12-24 20:18:28,898 - MMSA [INFO] - VAL-(msalm) >>  Mult_acc_2: 0.7675  Mult_acc_3: 0.6711  Mult_acc_5: 0.4430  F1_score: 0.7741  MAE: 0.3894  Corr: 0.6679  Loss: 0.3944 
2025-12-24 20:18:35,826 - MMSA [INFO] - TRAIN-(msalm) [1/35/3] >> loss: 0.2668  Mult_acc_2: 0.8450  Mult_acc_3: 0.7690  Mult_acc_5: 0.5629  F1_score: 0.8484  MAE: 0.2539  Corr: 0.8611  clm loss: 2.6811 total loss: 4.0508 bn loss: 0.3004 av loss: 0.4476 text loss: 0.3549
2025-12-24 20:18:37,689 - MMSA [INFO] - VAL-(msalm) >>  Mult_acc_2: 0.7895  Mult_acc_3: 0.6732  Mult_acc_5: 0.4496  F1_score: 0.7937  MAE: 0.3872  Corr: 0.6682  Loss: 0.3977 
2025-12-24 20:18:43,718 - MMSA [INFO] - TRAIN-(msalm) [2/36/3] >> loss: 0.2696  Mult_acc_2: 0.8516  Mult_acc_3: 0.7719  Mult_acc_5: 0.5439  F1_score: 0.8544  MAE: 0.2562  Corr: 0.8626  clm loss: 2.6676 total loss: 4.0422 bn loss: 0.2984 av loss: 0.4516 text loss: 0.355
2025-12-24 20:18:45,325 - MMSA [INFO] - VAL-(msalm) >>  Mult_acc_2: 0.7610  Mult_acc_3: 0.6820  Mult_acc_5: 0.4430  F1_score: 0.7692  MAE: 0.3926  Corr: 0.6651  Loss: 0.3992 
2025-12-24 20:18:51,315 - MMSA [INFO] - TRAIN-(msalm) [3/37/3] >> loss: 0.2548  Mult_acc_2: 0.8692  Mult_acc_3: 0.7873  Mult_acc_5: 0.5716  F1_score: 0.8722  MAE: 0.2392  Corr: 0.8751  clm loss: 2.6343 total loss: 3.986 bn loss: 0.2961 av loss: 0.4467 text loss: 0.3542
2025-12-24 20:18:52,950 - MMSA [INFO] - VAL-(msalm) >>  Mult_acc_2: 0.7522  Mult_acc_3: 0.6776  Mult_acc_5: 0.4408  F1_score: 0.7607  MAE: 0.3928  Corr: 0.6667  Loss: 0.3952 
2025-12-24 20:18:58,986 - MMSA [INFO] - TRAIN-(msalm) [4/38/3] >> loss: 0.256  Mult_acc_2: 0.8648  Mult_acc_3: 0.7778  Mult_acc_5: 0.5855  F1_score: 0.8678  MAE: 0.2398  Corr: 0.8727  clm loss: 2.6239 total loss: 3.9716 bn loss: 0.2845 av loss: 0.4557 text loss: 0.3514
2025-12-24 20:19:00,584 - MMSA [INFO] - VAL-(msalm) >>  Mult_acc_2: 0.7697  Mult_acc_3: 0.6820  Mult_acc_5: 0.4627  F1_score: 0.7761  MAE: 0.3912  Corr: 0.6588  Loss: 0.4082 
2025-12-24 20:19:06,576 - MMSA [INFO] - TRAIN-(msalm) [5/39/3] >> loss: 0.2506  Mult_acc_2: 0.8582  Mult_acc_3: 0.7946  Mult_acc_5: 0.6192  F1_score: 0.8616  MAE: 0.2316  Corr: 0.8773  clm loss: 2.5963 total loss: 3.906 bn loss: 0.2703 av loss: 0.4456 text loss: 0.343
2025-12-24 20:19:08,191 - MMSA [INFO] - VAL-(msalm) >>  Mult_acc_2: 0.7785  Mult_acc_3: 0.6711  Mult_acc_5: 0.4583  F1_score: 0.7834  MAE: 0.3909  Corr: 0.6571  Loss: 0.4046 
2025-12-24 20:19:14,198 - MMSA [INFO] - TRAIN-(msalm) [6/40/3] >> loss: 0.2436  Mult_acc_2: 0.8670  Mult_acc_3: 0.7931  Mult_acc_5: 0.6060  F1_score: 0.8702  MAE: 0.2296  Corr: 0.8869  clm loss: 2.5903 total loss: 3.8947 bn loss: 0.2597 av loss: 0.4505 text loss: 0.3505
2025-12-24 20:19:15,803 - MMSA [INFO] - VAL-(msalm) >>  Mult_acc_2: 0.7741  Mult_acc_3: 0.6776  Mult_acc_5: 0.4452  F1_score: 0.7802  MAE: 0.3885  Corr: 0.6616  Loss: 0.4026 
2025-12-24 20:19:21,793 - MMSA [INFO] - TRAIN-(msalm) [7/41/3] >> loss: 0.2292  Mult_acc_2: 0.8677  Mult_acc_3: 0.8151  Mult_acc_5: 0.6279  F1_score: 0.8710  MAE: 0.2154  Corr: 0.9021  clm loss: 2.5474 total loss: 3.8052 bn loss: 0.259 av loss: 0.4399 text loss: 0.3296
2025-12-24 20:19:23,412 - MMSA [INFO] - VAL-(msalm) >>  Mult_acc_2: 0.7763  Mult_acc_3: 0.6820  Mult_acc_5: 0.4232  F1_score: 0.7824  MAE: 0.3908  Corr: 0.6607  Loss: 0.4035 
2025-12-24 20:19:29,429 - MMSA [INFO] - TRAIN-(msalm) [8/42/3] >> loss: 0.2286  Mult_acc_2: 0.8728  Mult_acc_3: 0.8077  Mult_acc_5: 0.6352  F1_score: 0.8759  MAE: 0.2128  Corr: 0.9030  clm loss: 2.5007 total loss: 3.7578 bn loss: 0.2568 av loss: 0.4531 text loss: 0.3186
2025-12-24 20:19:31,022 - MMSA [INFO] - VAL-(msalm) >>  Mult_acc_2: 0.7873  Mult_acc_3: 0.6952  Mult_acc_5: 0.4671  F1_score: 0.7925  MAE: 0.3885  Corr: 0.6610  Loss: 0.3992 
2025-12-24 20:19:37,204 - MMSA [INFO] - TRAIN-(msalm) [9/43/3] >> loss: 0.2218  Mult_acc_2: 0.8662  Mult_acc_3: 0.8012  Mult_acc_5: 0.6360  F1_score: 0.8692  MAE: 0.2054  Corr: 0.9026  clm loss: 2.5281 total loss: 3.7714 bn loss: 0.2516 av loss: 0.4463 text loss: 0.3236
2025-12-24 20:19:38,896 - MMSA [INFO] - VAL-(msalm) >>  Mult_acc_2: 0.7719  Mult_acc_3: 0.6776  Mult_acc_5: 0.4408  F1_score: 0.7790  MAE: 0.3909  Corr: 0.6615  Loss: 0.3936 
2025-12-24 20:19:45,809 - MMSA [INFO] - TRAIN-(msalm) [1/44/3] >> loss: 0.2167  Mult_acc_2: 0.8852  Mult_acc_3: 0.8077  Mult_acc_5: 0.6265  F1_score: 0.8879  MAE: 0.2021  Corr: 0.9139  clm loss: 2.4555 total loss: 3.6587 bn loss: 0.2313 av loss: 0.4403 text loss: 0.3149
2025-12-24 20:19:47,405 - MMSA [INFO] - VAL-(msalm) >>  Mult_acc_2: 0.7632  Mult_acc_3: 0.6732  Mult_acc_5: 0.4254  F1_score: 0.7711  MAE: 0.3961  Corr: 0.6661  Loss: 0.4089 
2025-12-24 20:19:53,400 - MMSA [INFO] - TRAIN-(msalm) [2/45/3] >> loss: 0.2151  Mult_acc_2: 0.8721  Mult_acc_3: 0.8129  Mult_acc_5: 0.6382  F1_score: 0.8753  MAE: 0.2005  Corr: 0.9142  clm loss: 2.4487 total loss: 3.6318 bn loss: 0.2247 av loss: 0.4415 text loss: 0.3019
2025-12-24 20:19:54,989 - MMSA [INFO] - VAL-(msalm) >>  Mult_acc_2: 0.7632  Mult_acc_3: 0.6776  Mult_acc_5: 0.4452  F1_score: 0.7701  MAE: 0.3836  Corr: 0.6719  Loss: 0.3931 
2025-12-24 20:20:01,997 - MMSA [INFO] - TRAIN-(msalm) [1/46/3] >> loss: 0.2059  Mult_acc_2: 0.8721  Mult_acc_3: 0.8143  Mult_acc_5: 0.6615  F1_score: 0.8752  MAE: 0.1898  Corr: 0.9221  clm loss: 2.3977 total loss: 3.5703 bn loss: 0.2276 av loss: 0.4437 text loss: 0.2954
2025-12-24 20:20:03,609 - MMSA [INFO] - VAL-(msalm) >>  Mult_acc_2: 0.7500  Mult_acc_3: 0.6820  Mult_acc_5: 0.4342  F1_score: 0.7585  MAE: 0.3909  Corr: 0.6722  Loss: 0.3973 
2025-12-24 20:20:09,612 - MMSA [INFO] - TRAIN-(msalm) [2/47/3] >> loss: 0.2138  Mult_acc_2: 0.8779  Mult_acc_3: 0.8238  Mult_acc_5: 0.6506  F1_score: 0.8810  MAE: 0.1962  Corr: 0.9142  clm loss: 2.4055 total loss: 3.5834 bn loss: 0.2282 av loss: 0.447 text loss: 0.289
2025-12-24 20:20:11,224 - MMSA [INFO] - VAL-(msalm) >>  Mult_acc_2: 0.7544  Mult_acc_3: 0.6930  Mult_acc_5: 0.4496  F1_score: 0.7620  MAE: 0.3852  Corr: 0.6721  Loss: 0.4051 
2025-12-24 20:20:17,240 - MMSA [INFO] - TRAIN-(msalm) [3/48/3] >> loss: 0.194  Mult_acc_2: 0.8852  Mult_acc_3: 0.8363  Mult_acc_5: 0.6806  F1_score: 0.8881  MAE: 0.1803  Corr: 0.9310  clm loss: 2.3717 total loss: 3.499 bn loss: 0.2152 av loss: 0.4355 text loss: 0.2826
2025-12-24 20:20:18,845 - MMSA [INFO] - VAL-(msalm) >>  Mult_acc_2: 0.7785  Mult_acc_3: 0.6798  Mult_acc_5: 0.4496  F1_score: 0.7842  MAE: 0.3882  Corr: 0.6661  Loss: 0.3904 
2025-12-24 20:20:25,742 - MMSA [INFO] - TRAIN-(msalm) [1/49/3] >> loss: 0.2076  Mult_acc_2: 0.8772  Mult_acc_3: 0.8297  Mult_acc_5: 0.6615  F1_score: 0.8805  MAE: 0.1916  Corr: 0.9192  clm loss: 2.358 total loss: 3.505 bn loss: 0.2143 av loss: 0.4399 text loss: 0.2853
2025-12-24 20:20:27,376 - MMSA [INFO] - VAL-(msalm) >>  Mult_acc_2: 0.7675  Mult_acc_3: 0.6864  Mult_acc_5: 0.4583  F1_score: 0.7739  MAE: 0.3852  Corr: 0.6670  Loss: 0.3965 
2025-12-24 20:20:33,577 - MMSA [INFO] - TRAIN-(msalm) [2/50/3] >> loss: 0.203  Mult_acc_2: 0.8838  Mult_acc_3: 0.8216  Mult_acc_5: 0.6601  F1_score: 0.8864  MAE: 0.1846  Corr: 0.9298  clm loss: 2.3237 total loss: 3.4474 bn loss: 0.2013 av loss: 0.4433 text loss: 0.2761
2025-12-24 20:20:35,198 - MMSA [INFO] - VAL-(msalm) >>  Mult_acc_2: 0.7719  Mult_acc_3: 0.6952  Mult_acc_5: 0.4627  F1_score: 0.7781  MAE: 0.3871  Corr: 0.6655  Loss: 0.3879 
2025-12-24 20:20:42,104 - MMSA [INFO] - TRAIN-(msalm) [1/51/3] >> loss: 0.1936  Mult_acc_2: 0.8889  Mult_acc_3: 0.8275  Mult_acc_5: 0.6659  F1_score: 0.8916  MAE: 0.1778  Corr: 0.9363  clm loss: 2.2748 total loss: 3.3698 bn loss: 0.1978 av loss: 0.4438 text loss: 0.2598
2025-12-24 20:20:43,713 - MMSA [INFO] - VAL-(msalm) >>  Mult_acc_2: 0.7522  Mult_acc_3: 0.6864  Mult_acc_5: 0.4276  F1_score: 0.7598  MAE: 0.3968  Corr: 0.6580  Loss: 0.4002 
2025-12-24 20:20:49,732 - MMSA [INFO] - TRAIN-(msalm) [2/52/3] >> loss: 0.1948  Mult_acc_2: 0.8816  Mult_acc_3: 0.8363  Mult_acc_5: 0.6776  F1_score: 0.8846  MAE: 0.1801  Corr: 0.9351  clm loss: 2.2708 total loss: 3.3719 bn loss: 0.194 av loss: 0.4423 text loss: 0.2699
2025-12-24 20:20:51,315 - MMSA [INFO] - VAL-(msalm) >>  Mult_acc_2: 0.7741  Mult_acc_3: 0.6886  Mult_acc_5: 0.4496  F1_score: 0.7799  MAE: 0.3861  Corr: 0.6698  Loss: 0.4039 
2025-12-24 20:20:57,318 - MMSA [INFO] - TRAIN-(msalm) [3/53/3] >> loss: 0.177  Mult_acc_2: 0.8867  Mult_acc_3: 0.8406  Mult_acc_5: 0.7069  F1_score: 0.8893  MAE: 0.1639  Corr: 0.9442  clm loss: 2.2664 total loss: 3.3406 bn loss: 0.1933 av loss: 0.4386 text loss: 0.2653
2025-12-24 20:20:58,906 - MMSA [INFO] - VAL-(msalm) >>  Mult_acc_2: 0.7566  Mult_acc_3: 0.6820  Mult_acc_5: 0.4430  F1_score: 0.7642  MAE: 0.3876  Corr: 0.6728  Loss: 0.3868 
2025-12-24 20:21:05,799 - MMSA [INFO] - TRAIN-(msalm) [1/54/3] >> loss: 0.1801  Mult_acc_2: 0.8918  Mult_acc_3: 0.8377  Mult_acc_5: 0.7054  F1_score: 0.8946  MAE: 0.1606  Corr: 0.9448  clm loss: 2.2489 total loss: 3.331 bn loss: 0.1927 av loss: 0.4389 text loss: 0.2705
2025-12-24 20:21:07,387 - MMSA [INFO] - VAL-(msalm) >>  Mult_acc_2: 0.7719  Mult_acc_3: 0.6930  Mult_acc_5: 0.4583  F1_score: 0.7779  MAE: 0.3813  Corr: 0.6759  Loss: 0.3846 
2025-12-24 20:21:14,627 - MMSA [INFO] - TRAIN-(msalm) [1/55/3] >> loss: 0.1942  Mult_acc_2: 0.8845  Mult_acc_3: 0.8311  Mult_acc_5: 0.6725  F1_score: 0.8873  MAE: 0.1790  Corr: 0.9331  clm loss: 2.2533 total loss: 3.367 bn loss: 0.197 av loss: 0.447 text loss: 0.2755
2025-12-24 20:21:16,242 - MMSA [INFO] - VAL-(msalm) >>  Mult_acc_2: 0.7478  Mult_acc_3: 0.6776  Mult_acc_5: 0.4408  F1_score: 0.7563  MAE: 0.3887  Corr: 0.6735  Loss: 0.3963 
2025-12-24 20:21:22,266 - MMSA [INFO] - TRAIN-(msalm) [2/56/3] >> loss: 0.1782  Mult_acc_2: 0.8940  Mult_acc_3: 0.8458  Mult_acc_5: 0.7142  F1_score: 0.8968  MAE: 0.1666  Corr: 0.9414  clm loss: 2.2034 total loss: 3.2793 bn loss: 0.1928 av loss: 0.4405 text loss: 0.2644
2025-12-24 20:21:23,882 - MMSA [INFO] - VAL-(msalm) >>  Mult_acc_2: 0.7588  Mult_acc_3: 0.6820  Mult_acc_5: 0.4408  F1_score: 0.7667  MAE: 0.3862  Corr: 0.6749  Loss: 0.3961 
2025-12-24 20:21:30,072 - MMSA [INFO] - TRAIN-(msalm) [3/57/3] >> loss: 0.1811  Mult_acc_2: 0.8830  Mult_acc_3: 0.8187  Mult_acc_5: 0.6937  F1_score: 0.8862  MAE: 0.1654  Corr: 0.9443  clm loss: 2.1692 total loss: 3.2287 bn loss: 0.1841 av loss: 0.445 text loss: 0.2493
2025-12-24 20:21:31,717 - MMSA [INFO] - VAL-(msalm) >>  Mult_acc_2: 0.7500  Mult_acc_3: 0.6798  Mult_acc_5: 0.4408  F1_score: 0.7584  MAE: 0.3905  Corr: 0.6709  Loss: 0.3893 
2025-12-24 20:21:37,721 - MMSA [INFO] - TRAIN-(msalm) [4/58/3] >> loss: 0.1611  Mult_acc_2: 0.8867  Mult_acc_3: 0.8567  Mult_acc_5: 0.7368  F1_score: 0.8900  MAE: 0.1442  Corr: 0.9519  clm loss: 2.1215 total loss: 3.1494 bn loss: 0.178 av loss: 0.4405 text loss: 0.2483
2025-12-24 20:21:39,361 - MMSA [INFO] - VAL-(msalm) >>  Mult_acc_2: 0.7566  Mult_acc_3: 0.6842  Mult_acc_5: 0.4430  F1_score: 0.7638  MAE: 0.3877  Corr: 0.6716  Loss: 0.3887 
2025-12-24 20:21:45,399 - MMSA [INFO] - TRAIN-(msalm) [5/59/3] >> loss: 0.1723  Mult_acc_2: 0.8904  Mult_acc_3: 0.8414  Mult_acc_5: 0.7178  F1_score: 0.8931  MAE: 0.1575  Corr: 0.9475  clm loss: 2.1217 total loss: 3.161 bn loss: 0.1808 av loss: 0.4393 text loss: 0.2468
2025-12-24 20:21:47,003 - MMSA [INFO] - VAL-(msalm) >>  Mult_acc_2: 0.7566  Mult_acc_3: 0.6667  Mult_acc_5: 0.4167  F1_score: 0.7640  MAE: 0.3949  Corr: 0.6693  Loss: 0.3986 
2025-12-24 20:21:52,998 - MMSA [INFO] - TRAIN-(msalm) [6/60/3] >> loss: 0.1784  Mult_acc_2: 0.8860  Mult_acc_3: 0.8246  Mult_acc_5: 0.6908  F1_score: 0.8887  MAE: 0.1623  Corr: 0.9459  clm loss: 2.0858 total loss: 3.1205 bn loss: 0.1744 av loss: 0.4434 text loss: 0.2385
2025-12-24 20:21:54,586 - MMSA [INFO] - VAL-(msalm) >>  Mult_acc_2: 0.7522  Mult_acc_3: 0.6645  Mult_acc_5: 0.4101  F1_score: 0.7602  MAE: 0.3992  Corr: 0.6677  Loss: 0.4042 
2025-12-24 20:22:00,576 - MMSA [INFO] - TRAIN-(msalm) [7/61/3] >> loss: 0.1599  Mult_acc_2: 0.8911  Mult_acc_3: 0.8348  Mult_acc_5: 0.7251  F1_score: 0.8938  MAE: 0.1455  Corr: 0.9574  clm loss: 2.0691 total loss: 3.0951 bn loss: 0.1761 av loss: 0.4377 text loss: 0.2523
2025-12-24 20:22:02,170 - MMSA [INFO] - VAL-(msalm) >>  Mult_acc_2: 0.7544  Mult_acc_3: 0.6667  Mult_acc_5: 0.4276  F1_score: 0.7611  MAE: 0.3926  Corr: 0.6696  Loss: 0.4055 
2025-12-24 20:22:08,169 - MMSA [INFO] - TRAIN-(msalm) [8/62/3] >> loss: 0.177  Mult_acc_2: 0.8933  Mult_acc_3: 0.8640  Mult_acc_5: 0.7310  F1_score: 0.8959  MAE: 0.1613  Corr: 0.9459  clm loss: 2.091 total loss: 3.1406 bn loss: 0.1766 av loss: 0.4449 text loss: 0.2512
2025-12-24 20:22:09,773 - MMSA [INFO] - VAL-(msalm) >>  Mult_acc_2: 0.7588  Mult_acc_3: 0.6689  Mult_acc_5: 0.4232  F1_score: 0.7648  MAE: 0.3950  Corr: 0.6659  Loss: 0.3966 
2025-12-24 20:22:15,777 - MMSA [INFO] - TRAIN-(msalm) [9/63/3] >> loss: 0.1753  Mult_acc_2: 0.8889  Mult_acc_3: 0.8385  Mult_acc_5: 0.7032  F1_score: 0.8918  MAE: 0.1628  Corr: 0.9471  clm loss: 2.1049 total loss: 3.1684 bn loss: 0.1827 av loss: 0.4371 text loss: 0.2684
2025-12-24 20:22:17,390 - MMSA [INFO] - VAL-(msalm) >>  Mult_acc_2: 0.7654  Mult_acc_3: 0.6732  Mult_acc_5: 0.4167  F1_score: 0.7708  MAE: 0.3909  Corr: 0.6699  Loss: 0.3926 
2025-12-24 20:22:23,558 - MMSA [INFO] - TRAIN-(msalm) [10/64/3] >> loss: 0.1669  Mult_acc_2: 0.9028  Mult_acc_3: 0.8494  Mult_acc_5: 0.7091  F1_score: 0.9051  MAE: 0.1522  Corr: 0.9523  clm loss: 2.0404 total loss: 3.0515 bn loss: 0.1718 av loss: 0.4345 text loss: 0.2379
2025-12-24 20:22:25,165 - MMSA [INFO] - VAL-(msalm) >>  Mult_acc_2: 0.7697  Mult_acc_3: 0.6798  Mult_acc_5: 0.4364  F1_score: 0.7761  MAE: 0.3856  Corr: 0.6749  Loss: 0.3885 
2025-12-24 20:22:27,171 - MMSA [INFO] - TEST-(msalm) >>  Mult_acc_2: 0.8140  Mult_acc_3: 0.6871  Mult_acc_5: 0.4617  F1_score: 0.8173  MAE: 0.3592  Corr: 0.7107  Loss: 0.3758 
2025-12-24 20:22:28,464 - MMSA [INFO] - Result for seed 1992: {'Mult_acc_2': 0.814, 'Mult_acc_3': 0.6871, 'Mult_acc_5': 0.4617, 'F1_score': 0.8173, 'MAE': 0.3592, 'Corr': 0.7107, 'Loss': 0.3758, 'seed': 1992}
2025-12-24 20:22:28,466 - MMSA [INFO] - ------------------------------ Running with seed 1993 [4/5] ------------------------------
2025-12-24 20:23:42,205 - MMSA [INFO] - The model has 143934517 trainable parameters
2025-12-24 20:23:48,221 - MMSA [INFO] - TRAIN-(msalm) [1/1/4] >> loss: 0.6497  Mult_acc_2: 0.5365  Mult_acc_3: 0.3838  Mult_acc_5: 0.1791  F1_score: 0.5546  MAE: 0.6496  Corr: 0.0981  clm loss: 7.6217 total loss: 10.9334 bn loss: 1.1297 av loss: 0.6469 text loss: 0.8854
2025-12-24 20:23:49,888 - MMSA [INFO] - VAL-(msalm) >>  Mult_acc_2: 0.6316  Mult_acc_3: 0.4737  Mult_acc_5: 0.1842  F1_score: 0.6292  MAE: 0.5821  Corr: 0.2504  Loss: 0.5875 
2025-12-24 20:23:56,906 - MMSA [INFO] - TRAIN-(msalm) [1/2/4] >> loss: 0.5604  Mult_acc_2: 0.6192  Mult_acc_3: 0.5102  Mult_acc_5: 0.2434  F1_score: 0.6339  MAE: 0.5588  Corr: 0.3834  clm loss: 6.4873 total loss: 9.2963 bn loss: 0.8658 av loss: 0.6093 text loss: 0.7735
2025-12-24 20:23:58,511 - MMSA [INFO] - VAL-(msalm) >>  Mult_acc_2: 0.6952  Mult_acc_3: 0.5768  Mult_acc_5: 0.2610  F1_score: 0.6978  MAE: 0.5143  Corr: 0.4616  Loss: 0.5181 
2025-12-24 20:24:05,467 - MMSA [INFO] - TRAIN-(msalm) [1/3/4] >> loss: 0.5444  Mult_acc_2: 0.6696  Mult_acc_3: 0.5570  Mult_acc_5: 0.2902  F1_score: 0.6819  MAE: 0.5254  Corr: 0.4719  clm loss: 5.377 total loss: 7.8826 bn loss: 0.6892 av loss: 0.5855 text loss: 0.6866
2025-12-24 20:24:07,056 - MMSA [INFO] - VAL-(msalm) >>  Mult_acc_2: 0.6754  Mult_acc_3: 0.5899  Mult_acc_5: 0.3268  F1_score: 0.6877  MAE: 0.5123  Corr: 0.5002  Loss: 0.5385 
2025-12-24 20:24:13,064 - MMSA [INFO] - TRAIN-(msalm) [2/4/4] >> loss: 0.5233  Mult_acc_2: 0.7091  Mult_acc_3: 0.5892  Mult_acc_5: 0.3194  F1_score: 0.7189  MAE: 0.4900  Corr: 0.5412  clm loss: 4.5955 total loss: 6.9039 bn loss: 0.6125 av loss: 0.5583 text loss: 0.6142
2025-12-24 20:24:14,643 - MMSA [INFO] - VAL-(msalm) >>  Mult_acc_2: 0.6798  Mult_acc_3: 0.5899  Mult_acc_5: 0.3092  F1_score: 0.6900  MAE: 0.4954  Corr: 0.5164  Loss: 0.5178 
2025-12-24 20:24:21,636 - MMSA [INFO] - TRAIN-(msalm) [1/5/4] >> loss: 0.4999  Mult_acc_2: 0.6988  Mult_acc_3: 0.5892  Mult_acc_5: 0.3275  F1_score: 0.7081  MAE: 0.4886  Corr: 0.5206  clm loss: 4.0688 total loss: 6.2658 bn loss: 0.5661 av loss: 0.5389 text loss: 0.592
2025-12-24 20:24:23,224 - MMSA [INFO] - VAL-(msalm) >>  Mult_acc_2: 0.6425  Mult_acc_3: 0.5504  Mult_acc_5: 0.2675  F1_score: 0.6557  MAE: 0.5052  Corr: 0.4966  Loss: 0.5173 
2025-12-24 20:24:30,171 - MMSA [INFO] - TRAIN-(msalm) [1/6/4] >> loss: 0.4977  Mult_acc_2: 0.7105  Mult_acc_3: 0.6060  Mult_acc_5: 0.3129  F1_score: 0.7179  MAE: 0.4868  Corr: 0.5242  clm loss: 3.8494 total loss: 5.9714 bn loss: 0.5247 av loss: 0.5258 text loss: 0.5738
2025-12-24 20:24:31,771 - MMSA [INFO] - VAL-(msalm) >>  Mult_acc_2: 0.6798  Mult_acc_3: 0.5943  Mult_acc_5: 0.3355  F1_score: 0.6905  MAE: 0.4779  Corr: 0.5394  Loss: 0.4825 
2025-12-24 20:24:38,749 - MMSA [INFO] - TRAIN-(msalm) [1/7/4] >> loss: 0.4693  Mult_acc_2: 0.7463  Mult_acc_3: 0.6433  Mult_acc_5: 0.3297  F1_score: 0.7521  MAE: 0.4584  Corr: 0.5801  clm loss: 3.667 total loss: 5.7313 bn loss: 0.5163 av loss: 0.5058 text loss: 0.5728
2025-12-24 20:24:40,336 - MMSA [INFO] - VAL-(msalm) >>  Mult_acc_2: 0.7149  Mult_acc_3: 0.6075  Mult_acc_5: 0.3465  F1_score: 0.7202  MAE: 0.4572  Corr: 0.5533  Loss: 0.4742 
2025-12-24 20:24:47,460 - MMSA [INFO] - TRAIN-(msalm) [1/8/4] >> loss: 0.4485  Mult_acc_2: 0.7610  Mult_acc_3: 0.6374  Mult_acc_5: 0.3414  F1_score: 0.7665  MAE: 0.4354  Corr: 0.6168  clm loss: 3.5277 total loss: 5.5366 bn loss: 0.5051 av loss: 0.4876 text loss: 0.5676
2025-12-24 20:24:49,040 - MMSA [INFO] - VAL-(msalm) >>  Mult_acc_2: 0.7127  Mult_acc_3: 0.6228  Mult_acc_5: 0.3465  F1_score: 0.7194  MAE: 0.4567  Corr: 0.5562  Loss: 0.4902 
2025-12-24 20:24:55,031 - MMSA [INFO] - TRAIN-(msalm) [2/9/4] >> loss: 0.4565  Mult_acc_2: 0.7558  Mult_acc_3: 0.6499  Mult_acc_5: 0.3684  F1_score: 0.7608  MAE: 0.4349  Corr: 0.6100  clm loss: 3.3817 total loss: 5.3752 bn loss: 0.5022 av loss: 0.4824 text loss: 0.5524
2025-12-24 20:24:56,620 - MMSA [INFO] - VAL-(msalm) >>  Mult_acc_2: 0.6294  Mult_acc_3: 0.5658  Mult_acc_5: 0.3202  F1_score: 0.6437  MAE: 0.4783  Corr: 0.5761  Loss: 0.4900 
2025-12-24 20:25:02,617 - MMSA [INFO] - TRAIN-(msalm) [3/10/4] >> loss: 0.4363  Mult_acc_2: 0.7544  Mult_acc_3: 0.6528  Mult_acc_5: 0.3516  F1_score: 0.7581  MAE: 0.4271  Corr: 0.6256  clm loss: 3.3496 total loss: 5.3327 bn loss: 0.4895 av loss: 0.4798 text loss: 0.5775
2025-12-24 20:25:04,200 - MMSA [INFO] - VAL-(msalm) >>  Mult_acc_2: 0.7500  Mult_acc_3: 0.6294  Mult_acc_5: 0.3421  F1_score: 0.7490  MAE: 0.4387  Corr: 0.5890  Loss: 0.4456 
2025-12-24 20:25:11,166 - MMSA [INFO] - TRAIN-(msalm) [1/11/4] >> loss: 0.4337  Mult_acc_2: 0.7595  Mult_acc_3: 0.6586  Mult_acc_5: 0.3604  F1_score: 0.7640  MAE: 0.4200  Corr: 0.6353  clm loss: 3.2711 total loss: 5.1953 bn loss: 0.4774 av loss: 0.4697 text loss: 0.5434
2025-12-24 20:25:12,769 - MMSA [INFO] - VAL-(msalm) >>  Mult_acc_2: 0.7544  Mult_acc_3: 0.6272  Mult_acc_5: 0.3794  F1_score: 0.7517  MAE: 0.4340  Corr: 0.5924  Loss: 0.4514 
2025-12-24 20:25:18,782 - MMSA [INFO] - TRAIN-(msalm) [2/12/4] >> loss: 0.4253  Mult_acc_2: 0.7822  Mult_acc_3: 0.6615  Mult_acc_5: 0.3808  F1_score: 0.7857  MAE: 0.4071  Corr: 0.6580  clm loss: 3.2797 total loss: 5.1732 bn loss: 0.4708 av loss: 0.4748 text loss: 0.5226
2025-12-24 20:25:20,368 - MMSA [INFO] - VAL-(msalm) >>  Mult_acc_2: 0.7061  Mult_acc_3: 0.6140  Mult_acc_5: 0.3794  F1_score: 0.7147  MAE: 0.4272  Corr: 0.6017  Loss: 0.4530 
2025-12-24 20:25:26,364 - MMSA [INFO] - TRAIN-(msalm) [3/13/4] >> loss: 0.4066  Mult_acc_2: 0.7946  Mult_acc_3: 0.6659  Mult_acc_5: 0.4006  F1_score: 0.7974  MAE: 0.3910  Corr: 0.6789  clm loss: 3.2437 total loss: 5.0897 bn loss: 0.4652 av loss: 0.4675 text loss: 0.5067
2025-12-24 20:25:27,957 - MMSA [INFO] - VAL-(msalm) >>  Mult_acc_2: 0.7610  Mult_acc_3: 0.6491  Mult_acc_5: 0.3794  F1_score: 0.7602  MAE: 0.4118  Corr: 0.6229  Loss: 0.4532 
2025-12-24 20:25:33,974 - MMSA [INFO] - TRAIN-(msalm) [4/14/4] >> loss: 0.3919  Mult_acc_2: 0.8004  Mult_acc_3: 0.6937  Mult_acc_5: 0.4101  F1_score: 0.8029  MAE: 0.3734  Corr: 0.7089  clm loss: 3.166 total loss: 4.9916 bn loss: 0.4528 av loss: 0.4634 text loss: 0.5175
2025-12-24 20:25:35,556 - MMSA [INFO] - VAL-(msalm) >>  Mult_acc_2: 0.7412  Mult_acc_3: 0.6513  Mult_acc_5: 0.4211  F1_score: 0.7461  MAE: 0.4056  Corr: 0.6323  Loss: 0.4386 
2025-12-24 20:25:42,755 - MMSA [INFO] - TRAIN-(msalm) [1/15/4] >> loss: 0.401  Mult_acc_2: 0.7873  Mult_acc_3: 0.6769  Mult_acc_5: 0.4094  F1_score: 0.7897  MAE: 0.3854  Corr: 0.6871  clm loss: 3.1616 total loss: 4.9701 bn loss: 0.4543 av loss: 0.467 text loss: 0.4861
2025-12-24 20:25:44,331 - MMSA [INFO] - VAL-(msalm) >>  Mult_acc_2: 0.7215  Mult_acc_3: 0.6272  Mult_acc_5: 0.3904  F1_score: 0.7307  MAE: 0.4065  Corr: 0.6411  Loss: 0.4212 
2025-12-24 20:25:51,295 - MMSA [INFO] - TRAIN-(msalm) [1/16/4] >> loss: 0.3866  Mult_acc_2: 0.7917  Mult_acc_3: 0.6806  Mult_acc_5: 0.3984  F1_score: 0.7947  MAE: 0.3705  Corr: 0.7143  clm loss: 3.1506 total loss: 4.8986 bn loss: 0.4319 av loss: 0.4557 text loss: 0.4737
2025-12-24 20:25:52,885 - MMSA [INFO] - VAL-(msalm) >>  Mult_acc_2: 0.7390  Mult_acc_3: 0.6316  Mult_acc_5: 0.3969  F1_score: 0.7460  MAE: 0.3997  Corr: 0.6452  Loss: 0.4223 
2025-12-24 20:25:58,904 - MMSA [INFO] - TRAIN-(msalm) [2/17/4] >> loss: 0.3795  Mult_acc_2: 0.7946  Mult_acc_3: 0.6937  Mult_acc_5: 0.4225  F1_score: 0.7982  MAE: 0.3648  Corr: 0.7223  clm loss: 3.1296 total loss: 4.8563 bn loss: 0.4197 av loss: 0.4566 text loss: 0.4709
2025-12-24 20:26:00,496 - MMSA [INFO] - VAL-(msalm) >>  Mult_acc_2: 0.7763  Mult_acc_3: 0.6447  Mult_acc_5: 0.4167  F1_score: 0.7772  MAE: 0.3911  Corr: 0.6528  Loss: 0.4326 
2025-12-24 20:26:06,482 - MMSA [INFO] - TRAIN-(msalm) [3/18/4] >> loss: 0.3625  Mult_acc_2: 0.8121  Mult_acc_3: 0.7156  Mult_acc_5: 0.4466  F1_score: 0.8153  MAE: 0.3461  Corr: 0.7498  clm loss: 3.0964 total loss: 4.7969 bn loss: 0.4159 av loss: 0.4574 text loss: 0.4648
2025-12-24 20:26:08,066 - MMSA [INFO] - VAL-(msalm) >>  Mult_acc_2: 0.7566  Mult_acc_3: 0.6425  Mult_acc_5: 0.4013  F1_score: 0.7625  MAE: 0.3917  Corr: 0.6556  Loss: 0.4223 
2025-12-24 20:26:14,061 - MMSA [INFO] - TRAIN-(msalm) [4/19/4] >> loss: 0.3581  Mult_acc_2: 0.8085  Mult_acc_3: 0.7171  Mult_acc_5: 0.4459  F1_score: 0.8112  MAE: 0.3458  Corr: 0.7567  clm loss: 3.0792 total loss: 4.7945 bn loss: 0.4147 av loss: 0.4669 text loss: 0.4757
2025-12-24 20:26:15,634 - MMSA [INFO] - VAL-(msalm) >>  Mult_acc_2: 0.7719  Mult_acc_3: 0.6557  Mult_acc_5: 0.4211  F1_score: 0.7744  MAE: 0.3879  Corr: 0.6647  Loss: 0.4072 
2025-12-24 20:26:22,588 - MMSA [INFO] - TRAIN-(msalm) [1/20/4] >> loss: 0.3622  Mult_acc_2: 0.8151  Mult_acc_3: 0.7032  Mult_acc_5: 0.4364  F1_score: 0.8171  MAE: 0.3461  Corr: 0.7526  clm loss: 3.0557 total loss: 4.7664 bn loss: 0.4119 av loss: 0.4595 text loss: 0.4772
2025-12-24 20:26:24,164 - MMSA [INFO] - VAL-(msalm) >>  Mult_acc_2: 0.7829  Mult_acc_3: 0.6689  Mult_acc_5: 0.4298  F1_score: 0.7865  MAE: 0.3847  Corr: 0.6711  Loss: 0.4108 
2025-12-24 20:26:30,145 - MMSA [INFO] - TRAIN-(msalm) [2/21/4] >> loss: 0.3423  Mult_acc_2: 0.8304  Mult_acc_3: 0.7281  Mult_acc_5: 0.4591  F1_score: 0.8328  MAE: 0.3286  Corr: 0.7782  clm loss: 2.9938 total loss: 4.6587 bn loss: 0.3976 av loss: 0.4643 text loss: 0.4607
2025-12-24 20:26:31,846 - MMSA [INFO] - VAL-(msalm) >>  Mult_acc_2: 0.7895  Mult_acc_3: 0.6667  Mult_acc_5: 0.4276  F1_score: 0.7921  MAE: 0.3863  Corr: 0.6735  Loss: 0.4086 
2025-12-24 20:26:37,864 - MMSA [INFO] - TRAIN-(msalm) [3/22/4] >> loss: 0.3351  Mult_acc_2: 0.8260  Mult_acc_3: 0.7463  Mult_acc_5: 0.4810  F1_score: 0.8294  MAE: 0.3227  Corr: 0.7837  clm loss: 3.0435 total loss: 4.6621 bn loss: 0.3708 av loss: 0.4617 text loss: 0.451
2025-12-24 20:26:39,447 - MMSA [INFO] - VAL-(msalm) >>  Mult_acc_2: 0.7829  Mult_acc_3: 0.6601  Mult_acc_5: 0.4276  F1_score: 0.7887  MAE: 0.3857  Corr: 0.6694  Loss: 0.4247 
2025-12-24 20:26:45,456 - MMSA [INFO] - TRAIN-(msalm) [4/23/4] >> loss: 0.3369  Mult_acc_2: 0.8275  Mult_acc_3: 0.7427  Mult_acc_5: 0.4978  F1_score: 0.8311  MAE: 0.3156  Corr: 0.7846  clm loss: 3.0 total loss: 4.6113 bn loss: 0.3743 av loss: 0.4532 text loss: 0.4469
2025-12-24 20:26:47,046 - MMSA [INFO] - VAL-(msalm) >>  Mult_acc_2: 0.7873  Mult_acc_3: 0.6623  Mult_acc_5: 0.4342  F1_score: 0.7911  MAE: 0.3860  Corr: 0.6684  Loss: 0.4103 
2025-12-24 20:26:53,059 - MMSA [INFO] - TRAIN-(msalm) [5/24/4] >> loss: 0.3193  Mult_acc_2: 0.8385  Mult_acc_3: 0.7478  Mult_acc_5: 0.4956  F1_score: 0.8409  MAE: 0.3058  Corr: 0.8030  clm loss: 2.9562 total loss: 4.5164 bn loss: 0.3581 av loss: 0.4503 text loss: 0.4326
2025-12-24 20:26:54,666 - MMSA [INFO] - VAL-(msalm) >>  Mult_acc_2: 0.7917  Mult_acc_3: 0.6667  Mult_acc_5: 0.4057  F1_score: 0.7954  MAE: 0.3912  Corr: 0.6708  Loss: 0.4108 
2025-12-24 20:27:00,664 - MMSA [INFO] - TRAIN-(msalm) [6/25/4] >> loss: 0.3228  Mult_acc_2: 0.8458  Mult_acc_3: 0.7471  Mult_acc_5: 0.4890  F1_score: 0.8479  MAE: 0.3111  Corr: 0.8034  clm loss: 2.932 total loss: 4.4731 bn loss: 0.3557 av loss: 0.4526 text loss: 0.4101
2025-12-24 20:27:02,240 - MMSA [INFO] - VAL-(msalm) >>  Mult_acc_2: 0.7873  Mult_acc_3: 0.6820  Mult_acc_5: 0.4232  F1_score: 0.7901  MAE: 0.3832  Corr: 0.6762  Loss: 0.4042 
2025-12-24 20:27:09,157 - MMSA [INFO] - TRAIN-(msalm) [1/26/4] >> loss: 0.3076  Mult_acc_2: 0.8297  Mult_acc_3: 0.7507  Mult_acc_5: 0.5146  F1_score: 0.8335  MAE: 0.2936  Corr: 0.8143  clm loss: 2.9308 total loss: 4.4486 bn loss: 0.3529 av loss: 0.4533 text loss: 0.404
2025-12-24 20:27:10,754 - MMSA [INFO] - VAL-(msalm) >>  Mult_acc_2: 0.7917  Mult_acc_3: 0.6645  Mult_acc_5: 0.4035  F1_score: 0.7951  MAE: 0.3855  Corr: 0.6755  Loss: 0.4177 
2025-12-24 20:27:16,744 - MMSA [INFO] - TRAIN-(msalm) [2/27/4] >> loss: 0.312  Mult_acc_2: 0.8377  Mult_acc_3: 0.7449  Mult_acc_5: 0.5322  F1_score: 0.8409  MAE: 0.2944  Corr: 0.8132  clm loss: 2.888 total loss: 4.4158 bn loss: 0.3493 av loss: 0.4574 text loss: 0.4092
2025-12-24 20:27:18,341 - MMSA [INFO] - VAL-(msalm) >>  Mult_acc_2: 0.7654  Mult_acc_3: 0.6535  Mult_acc_5: 0.4232  F1_score: 0.7734  MAE: 0.3955  Corr: 0.6694  Loss: 0.4342 
2025-12-24 20:27:24,316 - MMSA [INFO] - TRAIN-(msalm) [3/28/4] >> loss: 0.2983  Mult_acc_2: 0.8582  Mult_acc_3: 0.7654  Mult_acc_5: 0.5387  F1_score: 0.8605  MAE: 0.2845  Corr: 0.8261  clm loss: 2.8552 total loss: 4.3371 bn loss: 0.3359 av loss: 0.453 text loss: 0.3948
2025-12-24 20:27:25,908 - MMSA [INFO] - VAL-(msalm) >>  Mult_acc_2: 0.7763  Mult_acc_3: 0.6667  Mult_acc_5: 0.4167  F1_score: 0.7824  MAE: 0.3893  Corr: 0.6710  Loss: 0.4109 
2025-12-24 20:27:32,093 - MMSA [INFO] - TRAIN-(msalm) [4/29/4] >> loss: 0.2842  Mult_acc_2: 0.8414  Mult_acc_3: 0.7712  Mult_acc_5: 0.5548  F1_score: 0.8452  MAE: 0.2725  Corr: 0.8397  clm loss: 2.8498 total loss: 4.2959 bn loss: 0.3369 av loss: 0.4426 text loss: 0.3824
2025-12-24 20:27:33,682 - MMSA [INFO] - VAL-(msalm) >>  Mult_acc_2: 0.7917  Mult_acc_3: 0.6842  Mult_acc_5: 0.4276  F1_score: 0.7972  MAE: 0.3862  Corr: 0.6722  Loss: 0.4087 
2025-12-24 20:27:39,662 - MMSA [INFO] - TRAIN-(msalm) [5/30/4] >> loss: 0.2925  Mult_acc_2: 0.8428  Mult_acc_3: 0.7668  Mult_acc_5: 0.5497  F1_score: 0.8462  MAE: 0.2744  Corr: 0.8343  clm loss: 2.8332 total loss: 4.3023 bn loss: 0.3273 av loss: 0.459 text loss: 0.3903
2025-12-24 20:27:41,241 - MMSA [INFO] - VAL-(msalm) >>  Mult_acc_2: 0.7917  Mult_acc_3: 0.6754  Mult_acc_5: 0.4276  F1_score: 0.7980  MAE: 0.3876  Corr: 0.6773  Loss: 0.4141 
2025-12-24 20:27:47,237 - MMSA [INFO] - TRAIN-(msalm) [6/31/4] >> loss: 0.2784  Mult_acc_2: 0.8450  Mult_acc_3: 0.7734  Mult_acc_5: 0.5541  F1_score: 0.8482  MAE: 0.2620  Corr: 0.8526  clm loss: 2.8067 total loss: 4.2297 bn loss: 0.3118 av loss: 0.4504 text loss: 0.3823
2025-12-24 20:27:48,836 - MMSA [INFO] - VAL-(msalm) >>  Mult_acc_2: 0.7697  Mult_acc_3: 0.6623  Mult_acc_5: 0.4013  F1_score: 0.7777  MAE: 0.4035  Corr: 0.6628  Loss: 0.4228 
2025-12-24 20:27:54,827 - MMSA [INFO] - TRAIN-(msalm) [7/32/4] >> loss: 0.2719  Mult_acc_2: 0.8531  Mult_acc_3: 0.7661  Mult_acc_5: 0.5563  F1_score: 0.8559  MAE: 0.2619  Corr: 0.8530  clm loss: 2.7666 total loss: 4.1633 bn loss: 0.3082 av loss: 0.4509 text loss: 0.3657
2025-12-24 20:27:56,409 - MMSA [INFO] - VAL-(msalm) >>  Mult_acc_2: 0.7741  Mult_acc_3: 0.6579  Mult_acc_5: 0.4057  F1_score: 0.7808  MAE: 0.3970  Corr: 0.6603  Loss: 0.4022 
2025-12-24 20:28:03,348 - MMSA [INFO] - TRAIN-(msalm) [1/33/4] >> loss: 0.2538  Mult_acc_2: 0.8487  Mult_acc_3: 0.7873  Mult_acc_5: 0.6045  F1_score: 0.8522  MAE: 0.2382  Corr: 0.8728  clm loss: 2.7382 total loss: 4.0997 bn loss: 0.2976 av loss: 0.4437 text loss: 0.3664
2025-12-24 20:28:04,942 - MMSA [INFO] - VAL-(msalm) >>  Mult_acc_2: 0.7741  Mult_acc_3: 0.6601  Mult_acc_5: 0.3947  F1_score: 0.7814  MAE: 0.4020  Corr: 0.6593  Loss: 0.4190 
2025-12-24 20:28:10,940 - MMSA [INFO] - TRAIN-(msalm) [2/34/4] >> loss: 0.2701  Mult_acc_2: 0.8677  Mult_acc_3: 0.7880  Mult_acc_5: 0.5680  F1_score: 0.8703  MAE: 0.2484  Corr: 0.8664  clm loss: 2.7326 total loss: 4.1272 bn loss: 0.3117 av loss: 0.448 text loss: 0.3647
2025-12-24 20:28:12,524 - MMSA [INFO] - VAL-(msalm) >>  Mult_acc_2: 0.7588  Mult_acc_3: 0.6623  Mult_acc_5: 0.4057  F1_score: 0.7667  MAE: 0.4025  Corr: 0.6609  Loss: 0.4168 
2025-12-24 20:28:18,532 - MMSA [INFO] - TRAIN-(msalm) [3/35/4] >> loss: 0.2487  Mult_acc_2: 0.8670  Mult_acc_3: 0.7909  Mult_acc_5: 0.5928  F1_score: 0.8694  MAE: 0.2309  Corr: 0.8819  clm loss: 2.6759 total loss: 3.99 bn loss: 0.2787 av loss: 0.4445 text loss: 0.3421
2025-12-24 20:28:20,123 - MMSA [INFO] - VAL-(msalm) >>  Mult_acc_2: 0.7675  Mult_acc_3: 0.6776  Mult_acc_5: 0.3947  F1_score: 0.7753  MAE: 0.3998  Corr: 0.6615  Loss: 0.4149 
2025-12-24 20:28:26,113 - MMSA [INFO] - TRAIN-(msalm) [4/36/4] >> loss: 0.2431  Mult_acc_2: 0.8670  Mult_acc_3: 0.8107  Mult_acc_5: 0.6023  F1_score: 0.8699  MAE: 0.2336  Corr: 0.8887  clm loss: 2.6612 total loss: 3.9637 bn loss: 0.2722 av loss: 0.4475 text loss: 0.3397
2025-12-24 20:28:27,964 - MMSA [INFO] - VAL-(msalm) >>  Mult_acc_2: 0.7719  Mult_acc_3: 0.6820  Mult_acc_5: 0.4167  F1_score: 0.7797  MAE: 0.3927  Corr: 0.6720  Loss: 0.3985 
2025-12-24 20:28:34,881 - MMSA [INFO] - TRAIN-(msalm) [1/37/4] >> loss: 0.2366  Mult_acc_2: 0.8677  Mult_acc_3: 0.8129  Mult_acc_5: 0.6235  F1_score: 0.8706  MAE: 0.2128  Corr: 0.8986  clm loss: 2.6693 total loss: 3.9613 bn loss: 0.2663 av loss: 0.4544 text loss: 0.3347
2025-12-24 20:28:36,463 - MMSA [INFO] - VAL-(msalm) >>  Mult_acc_2: 0.7785  Mult_acc_3: 0.6754  Mult_acc_5: 0.4079  F1_score: 0.7863  MAE: 0.3972  Corr: 0.6695  Loss: 0.3954 
2025-12-24 20:28:43,427 - MMSA [INFO] - TRAIN-(msalm) [1/38/4] >> loss: 0.2305  Mult_acc_2: 0.8677  Mult_acc_3: 0.7997  Mult_acc_5: 0.6155  F1_score: 0.8709  MAE: 0.2159  Corr: 0.9002  clm loss: 2.6218 total loss: 3.8924 bn loss: 0.2595 av loss: 0.4495 text loss: 0.331
2025-12-24 20:28:45,015 - MMSA [INFO] - VAL-(msalm) >>  Mult_acc_2: 0.7961  Mult_acc_3: 0.6798  Mult_acc_5: 0.4079  F1_score: 0.8003  MAE: 0.3971  Corr: 0.6618  Loss: 0.4098 
2025-12-24 20:28:50,990 - MMSA [INFO] - TRAIN-(msalm) [2/39/4] >> loss: 0.2329  Mult_acc_2: 0.8845  Mult_acc_3: 0.8136  Mult_acc_5: 0.6162  F1_score: 0.8868  MAE: 0.2195  Corr: 0.9011  clm loss: 2.608 total loss: 3.863 bn loss: 0.2521 av loss: 0.443 text loss: 0.3269
2025-12-24 20:28:52,655 - MMSA [INFO] - VAL-(msalm) >>  Mult_acc_2: 0.7829  Mult_acc_3: 0.6908  Mult_acc_5: 0.4145  F1_score: 0.7879  MAE: 0.3985  Corr: 0.6601  Loss: 0.4058 
2025-12-24 20:28:58,674 - MMSA [INFO] - TRAIN-(msalm) [3/40/4] >> loss: 0.2172  Mult_acc_2: 0.8582  Mult_acc_3: 0.8085  Mult_acc_5: 0.6513  F1_score: 0.8624  MAE: 0.2023  Corr: 0.9140  clm loss: 2.5739 total loss: 3.7835 bn loss: 0.2399 av loss: 0.4481 text loss: 0.3044
2025-12-24 20:29:00,265 - MMSA [INFO] - VAL-(msalm) >>  Mult_acc_2: 0.7829  Mult_acc_3: 0.6798  Mult_acc_5: 0.4167  F1_score: 0.7887  MAE: 0.3953  Corr: 0.6624  Loss: 0.4002 
2025-12-24 20:29:06,274 - MMSA [INFO] - TRAIN-(msalm) [4/41/4] >> loss: 0.2201  Mult_acc_2: 0.8735  Mult_acc_3: 0.8063  Mult_acc_5: 0.6338  F1_score: 0.8766  MAE: 0.1995  Corr: 0.9110  clm loss: 2.5639 total loss: 3.7829 bn loss: 0.2424 av loss: 0.4402 text loss: 0.3163
2025-12-24 20:29:07,855 - MMSA [INFO] - VAL-(msalm) >>  Mult_acc_2: 0.7829  Mult_acc_3: 0.6711  Mult_acc_5: 0.4211  F1_score: 0.7879  MAE: 0.4014  Corr: 0.6600  Loss: 0.4005 
2025-12-24 20:29:13,830 - MMSA [INFO] - TRAIN-(msalm) [5/42/4] >> loss: 0.2207  Mult_acc_2: 0.8918  Mult_acc_3: 0.8012  Mult_acc_5: 0.6250  F1_score: 0.8939  MAE: 0.2033  Corr: 0.9181  clm loss: 2.5075 total loss: 3.7096 bn loss: 0.2322 av loss: 0.441 text loss: 0.3082
2025-12-24 20:29:15,407 - MMSA [INFO] - VAL-(msalm) >>  Mult_acc_2: 0.7939  Mult_acc_3: 0.6886  Mult_acc_5: 0.4211  F1_score: 0.7977  MAE: 0.3964  Corr: 0.6650  Loss: 0.4071 
2025-12-24 20:29:21,395 - MMSA [INFO] - TRAIN-(msalm) [6/43/4] >> loss: 0.2149  Mult_acc_2: 0.8852  Mult_acc_3: 0.8202  Mult_acc_5: 0.6440  F1_score: 0.8877  MAE: 0.1968  Corr: 0.9159  clm loss: 2.4763 total loss: 3.6975 bn loss: 0.2276 av loss: 0.446 text loss: 0.3328
2025-12-24 20:29:23,169 - MMSA [INFO] - VAL-(msalm) >>  Mult_acc_2: 0.7807  Mult_acc_3: 0.6732  Mult_acc_5: 0.3991  F1_score: 0.7859  MAE: 0.3972  Corr: 0.6658  Loss: 0.4038 
2025-12-24 20:29:29,165 - MMSA [INFO] - TRAIN-(msalm) [7/44/4] >> loss: 0.2076  Mult_acc_2: 0.8889  Mult_acc_3: 0.8114  Mult_acc_5: 0.6469  F1_score: 0.8914  MAE: 0.1928  Corr: 0.9254  clm loss: 2.4743 total loss: 3.6744 bn loss: 0.2232 av loss: 0.4531 text loss: 0.3162
2025-12-24 20:29:30,936 - MMSA [INFO] - VAL-(msalm) >>  Mult_acc_2: 0.7763  Mult_acc_3: 0.6776  Mult_acc_5: 0.4013  F1_score: 0.7819  MAE: 0.3986  Corr: 0.6632  Loss: 0.4165 
2025-12-24 20:29:36,926 - MMSA [INFO] - TRAIN-(msalm) [8/45/4] >> loss: 0.2006  Mult_acc_2: 0.8699  Mult_acc_3: 0.8070  Mult_acc_5: 0.6557  F1_score: 0.8731  MAE: 0.1842  Corr: 0.9254  clm loss: 2.4597 total loss: 3.6428 bn loss: 0.2319 av loss: 0.4479 text loss: 0.3027
2025-12-24 20:29:38,593 - MMSA [INFO] - VAL-(msalm) >>  Mult_acc_2: 0.7741  Mult_acc_3: 0.6667  Mult_acc_5: 0.3947  F1_score: 0.7804  MAE: 0.3953  Corr: 0.6665  Loss: 0.3937 
2025-12-24 20:29:45,519 - MMSA [INFO] - TRAIN-(msalm) [1/46/4] >> loss: 0.1976  Mult_acc_2: 0.8874  Mult_acc_3: 0.8355  Mult_acc_5: 0.6725  F1_score: 0.8902  MAE: 0.1798  Corr: 0.9326  clm loss: 2.4253 total loss: 3.5586 bn loss: 0.2193 av loss: 0.4428 text loss: 0.2736
2025-12-24 20:29:47,090 - MMSA [INFO] - VAL-(msalm) >>  Mult_acc_2: 0.7829  Mult_acc_3: 0.6557  Mult_acc_5: 0.4013  F1_score: 0.7879  MAE: 0.3960  Corr: 0.6639  Loss: 0.4083 
2025-12-24 20:29:53,078 - MMSA [INFO] - TRAIN-(msalm) [2/47/4] >> loss: 0.1908  Mult_acc_2: 0.8787  Mult_acc_3: 0.8136  Mult_acc_5: 0.6608  F1_score: 0.8816  MAE: 0.1753  Corr: 0.9362  clm loss: 2.394 total loss: 3.5224 bn loss: 0.2077 av loss: 0.4419 text loss: 0.2881
2025-12-24 20:29:54,666 - MMSA [INFO] - VAL-(msalm) >>  Mult_acc_2: 0.7895  Mult_acc_3: 0.6623  Mult_acc_5: 0.3991  F1_score: 0.7947  MAE: 0.3942  Corr: 0.6685  Loss: 0.4053 
2025-12-24 20:30:00,685 - MMSA [INFO] - TRAIN-(msalm) [3/48/4] >> loss: 0.1958  Mult_acc_2: 0.8852  Mult_acc_3: 0.8246  Mult_acc_5: 0.6827  F1_score: 0.8878  MAE: 0.1807  Corr: 0.9307  clm loss: 2.3718 total loss: 3.4773 bn loss: 0.1988 av loss: 0.4386 text loss: 0.2723
2025-12-24 20:30:02,276 - MMSA [INFO] - VAL-(msalm) >>  Mult_acc_2: 0.7654  Mult_acc_3: 0.6601  Mult_acc_5: 0.3925  F1_score: 0.7727  MAE: 0.4028  Corr: 0.6697  Loss: 0.4072 
2025-12-24 20:30:08,263 - MMSA [INFO] - TRAIN-(msalm) [4/49/4] >> loss: 0.1879  Mult_acc_2: 0.8816  Mult_acc_3: 0.8341  Mult_acc_5: 0.6937  F1_score: 0.8845  MAE: 0.1738  Corr: 0.9386  clm loss: 2.3809 total loss: 3.4853 bn loss: 0.2009 av loss: 0.4393 text loss: 0.2763
2025-12-24 20:30:09,837 - MMSA [INFO] - VAL-(msalm) >>  Mult_acc_2: 0.7610  Mult_acc_3: 0.6623  Mult_acc_5: 0.3991  F1_score: 0.7681  MAE: 0.4048  Corr: 0.6672  Loss: 0.4035 
2025-12-24 20:30:15,833 - MMSA [INFO] - TRAIN-(msalm) [5/50/4] >> loss: 0.2022  Mult_acc_2: 0.8838  Mult_acc_3: 0.8289  Mult_acc_5: 0.6681  F1_score: 0.8867  MAE: 0.1861  Corr: 0.9264  clm loss: 2.3938 total loss: 3.5259 bn loss: 0.2038 av loss: 0.4474 text loss: 0.2787
2025-12-24 20:30:17,414 - MMSA [INFO] - VAL-(msalm) >>  Mult_acc_2: 0.7588  Mult_acc_3: 0.6623  Mult_acc_5: 0.4079  F1_score: 0.7667  MAE: 0.3975  Corr: 0.6721  Loss: 0.4020 
2025-12-24 20:30:23,563 - MMSA [INFO] - TRAIN-(msalm) [6/51/4] >> loss: 0.2013  Mult_acc_2: 0.8750  Mult_acc_3: 0.8268  Mult_acc_5: 0.6623  F1_score: 0.8783  MAE: 0.1835  Corr: 0.9300  clm loss: 2.3209 total loss: 3.4249 bn loss: 0.1954 av loss: 0.444 text loss: 0.2633
2025-12-24 20:30:25,159 - MMSA [INFO] - VAL-(msalm) >>  Mult_acc_2: 0.7675  Mult_acc_3: 0.6513  Mult_acc_5: 0.3925  F1_score: 0.7743  MAE: 0.3947  Corr: 0.6705  Loss: 0.4051 
2025-12-24 20:30:31,159 - MMSA [INFO] - TRAIN-(msalm) [7/52/4] >> loss: 0.1901  Mult_acc_2: 0.8750  Mult_acc_3: 0.8428  Mult_acc_5: 0.6864  F1_score: 0.8785  MAE: 0.1717  Corr: 0.9415  clm loss: 2.2991 total loss: 3.3727 bn loss: 0.1957 av loss: 0.4366 text loss: 0.2511
2025-12-24 20:30:32,745 - MMSA [INFO] - VAL-(msalm) >>  Mult_acc_2: 0.7610  Mult_acc_3: 0.6557  Mult_acc_5: 0.3969  F1_score: 0.7676  MAE: 0.3967  Corr: 0.6693  Loss: 0.3995 
2025-12-24 20:30:38,714 - MMSA [INFO] - TRAIN-(msalm) [8/53/4] >> loss: 0.1864  Mult_acc_2: 0.8801  Mult_acc_3: 0.8107  Mult_acc_5: 0.6681  F1_score: 0.8831  MAE: 0.1726  Corr: 0.9388  clm loss: 2.2611 total loss: 3.3541 bn loss: 0.19 av loss: 0.4496 text loss: 0.267
2025-12-24 20:30:40,293 - MMSA [INFO] - VAL-(msalm) >>  Mult_acc_2: 0.7741  Mult_acc_3: 0.6513  Mult_acc_5: 0.4057  F1_score: 0.7796  MAE: 0.3927  Corr: 0.6716  Loss: 0.3966 
2025-12-24 20:30:46,278 - MMSA [INFO] - TRAIN-(msalm) [9/54/4] >> loss: 0.1791  Mult_acc_2: 0.8889  Mult_acc_3: 0.8399  Mult_acc_5: 0.7135  F1_score: 0.8914  MAE: 0.1637  Corr: 0.9429  clm loss: 2.2625 total loss: 3.323 bn loss: 0.1815 av loss: 0.4393 text loss: 0.2607
2025-12-24 20:30:47,854 - MMSA [INFO] - VAL-(msalm) >>  Mult_acc_2: 0.7632  Mult_acc_3: 0.6557  Mult_acc_5: 0.3969  F1_score: 0.7701  MAE: 0.3956  Corr: 0.6722  Loss: 0.4005 
2025-12-24 20:30:53,825 - MMSA [INFO] - TRAIN-(msalm) [10/55/4] >> loss: 0.1675  Mult_acc_2: 0.8977  Mult_acc_3: 0.8363  Mult_acc_5: 0.7178  F1_score: 0.9003  MAE: 0.1532  Corr: 0.9519  clm loss: 2.2404 total loss: 3.2786 bn loss: 0.1787 av loss: 0.4367 text loss: 0.2553
2025-12-24 20:30:55,412 - MMSA [INFO] - VAL-(msalm) >>  Mult_acc_2: 0.7544  Mult_acc_3: 0.6667  Mult_acc_5: 0.4057  F1_score: 0.7616  MAE: 0.3966  Corr: 0.6730  Loss: 0.4103 
2025-12-24 20:30:57,417 - MMSA [INFO] - TEST-(msalm) >>  Mult_acc_2: 0.8074  Mult_acc_3: 0.7090  Mult_acc_5: 0.4551  F1_score: 0.8113  MAE: 0.3631  Corr: 0.7146  Loss: 0.3690 
2025-12-24 20:30:58,700 - MMSA [INFO] - Result for seed 1993: {'Mult_acc_2': 0.8074, 'Mult_acc_3': 0.709, 'Mult_acc_5': 0.4551, 'F1_score': 0.8113, 'MAE': 0.3631, 'Corr': 0.7146, 'Loss': 0.369, 'seed': 1993}
2025-12-24 20:30:58,701 - MMSA [INFO] - ------------------------------ Running with seed 1994 [5/5] ------------------------------
2025-12-24 20:32:12,518 - MMSA [INFO] - The model has 143934517 trainable parameters
2025-12-24 20:32:18,525 - MMSA [INFO] - TRAIN-(msalm) [1/1/5] >> loss: 0.64  Mult_acc_2: 0.5811  Mult_acc_3: 0.4211  Mult_acc_5: 0.2018  F1_score: 0.5874  MAE: 0.6394  Corr: 0.0115  clm loss: 7.5566 total loss: 10.9103 bn loss: 0.9072 av loss: 0.8311 text loss: 0.9753
2025-12-24 20:32:20,172 - MMSA [INFO] - VAL-(msalm) >>  Mult_acc_2: 0.6842  Mult_acc_3: 0.4759  Mult_acc_5: 0.2105  F1_score: 0.6713  MAE: 0.5798  Corr: 0.2099  Loss: 0.5776 
2025-12-24 20:32:27,203 - MMSA [INFO] - TRAIN-(msalm) [1/2/5] >> loss: 0.5708  Mult_acc_2: 0.6440  Mult_acc_3: 0.5073  Mult_acc_5: 0.2222  F1_score: 0.6505  MAE: 0.5691  Corr: 0.2958  clm loss: 6.2571 total loss: 9.0737 bn loss: 0.7049 av loss: 0.7313 text loss: 0.8095
2025-12-24 20:32:28,789 - MMSA [INFO] - VAL-(msalm) >>  Mult_acc_2: 0.7368  Mult_acc_3: 0.5855  Mult_acc_5: 0.2654  F1_score: 0.7083  MAE: 0.5305  Corr: 0.3873  Loss: 0.5342 
2025-12-24 20:32:35,740 - MMSA [INFO] - TRAIN-(msalm) [1/3/5] >> loss: 0.5395  Mult_acc_2: 0.6747  Mult_acc_3: 0.5563  Mult_acc_5: 0.2734  F1_score: 0.6819  MAE: 0.5302  Corr: 0.4134  clm loss: 5.0881 total loss: 7.6154 bn loss: 0.6225 av loss: 0.6826 text loss: 0.6827
2025-12-24 20:32:37,325 - MMSA [INFO] - VAL-(msalm) >>  Mult_acc_2: 0.6864  Mult_acc_3: 0.5307  Mult_acc_5: 0.2237  F1_score: 0.6944  MAE: 0.5270  Corr: 0.4539  Loss: 0.5267 
2025-12-24 20:32:44,275 - MMSA [INFO] - TRAIN-(msalm) [1/4/5] >> loss: 0.5231  Mult_acc_2: 0.7127  Mult_acc_3: 0.5797  Mult_acc_5: 0.2902  F1_score: 0.7176  MAE: 0.5109  Corr: 0.4626  clm loss: 4.3345 total loss: 6.7087 bn loss: 0.574 av loss: 0.6552 text loss: 0.6219
2025-12-24 20:32:45,884 - MMSA [INFO] - VAL-(msalm) >>  Mult_acc_2: 0.6272  Mult_acc_3: 0.5219  Mult_acc_5: 0.2325  F1_score: 0.6417  MAE: 0.5353  Corr: 0.4612  Loss: 0.5399 
2025-12-24 20:32:51,855 - MMSA [INFO] - TRAIN-(msalm) [2/5/5] >> loss: 0.4958  Mult_acc_2: 0.7317  Mult_acc_3: 0.5958  Mult_acc_5: 0.3114  F1_score: 0.7349  MAE: 0.4833  Corr: 0.5205  clm loss: 3.9262 total loss: 6.1847 bn loss: 0.5368 av loss: 0.6325 text loss: 0.5934
2025-12-24 20:32:53,440 - MMSA [INFO] - VAL-(msalm) >>  Mult_acc_2: 0.7325  Mult_acc_3: 0.5746  Mult_acc_5: 0.2851  F1_score: 0.7358  MAE: 0.4847  Corr: 0.5247  Loss: 0.4859 
2025-12-24 20:33:00,395 - MMSA [INFO] - TRAIN-(msalm) [1/6/5] >> loss: 0.4839  Mult_acc_2: 0.7303  Mult_acc_3: 0.6045  Mult_acc_5: 0.3209  F1_score: 0.7337  MAE: 0.4718  Corr: 0.5365  clm loss: 3.7311 total loss: 5.9491 bn loss: 0.5245 av loss: 0.622 text loss: 0.5876
2025-12-24 20:33:01,982 - MMSA [INFO] - VAL-(msalm) >>  Mult_acc_2: 0.6776  Mult_acc_3: 0.5526  Mult_acc_5: 0.2522  F1_score: 0.6855  MAE: 0.5060  Corr: 0.4921  Loss: 0.5013 
2025-12-24 20:33:07,987 - MMSA [INFO] - TRAIN-(msalm) [2/7/5] >> loss: 0.4729  Mult_acc_2: 0.7427  Mult_acc_3: 0.6148  Mult_acc_5: 0.3282  F1_score: 0.7448  MAE: 0.4587  Corr: 0.5614  clm loss: 3.5483 total loss: 5.7213 bn loss: 0.5171 av loss: 0.6104 text loss: 0.5725
2025-12-24 20:33:09,579 - MMSA [INFO] - VAL-(msalm) >>  Mult_acc_2: 0.6908  Mult_acc_3: 0.5658  Mult_acc_5: 0.2719  F1_score: 0.6984  MAE: 0.4817  Corr: 0.5313  Loss: 0.4907 
2025-12-24 20:33:15,570 - MMSA [INFO] - TRAIN-(msalm) [3/8/5] >> loss: 0.4431  Mult_acc_2: 0.7697  Mult_acc_3: 0.6425  Mult_acc_5: 0.3560  F1_score: 0.7711  MAE: 0.4273  Corr: 0.6163  clm loss: 3.399 total loss: 5.5189 bn loss: 0.5125 av loss: 0.5966 text loss: 0.5676
2025-12-24 20:33:17,450 - MMSA [INFO] - VAL-(msalm) >>  Mult_acc_2: 0.7281  Mult_acc_3: 0.5789  Mult_acc_5: 0.3092  F1_score: 0.7263  MAE: 0.4605  Corr: 0.5513  Loss: 0.4779 
2025-12-24 20:33:24,391 - MMSA [INFO] - TRAIN-(msalm) [1/9/5] >> loss: 0.4503  Mult_acc_2: 0.7749  Mult_acc_3: 0.6520  Mult_acc_5: 0.3713  F1_score: 0.7763  MAE: 0.4291  Corr: 0.6133  clm loss: 3.3013 total loss: 5.4145 bn loss: 0.5049 av loss: 0.5875 text loss: 0.5705
2025-12-24 20:33:26,046 - MMSA [INFO] - VAL-(msalm) >>  Mult_acc_2: 0.7456  Mult_acc_3: 0.6096  Mult_acc_5: 0.3355  F1_score: 0.7360  MAE: 0.4555  Corr: 0.5612  Loss: 0.4595 
2025-12-24 20:33:32,997 - MMSA [INFO] - TRAIN-(msalm) [1/10/5] >> loss: 0.4366  Mult_acc_2: 0.7844  Mult_acc_3: 0.6535  Mult_acc_5: 0.3596  F1_score: 0.7849  MAE: 0.4169  Corr: 0.6445  clm loss: 3.3045 total loss: 5.381 bn loss: 0.5036 av loss: 0.5739 text loss: 0.5623
2025-12-24 20:33:34,564 - MMSA [INFO] - VAL-(msalm) >>  Mult_acc_2: 0.7237  Mult_acc_3: 0.6206  Mult_acc_5: 0.3421  F1_score: 0.7263  MAE: 0.4484  Corr: 0.5789  Loss: 0.4619 
2025-12-24 20:33:40,554 - MMSA [INFO] - TRAIN-(msalm) [2/11/5] >> loss: 0.4244  Mult_acc_2: 0.7675  Mult_acc_3: 0.6623  Mult_acc_5: 0.3750  F1_score: 0.7694  MAE: 0.4105  Corr: 0.6534  clm loss: 3.2617 total loss: 5.2627 bn loss: 0.4834 av loss: 0.56 text loss: 0.5331
2025-12-24 20:33:42,228 - MMSA [INFO] - VAL-(msalm) >>  Mult_acc_2: 0.7083  Mult_acc_3: 0.6294  Mult_acc_5: 0.3640  F1_score: 0.7175  MAE: 0.4521  Corr: 0.5885  Loss: 0.4603 
2025-12-24 20:33:48,233 - MMSA [INFO] - TRAIN-(msalm) [3/12/5] >> loss: 0.4228  Mult_acc_2: 0.7712  Mult_acc_3: 0.6528  Mult_acc_5: 0.3787  F1_score: 0.7726  MAE: 0.4068  Corr: 0.6560  clm loss: 3.2427 total loss: 5.1983 bn loss: 0.4786 av loss: 0.5485 text loss: 0.5057
2025-12-24 20:33:49,816 - MMSA [INFO] - VAL-(msalm) >>  Mult_acc_2: 0.7149  Mult_acc_3: 0.5943  Mult_acc_5: 0.3311  F1_score: 0.7220  MAE: 0.4496  Corr: 0.5847  Loss: 0.4562 
2025-12-24 20:33:56,772 - MMSA [INFO] - TRAIN-(msalm) [1/13/5] >> loss: 0.4111  Mult_acc_2: 0.7909  Mult_acc_3: 0.6769  Mult_acc_5: 0.3999  F1_score: 0.7930  MAE: 0.3925  Corr: 0.6716  clm loss: 3.1866 total loss: 5.0896 bn loss: 0.4677 av loss: 0.5284 text loss: 0.4959
2025-12-24 20:33:58,345 - MMSA [INFO] - VAL-(msalm) >>  Mult_acc_2: 0.7478  Mult_acc_3: 0.6250  Mult_acc_5: 0.3728  F1_score: 0.7495  MAE: 0.4247  Corr: 0.6120  Loss: 0.4495 
2025-12-24 20:34:05,289 - MMSA [INFO] - TRAIN-(msalm) [1/14/5] >> loss: 0.4036  Mult_acc_2: 0.7814  Mult_acc_3: 0.6791  Mult_acc_5: 0.3991  F1_score: 0.7849  MAE: 0.3907  Corr: 0.6794  clm loss: 3.1862 total loss: 5.0656 bn loss: 0.4612 av loss: 0.5155 text loss: 0.4991
2025-12-24 20:34:07,024 - MMSA [INFO] - VAL-(msalm) >>  Mult_acc_2: 0.7566  Mult_acc_3: 0.6360  Mult_acc_5: 0.3662  F1_score: 0.7548  MAE: 0.4224  Corr: 0.6194  Loss: 0.4418 
2025-12-24 20:34:13,986 - MMSA [INFO] - TRAIN-(msalm) [1/15/5] >> loss: 0.389  Mult_acc_2: 0.7982  Mult_acc_3: 0.6901  Mult_acc_5: 0.4159  F1_score: 0.8002  MAE: 0.3695  Corr: 0.7190  clm loss: 3.1493 total loss: 4.9606 bn loss: 0.4469 av loss: 0.4933 text loss: 0.4821
2025-12-24 20:34:15,585 - MMSA [INFO] - VAL-(msalm) >>  Mult_acc_2: 0.7303  Mult_acc_3: 0.6096  Mult_acc_5: 0.3465  F1_score: 0.7394  MAE: 0.4329  Corr: 0.6214  Loss: 0.4497 
2025-12-24 20:34:21,588 - MMSA [INFO] - TRAIN-(msalm) [2/16/5] >> loss: 0.39  Mult_acc_2: 0.7880  Mult_acc_3: 0.6827  Mult_acc_5: 0.4086  F1_score: 0.7912  MAE: 0.3733  Corr: 0.7115  clm loss: 3.1242 total loss: 4.9163 bn loss: 0.4449 av loss: 0.4859 text loss: 0.4713
2025-12-24 20:34:23,167 - MMSA [INFO] - VAL-(msalm) >>  Mult_acc_2: 0.7149  Mult_acc_3: 0.6140  Mult_acc_5: 0.3443  F1_score: 0.7262  MAE: 0.4344  Corr: 0.6552  Loss: 0.4527 
2025-12-24 20:34:29,141 - MMSA [INFO] - TRAIN-(msalm) [3/17/5] >> loss: 0.3809  Mult_acc_2: 0.8041  Mult_acc_3: 0.6996  Mult_acc_5: 0.4298  F1_score: 0.8061  MAE: 0.3662  Corr: 0.7132  clm loss: 3.0934 total loss: 4.8613 bn loss: 0.4382 av loss: 0.4747 text loss: 0.4741
2025-12-24 20:34:30,810 - MMSA [INFO] - VAL-(msalm) >>  Mult_acc_2: 0.7368  Mult_acc_3: 0.6250  Mult_acc_5: 0.3904  F1_score: 0.7462  MAE: 0.4112  Corr: 0.6637  Loss: 0.4299 
2025-12-24 20:34:37,762 - MMSA [INFO] - TRAIN-(msalm) [1/18/5] >> loss: 0.3764  Mult_acc_2: 0.8099  Mult_acc_3: 0.6981  Mult_acc_5: 0.4159  F1_score: 0.8122  MAE: 0.3625  Corr: 0.7297  clm loss: 3.0433 total loss: 4.769 bn loss: 0.4369 av loss: 0.4777 text loss: 0.4347
2025-12-24 20:34:39,335 - MMSA [INFO] - VAL-(msalm) >>  Mult_acc_2: 0.7610  Mult_acc_3: 0.6623  Mult_acc_5: 0.4232  F1_score: 0.7681  MAE: 0.3967  Corr: 0.6734  Loss: 0.4134 
2025-12-24 20:34:46,287 - MMSA [INFO] - TRAIN-(msalm) [1/19/5] >> loss: 0.3524  Mult_acc_2: 0.8260  Mult_acc_3: 0.7186  Mult_acc_5: 0.4569  F1_score: 0.8292  MAE: 0.3381  Corr: 0.7643  clm loss: 3.0726 total loss: 4.7691 bn loss: 0.413 av loss: 0.4722 text loss: 0.4588
2025-12-24 20:34:47,941 - MMSA [INFO] - VAL-(msalm) >>  Mult_acc_2: 0.7675  Mult_acc_3: 0.6535  Mult_acc_5: 0.4035  F1_score: 0.7716  MAE: 0.3953  Corr: 0.6670  Loss: 0.4150 
2025-12-24 20:34:53,946 - MMSA [INFO] - TRAIN-(msalm) [2/20/5] >> loss: 0.3526  Mult_acc_2: 0.8194  Mult_acc_3: 0.7186  Mult_acc_5: 0.4401  F1_score: 0.8222  MAE: 0.3396  Corr: 0.7663  clm loss: 3.0081 total loss: 4.6837 bn loss: 0.3951 av loss: 0.4704 text loss: 0.4575
2025-12-24 20:34:55,550 - MMSA [INFO] - VAL-(msalm) >>  Mult_acc_2: 0.7632  Mult_acc_3: 0.6513  Mult_acc_5: 0.4057  F1_score: 0.7672  MAE: 0.3948  Corr: 0.6654  Loss: 0.4143 
2025-12-24 20:35:01,697 - MMSA [INFO] - TRAIN-(msalm) [3/21/5] >> loss: 0.3483  Mult_acc_2: 0.8151  Mult_acc_3: 0.7295  Mult_acc_5: 0.4730  F1_score: 0.8173  MAE: 0.3340  Corr: 0.7700  clm loss: 2.9865 total loss: 4.6766 bn loss: 0.4042 av loss: 0.473 text loss: 0.4645
2025-12-24 20:35:03,334 - MMSA [INFO] - VAL-(msalm) >>  Mult_acc_2: 0.7829  Mult_acc_3: 0.6645  Mult_acc_5: 0.4276  F1_score: 0.7839  MAE: 0.3864  Corr: 0.6739  Loss: 0.4037 
2025-12-24 20:35:10,296 - MMSA [INFO] - TRAIN-(msalm) [1/22/5] >> loss: 0.3345  Mult_acc_2: 0.8319  Mult_acc_3: 0.7208  Mult_acc_5: 0.4671  F1_score: 0.8338  MAE: 0.3201  Corr: 0.7879  clm loss: 2.9759 total loss: 4.6147 bn loss: 0.3959 av loss: 0.4643 text loss: 0.444
2025-12-24 20:35:11,895 - MMSA [INFO] - VAL-(msalm) >>  Mult_acc_2: 0.7697  Mult_acc_3: 0.6820  Mult_acc_5: 0.4364  F1_score: 0.7761  MAE: 0.3879  Corr: 0.6766  Loss: 0.4087 
2025-12-24 20:35:17,898 - MMSA [INFO] - TRAIN-(msalm) [2/23/5] >> loss: 0.3209  Mult_acc_2: 0.8319  Mult_acc_3: 0.7368  Mult_acc_5: 0.4971  F1_score: 0.8341  MAE: 0.3062  Corr: 0.7984  clm loss: 2.9384 total loss: 4.5347 bn loss: 0.379 av loss: 0.4682 text loss: 0.4284
2025-12-24 20:35:19,483 - MMSA [INFO] - VAL-(msalm) >>  Mult_acc_2: 0.7697  Mult_acc_3: 0.6842  Mult_acc_5: 0.4211  F1_score: 0.7770  MAE: 0.3905  Corr: 0.6726  Loss: 0.4070 
2025-12-24 20:35:25,478 - MMSA [INFO] - TRAIN-(msalm) [3/24/5] >> loss: 0.3187  Mult_acc_2: 0.8458  Mult_acc_3: 0.7420  Mult_acc_5: 0.4934  F1_score: 0.8482  MAE: 0.3049  Corr: 0.8053  clm loss: 2.9213 total loss: 4.4856 bn loss: 0.3664 av loss: 0.4606 text loss: 0.4186
2025-12-24 20:35:27,078 - MMSA [INFO] - VAL-(msalm) >>  Mult_acc_2: 0.7741  Mult_acc_3: 0.6952  Mult_acc_5: 0.4320  F1_score: 0.7814  MAE: 0.3921  Corr: 0.6761  Loss: 0.4092 
2025-12-24 20:35:33,082 - MMSA [INFO] - TRAIN-(msalm) [4/25/5] >> loss: 0.3043  Mult_acc_2: 0.8458  Mult_acc_3: 0.7537  Mult_acc_5: 0.5285  F1_score: 0.8480  MAE: 0.2859  Corr: 0.8236  clm loss: 2.8854 total loss: 4.42 bn loss: 0.3544 av loss: 0.4615 text loss: 0.4143
2025-12-24 20:35:34,659 - MMSA [INFO] - VAL-(msalm) >>  Mult_acc_2: 0.7632  Mult_acc_3: 0.6886  Mult_acc_5: 0.4123  F1_score: 0.7712  MAE: 0.3951  Corr: 0.6801  Loss: 0.4233 
2025-12-24 20:35:40,639 - MMSA [INFO] - TRAIN-(msalm) [5/26/5] >> loss: 0.3067  Mult_acc_2: 0.8385  Mult_acc_3: 0.7420  Mult_acc_5: 0.5205  F1_score: 0.8410  MAE: 0.2906  Corr: 0.8121  clm loss: 2.8705 total loss: 4.3882 bn loss: 0.3454 av loss: 0.4552 text loss: 0.4104
2025-12-24 20:35:42,244 - MMSA [INFO] - VAL-(msalm) >>  Mult_acc_2: 0.7741  Mult_acc_3: 0.6689  Mult_acc_5: 0.3925  F1_score: 0.7796  MAE: 0.4037  Corr: 0.6653  Loss: 0.4144 
2025-12-24 20:35:48,232 - MMSA [INFO] - TRAIN-(msalm) [6/27/5] >> loss: 0.3059  Mult_acc_2: 0.8428  Mult_acc_3: 0.7471  Mult_acc_5: 0.5073  F1_score: 0.8456  MAE: 0.2940  Corr: 0.8227  clm loss: 2.8485 total loss: 4.3546 bn loss: 0.3394 av loss: 0.462 text loss: 0.3988
2025-12-24 20:35:49,815 - MMSA [INFO] - VAL-(msalm) >>  Mult_acc_2: 0.7807  Mult_acc_3: 0.6842  Mult_acc_5: 0.4189  F1_score: 0.7882  MAE: 0.3932  Corr: 0.6804  Loss: 0.4070 
2025-12-24 20:35:55,796 - MMSA [INFO] - TRAIN-(msalm) [7/28/5] >> loss: 0.2848  Mult_acc_2: 0.8428  Mult_acc_3: 0.7617  Mult_acc_5: 0.5329  F1_score: 0.8462  MAE: 0.2695  Corr: 0.8416  clm loss: 2.8102 total loss: 4.2668 bn loss: 0.3318 av loss: 0.4551 text loss: 0.385
2025-12-24 20:35:57,395 - MMSA [INFO] - VAL-(msalm) >>  Mult_acc_2: 0.7654  Mult_acc_3: 0.6798  Mult_acc_5: 0.4254  F1_score: 0.7734  MAE: 0.3901  Corr: 0.6790  Loss: 0.4201 
2025-12-24 20:36:03,553 - MMSA [INFO] - TRAIN-(msalm) [8/29/5] >> loss: 0.2864  Mult_acc_2: 0.8370  Mult_acc_3: 0.7639  Mult_acc_5: 0.5461  F1_score: 0.8407  MAE: 0.2707  Corr: 0.8406  clm loss: 2.7806 total loss: 4.2333 bn loss: 0.3311 av loss: 0.4543 text loss: 0.381
2025-12-24 20:36:05,134 - MMSA [INFO] - VAL-(msalm) >>  Mult_acc_2: 0.7763  Mult_acc_3: 0.6820  Mult_acc_5: 0.4167  F1_score: 0.7826  MAE: 0.3883  Corr: 0.6775  Loss: 0.4004 
2025-12-24 20:36:12,022 - MMSA [INFO] - TRAIN-(msalm) [1/30/5] >> loss: 0.2683  Mult_acc_2: 0.8538  Mult_acc_3: 0.7719  Mult_acc_5: 0.5599  F1_score: 0.8570  MAE: 0.2525  Corr: 0.8641  clm loss: 2.7477 total loss: 4.1654 bn loss: 0.3274 av loss: 0.4545 text loss: 0.3675
2025-12-24 20:36:13,612 - MMSA [INFO] - VAL-(msalm) >>  Mult_acc_2: 0.7851  Mult_acc_3: 0.6645  Mult_acc_5: 0.3882  F1_score: 0.7894  MAE: 0.3872  Corr: 0.6782  Loss: 0.4009 
2025-12-24 20:36:19,596 - MMSA [INFO] - TRAIN-(msalm) [2/31/5] >> loss: 0.2725  Mult_acc_2: 0.8567  Mult_acc_3: 0.7675  Mult_acc_5: 0.5753  F1_score: 0.8598  MAE: 0.2533  Corr: 0.8614  clm loss: 2.8018 total loss: 4.2081 bn loss: 0.3082 av loss: 0.4545 text loss: 0.3712
2025-12-24 20:36:21,185 - MMSA [INFO] - VAL-(msalm) >>  Mult_acc_2: 0.7785  Mult_acc_3: 0.6557  Mult_acc_5: 0.4101  F1_score: 0.7847  MAE: 0.3899  Corr: 0.6726  Loss: 0.4114 
2025-12-24 20:36:27,180 - MMSA [INFO] - TRAIN-(msalm) [3/32/5] >> loss: 0.2666  Mult_acc_2: 0.8626  Mult_acc_3: 0.7822  Mult_acc_5: 0.5709  F1_score: 0.8654  MAE: 0.2474  Corr: 0.8691  clm loss: 2.7189 total loss: 4.1271 bn loss: 0.3035 av loss: 0.4614 text loss: 0.3768
2025-12-24 20:36:28,773 - MMSA [INFO] - VAL-(msalm) >>  Mult_acc_2: 0.7675  Mult_acc_3: 0.6711  Mult_acc_5: 0.4057  F1_score: 0.7746  MAE: 0.3918  Corr: 0.6732  Loss: 0.3960 
2025-12-24 20:36:35,715 - MMSA [INFO] - TRAIN-(msalm) [1/33/5] >> loss: 0.2546  Mult_acc_2: 0.8611  Mult_acc_3: 0.7800  Mult_acc_5: 0.5906  F1_score: 0.8638  MAE: 0.2399  Corr: 0.8750  clm loss: 2.6831 total loss: 4.0462 bn loss: 0.2924 av loss: 0.4513 text loss: 0.3648
2025-12-24 20:36:37,360 - MMSA [INFO] - VAL-(msalm) >>  Mult_acc_2: 0.7697  Mult_acc_3: 0.6754  Mult_acc_5: 0.4211  F1_score: 0.7759  MAE: 0.3920  Corr: 0.6671  Loss: 0.4171 
2025-12-24 20:36:43,347 - MMSA [INFO] - TRAIN-(msalm) [2/34/5] >> loss: 0.2451  Mult_acc_2: 0.8721  Mult_acc_3: 0.8004  Mult_acc_5: 0.6016  F1_score: 0.8750  MAE: 0.2235  Corr: 0.8904  clm loss: 2.6668 total loss: 3.9882 bn loss: 0.2853 av loss: 0.4534 text loss: 0.3376
2025-12-24 20:36:44,944 - MMSA [INFO] - VAL-(msalm) >>  Mult_acc_2: 0.7807  Mult_acc_3: 0.6776  Mult_acc_5: 0.4364  F1_score: 0.7867  MAE: 0.3810  Corr: 0.6816  Loss: 0.4045 
2025-12-24 20:36:50,937 - MMSA [INFO] - TRAIN-(msalm) [3/35/5] >> loss: 0.2422  Mult_acc_2: 0.8655  Mult_acc_3: 0.7917  Mult_acc_5: 0.5936  F1_score: 0.8688  MAE: 0.2256  Corr: 0.8909  clm loss: 2.6351 total loss: 3.9431 bn loss: 0.2805 av loss: 0.4561 text loss: 0.3292
2025-12-24 20:36:52,727 - MMSA [INFO] - VAL-(msalm) >>  Mult_acc_2: 0.7829  Mult_acc_3: 0.6754  Mult_acc_5: 0.4386  F1_score: 0.7874  MAE: 0.3850  Corr: 0.6809  Loss: 0.3982 
2025-12-24 20:36:58,724 - MMSA [INFO] - TRAIN-(msalm) [4/36/5] >> loss: 0.2421  Mult_acc_2: 0.8735  Mult_acc_3: 0.8136  Mult_acc_5: 0.6148  F1_score: 0.8764  MAE: 0.2275  Corr: 0.8938  clm loss: 2.6237 total loss: 3.9237 bn loss: 0.281 av loss: 0.447 text loss: 0.33
2025-12-24 20:37:00,306 - MMSA [INFO] - VAL-(msalm) >>  Mult_acc_2: 0.7873  Mult_acc_3: 0.6820  Mult_acc_5: 0.4452  F1_score: 0.7920  MAE: 0.3784  Corr: 0.6821  Loss: 0.3961 
2025-12-24 20:37:06,283 - MMSA [INFO] - TRAIN-(msalm) [5/37/5] >> loss: 0.2352  Mult_acc_2: 0.8640  Mult_acc_3: 0.7939  Mult_acc_5: 0.6067  F1_score: 0.8670  MAE: 0.2174  Corr: 0.9009  clm loss: 2.5971 total loss: 3.8845 bn loss: 0.2779 av loss: 0.4521 text loss: 0.3222
2025-12-24 20:37:07,881 - MMSA [INFO] - VAL-(msalm) >>  Mult_acc_2: 0.7785  Mult_acc_3: 0.6579  Mult_acc_5: 0.4189  F1_score: 0.7825  MAE: 0.3881  Corr: 0.6669  Loss: 0.4026 
2025-12-24 20:37:13,877 - MMSA [INFO] - TRAIN-(msalm) [6/38/5] >> loss: 0.2175  Mult_acc_2: 0.8801  Mult_acc_3: 0.8056  Mult_acc_5: 0.6389  F1_score: 0.8829  MAE: 0.2017  Corr: 0.9134  clm loss: 2.5816 total loss: 3.8496 bn loss: 0.2815 av loss: 0.4473 text loss: 0.3217
2025-12-24 20:37:15,460 - MMSA [INFO] - VAL-(msalm) >>  Mult_acc_2: 0.7697  Mult_acc_3: 0.6579  Mult_acc_5: 0.4167  F1_score: 0.7761  MAE: 0.3909  Corr: 0.6730  Loss: 0.4007 
2025-12-24 20:37:21,479 - MMSA [INFO] - TRAIN-(msalm) [7/39/5] >> loss: 0.216  Mult_acc_2: 0.8808  Mult_acc_3: 0.8041  Mult_acc_5: 0.6389  F1_score: 0.8837  MAE: 0.2017  Corr: 0.9140  clm loss: 2.5335 total loss: 3.7712 bn loss: 0.2534 av loss: 0.4425 text loss: 0.3258
2025-12-24 20:37:23,090 - MMSA [INFO] - VAL-(msalm) >>  Mult_acc_2: 0.7478  Mult_acc_3: 0.6601  Mult_acc_5: 0.4232  F1_score: 0.7567  MAE: 0.3966  Corr: 0.6739  Loss: 0.4149 
2025-12-24 20:37:29,098 - MMSA [INFO] - TRAIN-(msalm) [8/40/5] >> loss: 0.2212  Mult_acc_2: 0.8765  Mult_acc_3: 0.8099  Mult_acc_5: 0.6418  F1_score: 0.8794  MAE: 0.2047  Corr: 0.9105  clm loss: 2.5354 total loss: 3.7693 bn loss: 0.2555 av loss: 0.4505 text loss: 0.3067
2025-12-24 20:37:30,671 - MMSA [INFO] - VAL-(msalm) >>  Mult_acc_2: 0.7456  Mult_acc_3: 0.6557  Mult_acc_5: 0.4298  F1_score: 0.7533  MAE: 0.4006  Corr: 0.6598  Loss: 0.4075 
2025-12-24 20:37:36,668 - MMSA [INFO] - TRAIN-(msalm) [9/41/5] >> loss: 0.2158  Mult_acc_2: 0.8765  Mult_acc_3: 0.8063  Mult_acc_5: 0.6294  F1_score: 0.8795  MAE: 0.2023  Corr: 0.9148  clm loss: 2.4838 total loss: 3.6996 bn loss: 0.2501 av loss: 0.4501 text loss: 0.2999
2025-12-24 20:37:38,317 - MMSA [INFO] - VAL-(msalm) >>  Mult_acc_2: 0.7566  Mult_acc_3: 0.6557  Mult_acc_5: 0.4211  F1_score: 0.7631  MAE: 0.3878  Corr: 0.6726  Loss: 0.3918 
2025-12-24 20:37:45,242 - MMSA [INFO] - TRAIN-(msalm) [1/42/5] >> loss: 0.2127  Mult_acc_2: 0.8692  Mult_acc_3: 0.8056  Mult_acc_5: 0.6462  F1_score: 0.8723  MAE: 0.1969  Corr: 0.9110  clm loss: 2.46 total loss: 3.6705 bn loss: 0.2464 av loss: 0.4494 text loss: 0.3019
2025-12-24 20:37:46,832 - MMSA [INFO] - VAL-(msalm) >>  Mult_acc_2: 0.7390  Mult_acc_3: 0.6601  Mult_acc_5: 0.4189  F1_score: 0.7487  MAE: 0.3981  Corr: 0.6747  Loss: 0.4133 
2025-12-24 20:37:52,998 - MMSA [INFO] - TRAIN-(msalm) [2/43/5] >> loss: 0.1983  Mult_acc_2: 0.8750  Mult_acc_3: 0.8231  Mult_acc_5: 0.6711  F1_score: 0.8782  MAE: 0.1844  Corr: 0.9283  clm loss: 2.4635 total loss: 3.6318 bn loss: 0.2334 av loss: 0.4512 text loss: 0.2854
2025-12-24 20:37:54,680 - MMSA [INFO] - VAL-(msalm) >>  Mult_acc_2: 0.7610  Mult_acc_3: 0.6557  Mult_acc_5: 0.4167  F1_score: 0.7676  MAE: 0.3872  Corr: 0.6719  Loss: 0.4011 
2025-12-24 20:38:00,678 - MMSA [INFO] - TRAIN-(msalm) [3/44/5] >> loss: 0.2092  Mult_acc_2: 0.8618  Mult_acc_3: 0.8099  Mult_acc_5: 0.6484  F1_score: 0.8656  MAE: 0.1917  Corr: 0.9248  clm loss: 2.4465 total loss: 3.6333 bn loss: 0.23 av loss: 0.4545 text loss: 0.2931
2025-12-24 20:38:02,258 - MMSA [INFO] - VAL-(msalm) >>  Mult_acc_2: 0.7456  Mult_acc_3: 0.6601  Mult_acc_5: 0.4320  F1_score: 0.7537  MAE: 0.3891  Corr: 0.6706  Loss: 0.3974 
2025-12-24 20:38:08,253 - MMSA [INFO] - TRAIN-(msalm) [4/45/5] >> loss: 0.1923  Mult_acc_2: 0.8882  Mult_acc_3: 0.8333  Mult_acc_5: 0.6886  F1_score: 0.8908  MAE: 0.1726  Corr: 0.9340  clm loss: 2.4127 total loss: 3.5568 bn loss: 0.2236 av loss: 0.45 text loss: 0.2781
2025-12-24 20:38:09,901 - MMSA [INFO] - VAL-(msalm) >>  Mult_acc_2: 0.7456  Mult_acc_3: 0.6557  Mult_acc_5: 0.4145  F1_score: 0.7541  MAE: 0.3922  Corr: 0.6743  Loss: 0.3992 
2025-12-24 20:38:15,883 - MMSA [INFO] - TRAIN-(msalm) [5/46/5] >> loss: 0.1953  Mult_acc_2: 0.8852  Mult_acc_3: 0.8194  Mult_acc_5: 0.6711  F1_score: 0.8881  MAE: 0.1766  Corr: 0.9347  clm loss: 2.3803 total loss: 3.5151 bn loss: 0.2195 av loss: 0.444 text loss: 0.276
2025-12-24 20:38:17,540 - MMSA [INFO] - VAL-(msalm) >>  Mult_acc_2: 0.7654  Mult_acc_3: 0.6601  Mult_acc_5: 0.4232  F1_score: 0.7723  MAE: 0.3861  Corr: 0.6816  Loss: 0.3946 
2025-12-24 20:38:23,534 - MMSA [INFO] - TRAIN-(msalm) [6/47/5] >> loss: 0.1712  Mult_acc_2: 0.8962  Mult_acc_3: 0.8428  Mult_acc_5: 0.7076  F1_score: 0.8987  MAE: 0.1583  Corr: 0.9487  clm loss: 2.3439 total loss: 3.4344 bn loss: 0.212 av loss: 0.4446 text loss: 0.2627
2025-12-24 20:38:25,128 - MMSA [INFO] - VAL-(msalm) >>  Mult_acc_2: 0.7654  Mult_acc_3: 0.6601  Mult_acc_5: 0.4167  F1_score: 0.7702  MAE: 0.3866  Corr: 0.6751  Loss: 0.3957 
2025-12-24 20:38:31,135 - MMSA [INFO] - TRAIN-(msalm) [7/48/5] >> loss: 0.1859  Mult_acc_2: 0.8860  Mult_acc_3: 0.8341  Mult_acc_5: 0.6784  F1_score: 0.8887  MAE: 0.1700  Corr: 0.9393  clm loss: 2.3185 total loss: 3.4337 bn loss: 0.2126 av loss: 0.4448 text loss: 0.2718
2025-12-24 20:38:32,807 - MMSA [INFO] - VAL-(msalm) >>  Mult_acc_2: 0.7544  Mult_acc_3: 0.6623  Mult_acc_5: 0.4189  F1_score: 0.7628  MAE: 0.3884  Corr: 0.6837  Loss: 0.3986 
2025-12-24 20:38:38,801 - MMSA [INFO] - TRAIN-(msalm) [8/49/5] >> loss: 0.1813  Mult_acc_2: 0.8911  Mult_acc_3: 0.8275  Mult_acc_5: 0.6981  F1_score: 0.8940  MAE: 0.1648  Corr: 0.9466  clm loss: 2.3043 total loss: 3.409 bn loss: 0.2051 av loss: 0.447 text loss: 0.2714
2025-12-24 20:38:40,394 - MMSA [INFO] - VAL-(msalm) >>  Mult_acc_2: 0.7500  Mult_acc_3: 0.6645  Mult_acc_5: 0.4276  F1_score: 0.7582  MAE: 0.3871  Corr: 0.6793  Loss: 0.4037 
2025-12-24 20:38:46,402 - MMSA [INFO] - TRAIN-(msalm) [9/50/5] >> loss: 0.1805  Mult_acc_2: 0.9006  Mult_acc_3: 0.8421  Mult_acc_5: 0.6981  F1_score: 0.9030  MAE: 0.1610  Corr: 0.9474  clm loss: 2.2922 total loss: 3.3861 bn loss: 0.1973 av loss: 0.4472 text loss: 0.2689
2025-12-24 20:38:48,265 - MMSA [INFO] - VAL-(msalm) >>  Mult_acc_2: 0.7456  Mult_acc_3: 0.6513  Mult_acc_5: 0.4101  F1_score: 0.7535  MAE: 0.3947  Corr: 0.6687  Loss: 0.3997 
2025-12-24 20:38:54,240 - MMSA [INFO] - TRAIN-(msalm) [10/51/5] >> loss: 0.174  Mult_acc_2: 0.8823  Mult_acc_3: 0.8297  Mult_acc_5: 0.7039  F1_score: 0.8857  MAE: 0.1568  Corr: 0.9484  clm loss: 2.2512 total loss: 3.3266 bn loss: 0.1986 av loss: 0.4416 text loss: 0.2613
2025-12-24 20:38:55,821 - MMSA [INFO] - VAL-(msalm) >>  Mult_acc_2: 0.7544  Mult_acc_3: 0.6601  Mult_acc_5: 0.4145  F1_score: 0.7608  MAE: 0.3855  Corr: 0.6737  Loss: 0.3868 
2025-12-24 20:39:02,728 - MMSA [INFO] - TRAIN-(msalm) [1/52/5] >> loss: 0.1786  Mult_acc_2: 0.8962  Mult_acc_3: 0.8348  Mult_acc_5: 0.7010  F1_score: 0.8988  MAE: 0.1555  Corr: 0.9478  clm loss: 2.2292 total loss: 3.3137 bn loss: 0.2014 av loss: 0.4478 text loss: 0.2567
2025-12-24 20:39:04,306 - MMSA [INFO] - VAL-(msalm) >>  Mult_acc_2: 0.7588  Mult_acc_3: 0.6535  Mult_acc_5: 0.4167  F1_score: 0.7653  MAE: 0.3842  Corr: 0.6764  Loss: 0.3925 
2025-12-24 20:39:10,286 - MMSA [INFO] - TRAIN-(msalm) [2/53/5] >> loss: 0.167  Mult_acc_2: 0.9020  Mult_acc_3: 0.8509  Mult_acc_5: 0.7383  F1_score: 0.9043  MAE: 0.1503  Corr: 0.9541  clm loss: 2.2056 total loss: 3.2606 bn loss: 0.1993 av loss: 0.442 text loss: 0.2467
2025-12-24 20:39:11,945 - MMSA [INFO] - VAL-(msalm) >>  Mult_acc_2: 0.7522  Mult_acc_3: 0.6623  Mult_acc_5: 0.4211  F1_score: 0.7604  MAE: 0.3786  Corr: 0.6920  Loss: 0.3870 
2025-12-24 20:39:17,948 - MMSA [INFO] - TRAIN-(msalm) [3/54/5] >> loss: 0.1645  Mult_acc_2: 0.8911  Mult_acc_3: 0.8501  Mult_acc_5: 0.7303  F1_score: 0.8940  MAE: 0.1495  Corr: 0.9543  clm loss: 2.1776 total loss: 3.2189 bn loss: 0.1895 av loss: 0.4377 text loss: 0.2496
2025-12-24 20:39:19,529 - MMSA [INFO] - VAL-(msalm) >>  Mult_acc_2: 0.7434  Mult_acc_3: 0.6425  Mult_acc_5: 0.4189  F1_score: 0.7524  MAE: 0.3922  Corr: 0.6787  Loss: 0.4025 
2025-12-24 20:39:25,512 - MMSA [INFO] - TRAIN-(msalm) [4/55/5] >> loss: 0.1645  Mult_acc_2: 0.8896  Mult_acc_3: 0.8428  Mult_acc_5: 0.7156  F1_score: 0.8925  MAE: 0.1501  Corr: 0.9555  clm loss: 2.1557 total loss: 3.1973 bn loss: 0.187 av loss: 0.4502 text loss: 0.2399
2025-12-24 20:39:27,092 - MMSA [INFO] - VAL-(msalm) >>  Mult_acc_2: 0.7500  Mult_acc_3: 0.6535  Mult_acc_5: 0.4320  F1_score: 0.7580  MAE: 0.3864  Corr: 0.6806  Loss: 0.3954 
2025-12-24 20:39:33,058 - MMSA [INFO] - TRAIN-(msalm) [5/56/5] >> loss: 0.1753  Mult_acc_2: 0.8904  Mult_acc_3: 0.8399  Mult_acc_5: 0.7076  F1_score: 0.8929  MAE: 0.1560  Corr: 0.9487  clm loss: 2.1416 total loss: 3.1815 bn loss: 0.1812 av loss: 0.4462 text loss: 0.2372
2025-12-24 20:39:34,642 - MMSA [INFO] - VAL-(msalm) >>  Mult_acc_2: 0.7522  Mult_acc_3: 0.6645  Mult_acc_5: 0.4298  F1_score: 0.7588  MAE: 0.3815  Corr: 0.6814  Loss: 0.3899 
2025-12-24 20:39:40,657 - MMSA [INFO] - TRAIN-(msalm) [6/57/5] >> loss: 0.1726  Mult_acc_2: 0.8918  Mult_acc_3: 0.8377  Mult_acc_5: 0.7127  F1_score: 0.8946  MAE: 0.1543  Corr: 0.9508  clm loss: 2.1586 total loss: 3.2035 bn loss: 0.1841 av loss: 0.4432 text loss: 0.245
2025-12-24 20:39:42,449 - MMSA [INFO] - VAL-(msalm) >>  Mult_acc_2: 0.7478  Mult_acc_3: 0.6513  Mult_acc_5: 0.4101  F1_score: 0.7565  MAE: 0.3931  Corr: 0.6823  Loss: 0.4000 
2025-12-24 20:39:48,721 - MMSA [INFO] - TRAIN-(msalm) [7/58/5] >> loss: 0.1522  Mult_acc_2: 0.9057  Mult_acc_3: 0.8531  Mult_acc_5: 0.7295  F1_score: 0.9082  MAE: 0.1374  Corr: 0.9611  clm loss: 2.1128 total loss: 3.1172 bn loss: 0.1781 av loss: 0.4395 text loss: 0.2346
2025-12-24 20:39:50,312 - MMSA [INFO] - VAL-(msalm) >>  Mult_acc_2: 0.7654  Mult_acc_3: 0.6645  Mult_acc_5: 0.4298  F1_score: 0.7702  MAE: 0.3773  Corr: 0.6868  Loss: 0.3838 
2025-12-24 20:39:57,231 - MMSA [INFO] - TRAIN-(msalm) [1/59/5] >> loss: 0.1647  Mult_acc_2: 0.8984  Mult_acc_3: 0.8399  Mult_acc_5: 0.7171  F1_score: 0.9009  MAE: 0.1507  Corr: 0.9569  clm loss: 2.0475 total loss: 3.0667 bn loss: 0.1743 av loss: 0.4446 text loss: 0.2358
2025-12-24 20:39:58,808 - MMSA [INFO] - VAL-(msalm) >>  Mult_acc_2: 0.7763  Mult_acc_3: 0.6601  Mult_acc_5: 0.4145  F1_score: 0.7792  MAE: 0.3848  Corr: 0.6805  Loss: 0.3923 
2025-12-24 20:40:04,781 - MMSA [INFO] - TRAIN-(msalm) [2/60/5] >> loss: 0.1508  Mult_acc_2: 0.8933  Mult_acc_3: 0.8567  Mult_acc_5: 0.7317  F1_score: 0.8962  MAE: 0.1380  Corr: 0.9623  clm loss: 2.0645 total loss: 3.0627 bn loss: 0.1732 av loss: 0.4452 text loss: 0.2291
2025-12-24 20:40:06,362 - MMSA [INFO] - VAL-(msalm) >>  Mult_acc_2: 0.7456  Mult_acc_3: 0.6513  Mult_acc_5: 0.4145  F1_score: 0.7530  MAE: 0.3885  Corr: 0.6767  Loss: 0.3891 
2025-12-24 20:40:12,353 - MMSA [INFO] - TRAIN-(msalm) [3/61/5] >> loss: 0.1607  Mult_acc_2: 0.8947  Mult_acc_3: 0.8545  Mult_acc_5: 0.7339  F1_score: 0.8978  MAE: 0.1424  Corr: 0.9579  clm loss: 2.059 total loss: 3.0735 bn loss: 0.1716 av loss: 0.4424 text loss: 0.2398
2025-12-24 20:40:13,922 - MMSA [INFO] - VAL-(msalm) >>  Mult_acc_2: 0.7522  Mult_acc_3: 0.6535  Mult_acc_5: 0.4145  F1_score: 0.7577  MAE: 0.3844  Corr: 0.6756  Loss: 0.3964 
2025-12-24 20:40:19,920 - MMSA [INFO] - TRAIN-(msalm) [4/62/5] >> loss: 0.1525  Mult_acc_2: 0.8867  Mult_acc_3: 0.8531  Mult_acc_5: 0.7522  F1_score: 0.8900  MAE: 0.1334  Corr: 0.9628  clm loss: 2.03 total loss: 3.0252 bn loss: 0.1748 av loss: 0.4378 text loss: 0.2302
2025-12-24 20:40:21,509 - MMSA [INFO] - VAL-(msalm) >>  Mult_acc_2: 0.7412  Mult_acc_3: 0.6491  Mult_acc_5: 0.4167  F1_score: 0.7499  MAE: 0.3905  Corr: 0.6823  Loss: 0.4040 
2025-12-24 20:40:27,505 - MMSA [INFO] - TRAIN-(msalm) [5/63/5] >> loss: 0.1555  Mult_acc_2: 0.9013  Mult_acc_3: 0.8501  Mult_acc_5: 0.7442  F1_score: 0.9039  MAE: 0.1352  Corr: 0.9621  clm loss: 2.0049 total loss: 2.9939 bn loss: 0.1777 av loss: 0.4381 text loss: 0.2178
2025-12-24 20:40:29,074 - MMSA [INFO] - VAL-(msalm) >>  Mult_acc_2: 0.7544  Mult_acc_3: 0.6711  Mult_acc_5: 0.4386  F1_score: 0.7608  MAE: 0.3767  Corr: 0.6891  Loss: 0.3812 
2025-12-24 20:40:36,003 - MMSA [INFO] - TRAIN-(msalm) [1/64/5] >> loss: 0.1631  Mult_acc_2: 0.8962  Mult_acc_3: 0.8509  Mult_acc_5: 0.7317  F1_score: 0.8990  MAE: 0.1444  Corr: 0.9573  clm loss: 2.0275 total loss: 3.0278 bn loss: 0.1736 av loss: 0.4414 text loss: 0.2221
2025-12-24 20:40:37,888 - MMSA [INFO] - VAL-(msalm) >>  Mult_acc_2: 0.7522  Mult_acc_3: 0.6557  Mult_acc_5: 0.4145  F1_score: 0.7588  MAE: 0.3859  Corr: 0.6850  Loss: 0.3892 
2025-12-24 20:40:43,887 - MMSA [INFO] - TRAIN-(msalm) [2/65/5] >> loss: 0.1596  Mult_acc_2: 0.8933  Mult_acc_3: 0.8480  Mult_acc_5: 0.7259  F1_score: 0.8958  MAE: 0.1464  Corr: 0.9575  clm loss: 1.9838 total loss: 2.9737 bn loss: 0.1753 av loss: 0.4439 text loss: 0.2112
2025-12-24 20:40:45,484 - MMSA [INFO] - VAL-(msalm) >>  Mult_acc_2: 0.7500  Mult_acc_3: 0.6557  Mult_acc_5: 0.4101  F1_score: 0.7560  MAE: 0.3865  Corr: 0.6791  Loss: 0.3858 
2025-12-24 20:40:51,468 - MMSA [INFO] - TRAIN-(msalm) [3/66/5] >> loss: 0.1577  Mult_acc_2: 0.9035  Mult_acc_3: 0.8677  Mult_acc_5: 0.7507  F1_score: 0.9060  MAE: 0.1430  Corr: 0.9570  clm loss: 1.9827 total loss: 2.9664 bn loss: 0.1722 av loss: 0.4382 text loss: 0.2155
2025-12-24 20:40:53,045 - MMSA [INFO] - VAL-(msalm) >>  Mult_acc_2: 0.7544  Mult_acc_3: 0.6382  Mult_acc_5: 0.3947  F1_score: 0.7624  MAE: 0.3928  Corr: 0.6825  Loss: 0.3965 
2025-12-24 20:40:59,040 - MMSA [INFO] - TRAIN-(msalm) [4/67/5] >> loss: 0.1538  Mult_acc_2: 0.8984  Mult_acc_3: 0.8560  Mult_acc_5: 0.7515  F1_score: 0.9012  MAE: 0.1355  Corr: 0.9607  clm loss: 1.9632 total loss: 2.9381 bn loss: 0.1681 av loss: 0.4435 text loss: 0.2094
2025-12-24 20:41:00,681 - MMSA [INFO] - VAL-(msalm) >>  Mult_acc_2: 0.7522  Mult_acc_3: 0.6667  Mult_acc_5: 0.4254  F1_score: 0.7585  MAE: 0.3790  Corr: 0.6874  Loss: 0.3802 
2025-12-24 20:41:07,631 - MMSA [INFO] - TRAIN-(msalm) [1/68/5] >> loss: 0.1464  Mult_acc_2: 0.8947  Mult_acc_3: 0.8589  Mult_acc_5: 0.7537  F1_score: 0.8977  MAE: 0.1291  Corr: 0.9663  clm loss: 1.9035 total loss: 2.8551 bn loss: 0.1616 av loss: 0.4351 text loss: 0.2085
2025-12-24 20:41:09,211 - MMSA [INFO] - VAL-(msalm) >>  Mult_acc_2: 0.7566  Mult_acc_3: 0.6645  Mult_acc_5: 0.4254  F1_score: 0.7631  MAE: 0.3785  Corr: 0.6886  Loss: 0.3894 
2025-12-24 20:41:15,179 - MMSA [INFO] - TRAIN-(msalm) [2/69/5] >> loss: 0.1486  Mult_acc_2: 0.8969  Mult_acc_3: 0.8523  Mult_acc_5: 0.7573  F1_score: 0.8999  MAE: 0.1327  Corr: 0.9642  clm loss: 1.9483 total loss: 2.9064 bn loss: 0.1631 av loss: 0.4351 text loss: 0.2114
2025-12-24 20:41:16,776 - MMSA [INFO] - VAL-(msalm) >>  Mult_acc_2: 0.7478  Mult_acc_3: 0.6535  Mult_acc_5: 0.4123  F1_score: 0.7559  MAE: 0.3865  Corr: 0.6913  Loss: 0.3888 
2025-12-24 20:41:22,770 - MMSA [INFO] - TRAIN-(msalm) [3/70/5] >> loss: 0.1512  Mult_acc_2: 0.8984  Mult_acc_3: 0.8626  Mult_acc_5: 0.7646  F1_score: 0.9011  MAE: 0.1370  Corr: 0.9632  clm loss: 1.9092 total loss: 2.8733 bn loss: 0.1596 av loss: 0.4357 text loss: 0.2176
2025-12-24 20:41:24,369 - MMSA [INFO] - VAL-(msalm) >>  Mult_acc_2: 0.7522  Mult_acc_3: 0.6425  Mult_acc_5: 0.3991  F1_score: 0.7600  MAE: 0.3873  Corr: 0.6889  Loss: 0.3992 
2025-12-24 20:41:30,371 - MMSA [INFO] - TRAIN-(msalm) [4/71/5] >> loss: 0.1405  Mult_acc_2: 0.8962  Mult_acc_3: 0.8626  Mult_acc_5: 0.7712  F1_score: 0.8993  MAE: 0.1252  Corr: 0.9680  clm loss: 1.911 total loss: 2.8786 bn loss: 0.1605 av loss: 0.4409 text loss: 0.2258
2025-12-24 20:41:31,973 - MMSA [INFO] - VAL-(msalm) >>  Mult_acc_2: 0.7522  Mult_acc_3: 0.6557  Mult_acc_5: 0.4189  F1_score: 0.7588  MAE: 0.3801  Corr: 0.6877  Loss: 0.3986 
2025-12-24 20:41:38,168 - MMSA [INFO] - TRAIN-(msalm) [5/72/5] >> loss: 0.1519  Mult_acc_2: 0.9050  Mult_acc_3: 0.8494  Mult_acc_5: 0.7493  F1_score: 0.9075  MAE: 0.1358  Corr: 0.9631  clm loss: 1.8721 total loss: 2.8374 bn loss: 0.1594 av loss: 0.4394 text loss: 0.2146
2025-12-24 20:41:39,738 - MMSA [INFO] - VAL-(msalm) >>  Mult_acc_2: 0.7544  Mult_acc_3: 0.6447  Mult_acc_5: 0.4013  F1_score: 0.7620  MAE: 0.3911  Corr: 0.6837  Loss: 0.4051 
2025-12-24 20:41:45,730 - MMSA [INFO] - TRAIN-(msalm) [6/73/5] >> loss: 0.1514  Mult_acc_2: 0.9072  Mult_acc_3: 0.8487  Mult_acc_5: 0.7332  F1_score: 0.9095  MAE: 0.1346  Corr: 0.9633  clm loss: 1.9151 total loss: 2.8998 bn loss: 0.1659 av loss: 0.4389 text loss: 0.2284
2025-12-24 20:41:47,318 - MMSA [INFO] - VAL-(msalm) >>  Mult_acc_2: 0.7478  Mult_acc_3: 0.6513  Mult_acc_5: 0.4232  F1_score: 0.7545  MAE: 0.3853  Corr: 0.6830  Loss: 0.3849 
2025-12-24 20:41:53,305 - MMSA [INFO] - TRAIN-(msalm) [7/74/5] >> loss: 0.1599  Mult_acc_2: 0.8991  Mult_acc_3: 0.8421  Mult_acc_5: 0.7237  F1_score: 0.9018  MAE: 0.1423  Corr: 0.9614  clm loss: 1.8787 total loss: 2.8514 bn loss: 0.1623 av loss: 0.4354 text loss: 0.2151
2025-12-24 20:41:54,882 - MMSA [INFO] - VAL-(msalm) >>  Mult_acc_2: 0.7456  Mult_acc_3: 0.6447  Mult_acc_5: 0.4057  F1_score: 0.7528  MAE: 0.3865  Corr: 0.6825  Loss: 0.3926 
2025-12-24 20:42:00,878 - MMSA [INFO] - TRAIN-(msalm) [8/75/5] >> loss: 0.1541  Mult_acc_2: 0.8904  Mult_acc_3: 0.8604  Mult_acc_5: 0.7449  F1_score: 0.8934  MAE: 0.1390  Corr: 0.9620  clm loss: 1.9019 total loss: 2.8697 bn loss: 0.1621 av loss: 0.4398 text loss: 0.2119
2025-12-24 20:42:02,467 - MMSA [INFO] - VAL-(msalm) >>  Mult_acc_2: 0.7478  Mult_acc_3: 0.6447  Mult_acc_5: 0.3991  F1_score: 0.7563  MAE: 0.3928  Corr: 0.6868  Loss: 0.3991 
2025-12-24 20:42:08,463 - MMSA [INFO] - TRAIN-(msalm) [9/76/5] >> loss: 0.1431  Mult_acc_2: 0.8962  Mult_acc_3: 0.8604  Mult_acc_5: 0.7602  F1_score: 0.8990  MAE: 0.1304  Corr: 0.9637  clm loss: 1.8781 total loss: 2.8332 bn loss: 0.1615 av loss: 0.4416 text loss: 0.2089
2025-12-24 20:42:10,047 - MMSA [INFO] - VAL-(msalm) >>  Mult_acc_2: 0.7500  Mult_acc_3: 0.6513  Mult_acc_5: 0.4079  F1_score: 0.7578  MAE: 0.3871  Corr: 0.6860  Loss: 0.4067 
2025-12-24 20:42:16,031 - MMSA [INFO] - TRAIN-(msalm) [10/77/5] >> loss: 0.1533  Mult_acc_2: 0.8947  Mult_acc_3: 0.8553  Mult_acc_5: 0.7310  F1_score: 0.8977  MAE: 0.1357  Corr: 0.9638  clm loss: 1.8601 total loss: 2.8116 bn loss: 0.1562 av loss: 0.4387 text loss: 0.2033
2025-12-24 20:42:17,682 - MMSA [INFO] - VAL-(msalm) >>  Mult_acc_2: 0.7522  Mult_acc_3: 0.6513  Mult_acc_5: 0.4079  F1_score: 0.7600  MAE: 0.3914  Corr: 0.6840  Loss: 0.3936 
2025-12-24 20:42:19,694 - MMSA [INFO] - TEST-(msalm) >>  Mult_acc_2: 0.8162  Mult_acc_3: 0.6805  Mult_acc_5: 0.4792  F1_score: 0.8191  MAE: 0.3627  Corr: 0.7038  Loss: 0.3649 
2025-12-24 20:42:20,985 - MMSA [INFO] - Result for seed 1994: {'Mult_acc_2': 0.8162, 'Mult_acc_3': 0.6805, 'Mult_acc_5': 0.4792, 'F1_score': 0.8191, 'MAE': 0.3627, 'Corr': 0.7038, 'Loss': 0.3649, 'seed': 1994}
2025-12-24 20:42:21,017 - MMSA [INFO] - Results saved to MMSA/results/deepmlf-reprod-sims-v2/deepmlf-reprod-sims-v2/normal/sims_avg.csv.
